ISO-10303-21;
HEADER;
/* Generated by software containing ST-Developer
 * from STEP Tools, Inc. (www.steptools.com) 
 */

FILE_DESCRIPTION(
/* description */ (''),
/* implementation_level */ '2;1');

FILE_NAME(
/* name */ 'sortify_base_cantilever.stp',
/* time_stamp */ '2026-09-20T03:29:09-04:00',
/* author */ ('zhiwe'),
/* organization */ (''),
/* preprocessor_version */ 'ST-DEVELOPER v20.2',
/* originating_system */ 'Autodesk Inventor 2027',
/* authorisation */ '');

FILE_SCHEMA (('AUTOMOTIVE_DESIGN { 1 0 10303 214 3 1 1 }'));
ENDSEC;

DATA;
#10=MECHANICAL_DESIGN_GEOMETRIC_PRESENTATION_REPRESENTATION('',(#13),#5594);
#11=SHAPE_REPRESENTATION_RELATIONSHIP('SRR','None',#5601,#12);
#12=ADVANCED_BREP_SHAPE_REPRESENTATION('',(#14),#5593);
#13=STYLED_ITEM('',(#5610),#14);
#14=MANIFOLD_SOLID_BREP('Solid1',#2761);
#15=CONICAL_SURFACE('',#2935,2.,0.785398163397449);
#16=CONICAL_SURFACE('',#2938,2.,0.78539816339745);
#17=CONICAL_SURFACE('',#2941,2.,0.785398163397451);
#18=CONICAL_SURFACE('',#2949,2.,0.785398163397456);
#19=CONICAL_SURFACE('',#2952,4.,0.785398163397451);
#20=CONICAL_SURFACE('',#2955,2.,0.785398163397451);
#21=CONICAL_SURFACE('',#2958,2.,0.785398163397451);
#22=CONICAL_SURFACE('',#2961,2.,0.785398163397454);
#23=CONICAL_SURFACE('',#2964,2.,0.785398163397451);
#24=CONICAL_SURFACE('',#2970,2.,0.785398163397446);
#25=CONICAL_SURFACE('',#2973,2.,0.785398163397448);
#26=CONICAL_SURFACE('',#2976,2.,0.785398163397448);
#27=CONICAL_SURFACE('',#2985,2.,0.785398163397451);
#28=CONICAL_SURFACE('',#2988,2.,0.785398163397451);
#29=CONICAL_SURFACE('',#2991,2.,0.785398163397449);
#30=CONICAL_SURFACE('',#2997,2.,0.785398163397453);
#31=CONICAL_SURFACE('',#3000,4.,0.785398163397448);
#32=CONICAL_SURFACE('',#3003,2.,0.785398163397448);
#33=(
BOUNDED_CURVE()
B_SPLINE_CURVE(2,(#4528,#4529,#4530),.UNSPECIFIED.,.F.,.F.)
B_SPLINE_CURVE_WITH_KNOTS((3,3),(0.350269473846175,0.700538947692351),
 .UNSPECIFIED.)
CURVE()
GEOMETRIC_REPRESENTATION_ITEM()
RATIONAL_B_SPLINE_CURVE((1.,1.41421356237302,1.))
REPRESENTATION_ITEM('')
);
#34=(
BOUNDED_CURVE()
B_SPLINE_CURVE(2,(#4537,#4538,#4539),.UNSPECIFIED.,.F.,.F.)
B_SPLINE_CURVE_WITH_KNOTS((3,3),(0.,0.350269473846176),.UNSPECIFIED.)
CURVE()
GEOMETRIC_REPRESENTATION_ITEM()
RATIONAL_B_SPLINE_CURVE((1.,1.41421356237299,1.))
REPRESENTATION_ITEM('')
);
#35=(
BOUNDED_CURVE()
B_SPLINE_CURVE(2,(#4542,#4543,#4544),.UNSPECIFIED.,.F.,.F.)
B_SPLINE_CURVE_WITH_KNOTS((3,3),(0.350269473846177,0.700538947692353),
 .UNSPECIFIED.)
CURVE()
GEOMETRIC_REPRESENTATION_ITEM()
RATIONAL_B_SPLINE_CURVE((1.,1.41421356237314,1.))
REPRESENTATION_ITEM('')
);
#36=(
BOUNDED_CURVE()
B_SPLINE_CURVE(2,(#4551,#4552,#4553),.UNSPECIFIED.,.F.,.F.)
B_SPLINE_CURVE_WITH_KNOTS((3,3),(0.,0.350269473846178),.UNSPECIFIED.)
CURVE()
GEOMETRIC_REPRESENTATION_ITEM()
RATIONAL_B_SPLINE_CURVE((1.,1.41421356237289,1.))
REPRESENTATION_ITEM('')
);
#37=TOROIDAL_SURFACE('',#2879,3.,2.);
#38=TOROIDAL_SURFACE('',#2884,3.,2.);
#39=TOROIDAL_SURFACE('',#2900,3.,2.);
#40=TOROIDAL_SURFACE('',#2905,3.,2.);
#41=B_SPLINE_SURFACE_WITH_KNOTS('',3,3,((#4291,#4292,#4293,#4294,#4295,
#4296),(#4297,#4298,#4299,#4300,#4301,#4302),(#4303,#4304,#4305,#4306,#4307,
#4308),(#4309,#4310,#4311,#4312,#4313,#4314),(#4315,#4316,#4317,#4318,#4319,
#4320)),.UNSPECIFIED.,.F.,.F.,.F.,(4,1,4),(4,1,1,4),(0.,0.571428571428571,
1.),(-1.5707963267949,-0.897597901025655,-0.448798950512828,0.),
 .UNSPECIFIED.);
#42=B_SPLINE_SURFACE_WITH_KNOTS('',3,3,((#4326,#4327,#4328,#4329,#4330,
#4331),(#4332,#4333,#4334,#4335,#4336,#4337),(#4338,#4339,#4340,#4341,#4342,
#4343),(#4344,#4345,#4346,#4347,#4348,#4349),(#4350,#4351,#4352,#4353,#4354,
#4355)),.UNSPECIFIED.,.F.,.F.,.F.,(4,1,4),(4,1,1,4),(0.,0.571428571428571,
1.),(-1.5707963267949,-0.897597901025655,-0.448798950512828,4.77048955893623E-17),
 .UNSPECIFIED.);
#43=B_SPLINE_SURFACE_WITH_KNOTS('',3,3,((#4394,#4395,#4396,#4397,#4398,
#4399),(#4400,#4401,#4402,#4403,#4404,#4405),(#4406,#4407,#4408,#4409,#4410,
#4411),(#4412,#4413,#4414,#4415,#4416,#4417),(#4418,#4419,#4420,#4421,#4422,
#4423)),.UNSPECIFIED.,.F.,.F.,.F.,(4,1,4),(4,1,1,4),(0.,0.571428571428571,
1.),(0.,0.448798950512828,0.673198425769241,1.5707963267949),
 .UNSPECIFIED.);
#44=B_SPLINE_SURFACE_WITH_KNOTS('',3,3,((#4429,#4430,#4431,#4432,#4433,
#4434),(#4435,#4436,#4437,#4438,#4439,#4440),(#4441,#4442,#4443,#4444,#4445,
#4446),(#4447,#4448,#4449,#4450,#4451,#4452),(#4453,#4454,#4455,#4456,#4457,
#4458)),.UNSPECIFIED.,.F.,.F.,.F.,(4,1,4),(4,1,1,4),(0.,0.571428571428571,
1.),(-6.93889390390723E-17,0.448798950512828,0.897597901025655,1.5707963267949),
 .UNSPECIFIED.);
#45=B_SPLINE_SURFACE_WITH_KNOTS('',3,3,((#4747,#4748,#4749,#4750,#4751,
#4752,#4753,#4754,#4755),(#4756,#4757,#4758,#4759,#4760,#4761,#4762,#4763,
#4764),(#4765,#4766,#4767,#4768,#4769,#4770,#4771,#4772,#4773),(#4774,#4775,
#4776,#4777,#4778,#4779,#4780,#4781,#4782),(#4783,#4784,#4785,#4786,#4787,
#4788,#4789,#4790,#4791),(#4792,#4793,#4794,#4795,#4796,#4797,#4798,#4799,
#4800),(#4801,#4802,#4803,#4804,#4805,#4806,#4807,#4808,#4809)),
 .UNSPECIFIED.,.F.,.F.,.F.,(4,1,1,1,4),(4,1,1,1,1,1,4),(0.,0.285714285714286,
0.571428571428571,0.785714285714286,1.),(-1.84309398694606E-16,0.112199737628207,
0.224399475256413,0.448798950512827,0.673198425769241,1.12199737628207,
1.5707963267949),.UNSPECIFIED.);
#46=B_SPLINE_SURFACE_WITH_KNOTS('',3,3,((#4821,#4822,#4823,#4824,#4825,
#4826,#4827),(#4828,#4829,#4830,#4831,#4832,#4833,#4834),(#4835,#4836,#4837,
#4838,#4839,#4840,#4841),(#4842,#4843,#4844,#4845,#4846,#4847,#4848),(#4849,
#4850,#4851,#4852,#4853,#4854,#4855),(#4856,#4857,#4858,#4859,#4860,#4861,
#4862)),.UNSPECIFIED.,.F.,.F.,.F.,(4,1,1,4),(4,1,1,1,4),(0.,0.285714285714286,
0.571428571428571,1.),(-1.15408546020299E-16,0.224399475256414,0.448798950512828,
0.673198425769241,1.5707963267949),.UNSPECIFIED.);
#47=B_SPLINE_SURFACE_WITH_KNOTS('',3,3,((#4875,#4876,#4877,#4878,#4879,
#4880),(#4881,#4882,#4883,#4884,#4885,#4886),(#4887,#4888,#4889,#4890,#4891,
#4892),(#4893,#4894,#4895,#4896,#4897,#4898),(#4899,#4900,#4901,#4902,#4903,
#4904)),.UNSPECIFIED.,.F.,.F.,.F.,(4,1,4),(4,1,1,4),(0.,0.571428571428571,
1.),(-1.5707963267949,-0.897597901025653,-0.448798950512824,4.47746804558338E-15),
 .UNSPECIFIED.);
#48=B_SPLINE_SURFACE_WITH_KNOTS('',3,3,((#4907,#4908,#4909,#4910,#4911,
#4912),(#4913,#4914,#4915,#4916,#4917,#4918),(#4919,#4920,#4921,#4922,#4923,
#4924),(#4925,#4926,#4927,#4928,#4929,#4930),(#4931,#4932,#4933,#4934,#4935,
#4936),(#4937,#4938,#4939,#4940,#4941,#4942)),.UNSPECIFIED.,.F.,.F.,.F.,
(4,1,1,4),(4,1,1,4),(0.,0.285714285714286,0.571428571428571,1.),(-1.5707963267949,
-0.897597901025655,-0.448798950512828,5.84279446623846E-17),
 .UNSPECIFIED.);
#49=B_SPLINE_SURFACE_WITH_KNOTS('',3,3,((#4954,#4955,#4956,#4957,#4958,
#4959),(#4960,#4961,#4962,#4963,#4964,#4965),(#4966,#4967,#4968,#4969,#4970,
#4971),(#4972,#4973,#4974,#4975,#4976,#4977),(#4978,#4979,#4980,#4981,#4982,
#4983),(#4984,#4985,#4986,#4987,#4988,#4989)),.UNSPECIFIED.,.F.,.F.,.F.,
(4,1,1,4),(4,1,1,4),(0.,0.285714285714286,0.571428571428571,1.),(-1.5707963267949,
-0.897597901025655,-0.448798950512828,5.55111512312578E-17),
 .UNSPECIFIED.);
#50=B_SPLINE_SURFACE_WITH_KNOTS('',3,3,((#5003,#5004,#5005,#5006,#5007,
#5008,#5009,#5010,#5011),(#5012,#5013,#5014,#5015,#5016,#5017,#5018,#5019,
#5020),(#5021,#5022,#5023,#5024,#5025,#5026,#5027,#5028,#5029),(#5030,#5031,
#5032,#5033,#5034,#5035,#5036,#5037,#5038),(#5039,#5040,#5041,#5042,#5043,
#5044,#5045,#5046,#5047),(#5048,#5049,#5050,#5051,#5052,#5053,#5054,#5055,
#5056),(#5057,#5058,#5059,#5060,#5061,#5062,#5063,#5064,#5065)),
 .UNSPECIFIED.,.F.,.F.,.F.,(4,1,1,1,4),(4,1,1,1,1,1,4),(0.,0.285714285714286,
0.571428571428571,0.785714285714286,1.),(-3.68411536986898E-31,0.112199737628207,
0.224399475256414,0.448798950512828,0.673198425769242,1.12199737628207,
1.5707963267949),.UNSPECIFIED.);
#51=B_SPLINE_SURFACE_WITH_KNOTS('',3,3,((#5073,#5074,#5075,#5076,#5077,
#5078),(#5079,#5080,#5081,#5082,#5083,#5084),(#5085,#5086,#5087,#5088,#5089,
#5090),(#5091,#5092,#5093,#5094,#5095,#5096),(#5097,#5098,#5099,#5100,#5101,
#5102)),.UNSPECIFIED.,.F.,.F.,.F.,(4,1,4),(4,1,1,4),(0.,0.571428571428571,
1.),(-2.09994898483608E-16,0.448798950512827,0.673198425769241,1.5707963267949),
 .UNSPECIFIED.);
#52=B_SPLINE_SURFACE_WITH_KNOTS('',3,3,((#5104,#5105,#5106,#5107,#5108,
#5109,#5110),(#5111,#5112,#5113,#5114,#5115,#5116,#5117),(#5118,#5119,#5120,
#5121,#5122,#5123,#5124),(#5125,#5126,#5127,#5128,#5129,#5130,#5131),(#5132,
#5133,#5134,#5135,#5136,#5137,#5138),(#5139,#5140,#5141,#5142,#5143,#5144,
#5145)),.UNSPECIFIED.,.F.,.F.,.F.,(4,1,1,4),(4,1,1,1,4),(0.,0.285714285714286,
0.571428571428571,1.),(-1.5707963267949,-0.897597901025655,-0.448798950512828,
-0.224399475256414,5.55111512312578E-17),.UNSPECIFIED.);
#53=B_SPLINE_SURFACE_WITH_KNOTS('',3,3,((#5194,#5195,#5196,#5197,#5198,
#5199),(#5200,#5201,#5202,#5203,#5204,#5205),(#5206,#5207,#5208,#5209,#5210,
#5211),(#5212,#5213,#5214,#5215,#5216,#5217),(#5218,#5219,#5220,#5221,#5222,
#5223),(#5224,#5225,#5226,#5227,#5228,#5229)),.UNSPECIFIED.,.F.,.F.,.F.,
(4,1,1,4),(4,1,1,4),(0.,0.285714285714286,0.571428571428571,1.),(1.80411241501588E-15,
0.224399475256415,0.673198425769242,1.5707963267949),.UNSPECIFIED.);
#54=B_SPLINE_SURFACE_WITH_KNOTS('',3,3,((#5232,#5233,#5234,#5235,#5236,
#5237),(#5238,#5239,#5240,#5241,#5242,#5243),(#5244,#5245,#5246,#5247,#5248,
#5249),(#5250,#5251,#5252,#5253,#5254,#5255),(#5256,#5257,#5258,#5259,#5260,
#5261),(#5262,#5263,#5264,#5265,#5266,#5267)),.UNSPECIFIED.,.F.,.F.,.F.,
(4,1,1,4),(4,1,1,4),(0.,0.285714285714286,0.571428571428571,1.),(-1.24142332292972E-15,
0.224399475256413,0.673198425769241,1.5707963267949),.UNSPECIFIED.);
#55=B_SPLINE_SURFACE_WITH_KNOTS('',3,3,((#5282,#5283,#5284,#5285,#5286,
#5287),(#5288,#5289,#5290,#5291,#5292,#5293),(#5294,#5295,#5296,#5297,#5298,
#5299),(#5300,#5301,#5302,#5303,#5304,#5305),(#5306,#5307,#5308,#5309,#5310,
#5311)),.UNSPECIFIED.,.F.,.F.,.F.,(4,1,4),(4,1,1,4),(0.,0.571428571428571,
1.),(-1.5707963267949,-0.897597901025655,-0.448798950512827,1.07938349616334E-16),
 .UNSPECIFIED.);
#56=B_SPLINE_SURFACE_WITH_KNOTS('',3,3,((#5317,#5318,#5319,#5320,#5321,
#5322,#5323),(#5324,#5325,#5326,#5327,#5328,#5329,#5330),(#5331,#5332,#5333,
#5334,#5335,#5336,#5337),(#5338,#5339,#5340,#5341,#5342,#5343,#5344),(#5345,
#5346,#5347,#5348,#5349,#5350,#5351),(#5352,#5353,#5354,#5355,#5356,#5357,
#5358)),.UNSPECIFIED.,.F.,.F.,.F.,(4,1,1,4),(4,1,1,1,4),(0.,0.285714285714286,
0.571428571428571,1.),(-1.5707963267949,-0.897597901025656,-0.448798950512828,
-0.224399475256414,-2.77555756156289E-16),.UNSPECIFIED.);
#57=B_SPLINE_SURFACE_WITH_KNOTS('',3,3,((#5362,#5363,#5364,#5365,#5366,
#5367,#5368,#5369),(#5370,#5371,#5372,#5373,#5374,#5375,#5376,#5377),(#5378,
#5379,#5380,#5381,#5382,#5383,#5384,#5385),(#5386,#5387,#5388,#5389,#5390,
#5391,#5392,#5393),(#5394,#5395,#5396,#5397,#5398,#5399,#5400,#5401),(#5402,
#5403,#5404,#5405,#5406,#5407,#5408,#5409),(#5410,#5411,#5412,#5413,#5414,
#5415,#5416,#5417)),.UNSPECIFIED.,.F.,.F.,.F.,(4,1,1,1,4),(4,1,1,1,1,4),
(0.,0.285714285714286,0.571428571428571,0.785714285714286,1.),(-1.5707963267949,
-0.897597901025655,-0.448798950512828,-0.224399475256414,-0.112199737628207,
-4.16333634234434E-16),.UNSPECIFIED.);
#58=B_SPLINE_SURFACE_WITH_KNOTS('',3,3,((#5436,#5437,#5438,#5439,#5440,
#5441,#5442),(#5443,#5444,#5445,#5446,#5447,#5448,#5449),(#5450,#5451,#5452,
#5453,#5454,#5455,#5456),(#5457,#5458,#5459,#5460,#5461,#5462,#5463),(#5464,
#5465,#5466,#5467,#5468,#5469,#5470),(#5471,#5472,#5473,#5474,#5475,#5476,
#5477)),.UNSPECIFIED.,.F.,.F.,.F.,(4,1,1,4),(4,1,1,1,4),(0.,0.285714285714286,
0.571428571428571,1.),(-1.5707963267949,-0.897597901025655,-0.448798950512828,
-0.224399475256414,-6.93889390390722E-17),.UNSPECIFIED.);
#59=B_SPLINE_SURFACE_WITH_KNOTS('',3,3,((#5484,#5485,#5486,#5487,#5488,
#5489),(#5490,#5491,#5492,#5493,#5494,#5495),(#5496,#5497,#5498,#5499,#5500,
#5501),(#5502,#5503,#5504,#5505,#5506,#5507),(#5508,#5509,#5510,#5511,#5512,
#5513)),.UNSPECIFIED.,.F.,.F.,.F.,(4,1,4),(4,1,1,4),(0.,0.571428571428571,
1.),(-1.5707963267949,-0.897597901025655,-0.448798950512827,3.46944695195361E-16),
 .UNSPECIFIED.);
#60=B_SPLINE_SURFACE_WITH_KNOTS('',3,3,((#5517,#5518,#5519,#5520,#5521,
#5522,#5523,#5524),(#5525,#5526,#5527,#5528,#5529,#5530,#5531,#5532),(#5533,
#5534,#5535,#5536,#5537,#5538,#5539,#5540),(#5541,#5542,#5543,#5544,#5545,
#5546,#5547,#5548),(#5549,#5550,#5551,#5552,#5553,#5554,#5555,#5556),(#5557,
#5558,#5559,#5560,#5561,#5562,#5563,#5564),(#5565,#5566,#5567,#5568,#5569,
#5570,#5571,#5572)),.UNSPECIFIED.,.F.,.F.,.F.,(4,1,1,1,4),(4,1,1,1,1,4),
(0.,0.285714285714286,0.571428571428571,0.785714285714286,1.),(-1.5707963267949,
-0.897597901025655,-0.448798950512828,-0.224399475256414,-0.112199737628207,
-2.77555756156289E-16),.UNSPECIFIED.);
#61=FACE_BOUND('',#897,.T.);
#62=FACE_BOUND('',#899,.T.);
#63=FACE_BOUND('',#903,.T.);
#64=FACE_BOUND('',#905,.T.);
#65=FACE_BOUND('',#939,.T.);
#66=FACE_BOUND('',#940,.T.);
#67=FACE_BOUND('',#941,.T.);
#68=PLANE('',#2818);
#69=PLANE('',#2825);
#70=PLANE('',#2832);
#71=PLANE('',#2835);
#72=PLANE('',#2837);
#73=PLANE('',#2844);
#74=PLANE('',#2851);
#75=PLANE('',#2852);
#76=PLANE('',#2853);
#77=PLANE('',#2854);
#78=PLANE('',#2859);
#79=PLANE('',#2866);
#80=PLANE('',#2889);
#81=PLANE('',#2910);
#82=PLANE('',#2912);
#83=PLANE('',#2917);
#84=PLANE('',#2918);
#85=PLANE('',#2919);
#86=PLANE('',#2923);
#87=PLANE('',#2926);
#88=PLANE('',#2929);
#89=PLANE('',#2930);
#90=PLANE('',#2931);
#91=PLANE('',#2932);
#92=PLANE('',#2933);
#93=PLANE('',#2934);
#94=PLANE('',#2937);
#95=PLANE('',#2940);
#96=PLANE('',#2943);
#97=PLANE('',#2946);
#98=PLANE('',#2951);
#99=PLANE('',#2954);
#100=PLANE('',#2957);
#101=PLANE('',#2960);
#102=PLANE('',#2963);
#103=PLANE('',#2966);
#104=PLANE('',#2969);
#105=PLANE('',#2972);
#106=PLANE('',#2975);
#107=PLANE('',#2978);
#108=PLANE('',#2981);
#109=PLANE('',#2984);
#110=PLANE('',#2987);
#111=PLANE('',#2990);
#112=PLANE('',#2993);
#113=PLANE('',#2996);
#114=PLANE('',#2999);
#115=PLANE('',#3002);
#116=PLANE('',#3014);
#117=PLANE('',#3028);
#118=PLANE('',#3040);
#119=PLANE('',#3043);
#120=PLANE('',#3044);
#121=PLANE('',#3045);
#122=PLANE('',#3051);
#123=PLANE('',#3052);
#124=PLANE('',#3058);
#125=PLANE('',#3070);
#126=PLANE('',#3083);
#127=PLANE('',#3085);
#128=PLANE('',#3097);
#129=PLANE('',#3098);
#130=PLANE('',#3099);
#131=PLANE('',#3100);
#132=B_SPLINE_CURVE_WITH_KNOTS('',3,(#4020,#4021,#4022,#4023,#4024,#4025,
#4026,#4027,#4028,#4029,#4030,#4031,#4032,#4033,#4034,#4035,#4036,#4037,
#4038),.UNSPECIFIED.,.F.,.F.,(4,2,2,2,3,2,2,2,4),(10.9498425396966,11.0898851114316,
11.318521090926,11.4328390806733,11.5471570704205,11.6614750601677,11.7757930499149,
12.0044290294094,12.1444716011444),.UNSPECIFIED.);
#133=B_SPLINE_CURVE_WITH_KNOTS('',3,(#4053,#4054,#4055,#4056,#4057,#4058,
#4059,#4060,#4061,#4062,#4063,#4064,#4065,#4066,#4067,#4068,#4069,#4070,
#4071),.UNSPECIFIED.,.F.,.F.,(4,2,2,2,3,2,2,2,4),(10.9498425396966,11.0898851114316,
11.3185210909261,11.4328390806733,11.5471570704205,11.6614750601677,11.7757930499149,
12.0044290294094,12.1444716011444),.UNSPECIFIED.);
#134=B_SPLINE_CURVE_WITH_KNOTS('',3,(#4086,#4087,#4088,#4089,#4090,#4091,
#4092,#4093,#4094,#4095),.UNSPECIFIED.,.F.,.F.,(4,2,2,2,4),(-0.378046046293447,
-0.267142205202398,-0.12687292571143,0.,0.00114172307787742),
 .UNSPECIFIED.);
#135=B_SPLINE_CURVE_WITH_KNOTS('',3,(#4101,#4102,#4103,#4104,#4105,#4106,
#4107,#4108,#4109,#4110,#4111,#4112),.UNSPECIFIED.,.F.,.F.,(4,2,2,2,2,4),
(-0.377901347663314,-0.376762978380246,-0.36686349490316,-0.250325872405416,
-0.110529744225407,0.),.UNSPECIFIED.);
#136=ELLIPSE('',#2789,9.89949493661166,7.);
#137=ELLIPSE('',#2790,9.89949493661167,7.);
#138=ELLIPSE('',#2796,8.14335650063917,7.);
#139=ELLIPSE('',#2797,9.89949493661166,7.);
#140=ELLIPSE('',#2804,8.19256157945813,7.);
#141=ELLIPSE('',#2812,8.19256157945813,7.);
#142=ELLIPSE('',#2815,9.89949493661164,7.);
#143=ELLIPSE('',#2816,8.14335650063917,7.);
#144=ELLIPSE('',#2871,2.23606797749979,2.);
#145=ELLIPSE('',#2872,2.23606797749979,1.99999999999998);
#146=ELLIPSE('',#2874,2.23606797749979,2.);
#147=ELLIPSE('',#2875,2.23606797749978,2.);
#148=ELLIPSE('',#2892,2.23606797749979,2.);
#149=ELLIPSE('',#2893,2.23606797749979,2.);
#150=ELLIPSE('',#2895,2.23606797749978,2.00000000000001);
#151=ELLIPSE('',#2896,2.23606797749979,2.);
#152=ELLIPSE('',#3005,8.02788721874068,3.00000000000001);
#153=ELLIPSE('',#3006,8.02788721874068,3.00000000000001);
#154=ELLIPSE('',#3008,4.58619990045072,3.00000000000008);
#155=ELLIPSE('',#3010,3.60555127546399,2.99999999999994);
#156=ELLIPSE('',#3012,4.58619990045072,3.00000000000001);
#157=ELLIPSE('',#3016,3.60555127546399,3.00000000000001);
#158=ELLIPSE('',#3020,4.04250081578519,3.00000000000001);
#159=ELLIPSE('',#3021,4.04250081578518,3.00000000000001);
#160=ELLIPSE('',#3024,4.04250081578519,3.00000000000001);
#161=ELLIPSE('',#3026,4.04250081578519,3.00000000000001);
#162=ELLIPSE('',#3031,8.02788721874072,3.00000000000001);
#163=ELLIPSE('',#3032,8.02788721874073,3.00000000000001);
#164=ELLIPSE('',#3034,3.60555127546399,3.00000000000001);
#165=ELLIPSE('',#3035,3.60555127546399,3.00000000000001);
#166=ELLIPSE('',#3037,4.58619990045072,3.00000000000001);
#167=ELLIPSE('',#3038,4.58619990045073,3.00000000000001);
#168=ELLIPSE('',#3060,4.04250081578519,3.00000000000001);
#169=ELLIPSE('',#3061,4.04250081578518,3.);
#170=ELLIPSE('',#3063,4.04250081578518,2.99999999999999);
#171=ELLIPSE('',#3064,4.04250081578518,3.);
#172=ELLIPSE('',#3072,3.60555127546399,3.);
#173=ELLIPSE('',#3073,3.60555127546399,3.);
#174=ELLIPSE('',#3074,4.58619990045071,3.);
#175=ELLIPSE('',#3075,4.58619990045072,3.);
#176=ELLIPSE('',#3077,8.0278872187407,3.);
#177=ELLIPSE('',#3078,8.0278872187407,3.);
#178=ELLIPSE('',#3087,4.58619990045072,3.);
#179=ELLIPSE('',#3088,4.58619990045073,3.);
#180=ELLIPSE('',#3089,3.60555127546399,3.);
#181=ELLIPSE('',#3090,3.60555127546399,3.);
#182=ELLIPSE('',#3091,8.02788721874069,3.);
#183=ELLIPSE('',#3092,8.02788721874069,3.);
#184=LINE('',#3974,#410);
#185=LINE('',#3978,#411);
#186=LINE('',#3989,#412);
#187=LINE('',#3991,#413);
#188=LINE('',#3996,#414);
#189=LINE('',#3997,#415);
#190=LINE('',#4006,#416);
#191=LINE('',#4008,#417);
#192=LINE('',#4039,#418);
#193=LINE('',#4040,#419);
#194=LINE('',#4041,#420);
#195=LINE('',#4043,#421);
#196=LINE('',#4044,#422);
#197=LINE('',#4047,#423);
#198=LINE('',#4048,#424);
#199=LINE('',#4072,#425);
#200=LINE('',#4073,#426);
#201=LINE('',#4074,#427);
#202=LINE('',#4077,#428);
#203=LINE('',#4079,#429);
#204=LINE('',#4096,#430);
#205=LINE('',#4097,#431);
#206=LINE('',#4099,#432);
#207=LINE('',#4113,#433);
#208=LINE('',#4116,#434);
#209=LINE('',#4120,#435);
#210=LINE('',#4122,#436);
#211=LINE('',#4124,#437);
#212=LINE('',#4128,#438);
#213=LINE('',#4134,#439);
#214=LINE('',#4138,#440);
#215=LINE('',#4141,#441);
#216=LINE('',#4146,#442);
#217=LINE('',#4150,#443);
#218=LINE('',#4152,#444);
#219=LINE('',#4154,#445);
#220=LINE('',#4157,#446);
#221=LINE('',#4160,#447);
#222=LINE('',#4164,#448);
#223=LINE('',#4168,#449);
#224=LINE('',#4172,#450);
#225=LINE('',#4174,#451);
#226=LINE('',#4176,#452);
#227=LINE('',#4180,#453);
#228=LINE('',#4184,#454);
#229=LINE('',#4185,#455);
#230=LINE('',#4190,#456);
#231=LINE('',#4192,#457);
#232=LINE('',#4193,#458);
#233=LINE('',#4198,#459);
#234=LINE('',#4200,#460);
#235=LINE('',#4202,#461);
#236=LINE('',#4206,#462);
#237=LINE('',#4212,#463);
#238=LINE('',#4216,#464);
#239=LINE('',#4219,#465);
#240=LINE('',#4224,#466);
#241=LINE('',#4228,#467);
#242=LINE('',#4230,#468);
#243=LINE('',#4232,#469);
#244=LINE('',#4236,#470);
#245=LINE('',#4240,#471);
#246=LINE('',#4244,#472);
#247=LINE('',#4251,#473);
#248=LINE('',#4253,#474);
#249=LINE('',#4259,#475);
#250=LINE('',#4263,#476);
#251=LINE('',#4265,#477);
#252=LINE('',#4266,#478);
#253=LINE('',#4272,#479);
#254=LINE('',#4277,#480);
#255=LINE('',#4281,#481);
#256=LINE('',#4283,#482);
#257=LINE('',#4284,#483);
#258=LINE('',#4290,#484);
#259=LINE('',#4362,#485);
#260=LINE('',#4366,#486);
#261=LINE('',#4374,#487);
#262=LINE('',#4380,#488);
#263=LINE('',#4382,#489);
#264=LINE('',#4385,#490);
#265=LINE('',#4386,#491);
#266=LINE('',#4388,#492);
#267=LINE('',#4389,#493);
#268=LINE('',#4392,#494);
#269=LINE('',#4464,#495);
#270=LINE('',#4473,#496);
#271=LINE('',#4479,#497);
#272=LINE('',#4481,#498);
#273=LINE('',#4483,#499);
#274=LINE('',#4484,#500);
#275=LINE('',#4486,#501);
#276=LINE('',#4488,#502);
#277=LINE('',#4496,#503);
#278=LINE('',#4500,#504);
#279=LINE('',#4502,#505);
#280=LINE('',#4503,#506);
#281=LINE('',#4506,#507);
#282=LINE('',#4507,#508);
#283=LINE('',#4509,#509);
#284=LINE('',#4512,#510);
#285=LINE('',#4517,#511);
#286=LINE('',#4522,#512);
#287=LINE('',#4526,#513);
#288=LINE('',#4532,#514);
#289=LINE('',#4534,#515);
#290=LINE('',#4536,#516);
#291=LINE('',#4546,#517);
#292=LINE('',#4548,#518);
#293=LINE('',#4550,#519);
#294=LINE('',#4554,#520);
#295=LINE('',#4556,#521);
#296=LINE('',#4561,#522);
#297=LINE('',#4564,#523);
#298=LINE('',#4567,#524);
#299=LINE('',#4568,#525);
#300=LINE('',#4571,#526);
#301=LINE('',#4575,#527);
#302=LINE('',#4576,#528);
#303=LINE('',#4579,#529);
#304=LINE('',#4582,#530);
#305=LINE('',#4585,#531);
#306=LINE('',#4588,#532);
#307=LINE('',#4591,#533);
#308=LINE('',#4592,#534);
#309=LINE('',#4595,#535);
#310=LINE('',#4599,#536);
#311=LINE('',#4603,#537);
#312=LINE('',#4604,#538);
#313=LINE('',#4607,#539);
#314=LINE('',#4611,#540);
#315=LINE('',#4612,#541);
#316=LINE('',#4617,#542);
#317=LINE('',#4619,#543);
#318=LINE('',#4620,#544);
#319=LINE('',#4624,#545);
#320=LINE('',#4627,#546);
#321=LINE('',#4628,#547);
#322=LINE('',#4632,#548);
#323=LINE('',#4635,#549);
#324=LINE('',#4636,#550);
#325=LINE('',#4641,#551);
#326=LINE('',#4643,#552);
#327=LINE('',#4644,#553);
#328=LINE('',#4647,#554);
#329=LINE('',#4651,#555);
#330=LINE('',#4652,#556);
#331=LINE('',#4655,#557);
#332=LINE('',#4658,#558);
#333=LINE('',#4661,#559);
#334=LINE('',#4662,#560);
#335=LINE('',#4665,#561);
#336=LINE('',#4669,#562);
#337=LINE('',#4670,#563);
#338=LINE('',#4673,#564);
#339=LINE('',#4676,#565);
#340=LINE('',#4679,#566);
#341=LINE('',#4682,#567);
#342=LINE('',#4685,#568);
#343=LINE('',#4686,#569);
#344=LINE('',#4689,#570);
#345=LINE('',#4693,#571);
#346=LINE('',#4695,#572);
#347=LINE('',#4696,#573);
#348=LINE('',#4699,#574);
#349=LINE('',#4703,#575);
#350=LINE('',#4704,#576);
#351=LINE('',#4707,#577);
#352=LINE('',#4711,#578);
#353=LINE('',#4712,#579);
#354=LINE('',#4717,#580);
#355=LINE('',#4719,#581);
#356=LINE('',#4720,#582);
#357=LINE('',#4723,#583);
#358=LINE('',#4727,#584);
#359=LINE('',#4728,#585);
#360=LINE('',#4731,#586);
#361=LINE('',#4735,#587);
#362=LINE('',#4736,#588);
#363=LINE('',#4739,#589);
#364=LINE('',#4743,#590);
#365=LINE('',#4744,#591);
#366=LINE('',#4815,#592);
#367=LINE('',#4820,#593);
#368=LINE('',#4867,#594);
#369=LINE('',#4870,#595);
#370=LINE('',#4871,#596);
#371=LINE('',#4873,#597);
#372=LINE('',#4949,#598);
#373=LINE('',#4952,#599);
#374=LINE('',#4994,#600);
#375=LINE('',#4997,#601);
#376=LINE('',#4998,#602);
#377=LINE('',#5001,#603);
#378=LINE('',#5071,#604);
#379=LINE('',#5153,#605);
#380=LINE('',#5154,#606);
#381=LINE('',#5156,#607);
#382=LINE('',#5158,#608);
#383=LINE('',#5160,#609);
#384=LINE('',#5161,#610);
#385=LINE('',#5170,#611);
#386=LINE('',#5171,#612);
#387=LINE('',#5173,#613);
#388=LINE('',#5184,#614);
#389=LINE('',#5185,#615);
#390=LINE('',#5188,#616);
#391=LINE('',#5189,#617);
#392=LINE('',#5192,#618);
#393=LINE('',#5274,#619);
#394=LINE('',#5275,#620);
#395=LINE('',#5277,#621);
#396=LINE('',#5280,#622);
#397=LINE('',#5424,#623);
#398=LINE('',#5425,#624);
#399=LINE('',#5427,#625);
#400=LINE('',#5429,#626);
#401=LINE('',#5431,#627);
#402=LINE('',#5433,#628);
#403=LINE('',#5577,#629);
#404=LINE('',#5578,#630);
#405=LINE('',#5580,#631);
#406=LINE('',#5582,#632);
#407=LINE('',#5583,#633);
#408=LINE('',#5585,#634);
#409=LINE('',#5586,#635);
#410=VECTOR('',#3113,10.);
#411=VECTOR('',#3116,10.);
#412=VECTOR('',#3129,10.);
#413=VECTOR('',#3130,10.);
#414=VECTOR('',#3137,10.);
#415=VECTOR('',#3138,10.);
#416=VECTOR('',#3149,10.);
#417=VECTOR('',#3150,10.);
#418=VECTOR('',#3163,10.);
#419=VECTOR('',#3164,10.);
#420=VECTOR('',#3165,10.);
#421=VECTOR('',#3168,10.);
#422=VECTOR('',#3169,10.);
#423=VECTOR('',#3172,10.);
#424=VECTOR('',#3173,10.);
#425=VECTOR('',#3178,10.);
#426=VECTOR('',#3179,10.);
#427=VECTOR('',#3180,10.);
#428=VECTOR('',#3183,10.);
#429=VECTOR('',#3184,10.);
#430=VECTOR('',#3191,10.);
#431=VECTOR('',#3192,10.);
#432=VECTOR('',#3193,10.);
#433=VECTOR('',#3194,10.);
#434=VECTOR('',#3197,10.);
#435=VECTOR('',#3200,10.);
#436=VECTOR('',#3201,10.);
#437=VECTOR('',#3202,10.);
#438=VECTOR('',#3205,10.);
#439=VECTOR('',#3210,10.);
#440=VECTOR('',#3213,10.);
#441=VECTOR('',#3216,10.);
#442=VECTOR('',#3221,10.);
#443=VECTOR('',#3224,10.);
#444=VECTOR('',#3225,10.);
#445=VECTOR('',#3226,10.);
#446=VECTOR('',#3229,10.);
#447=VECTOR('',#3230,10.);
#448=VECTOR('',#3233,10.);
#449=VECTOR('',#3236,10.);
#450=VECTOR('',#3241,10.);
#451=VECTOR('',#3242,10.);
#452=VECTOR('',#3243,10.);
#453=VECTOR('',#3246,10.);
#454=VECTOR('',#3249,10.);
#455=VECTOR('',#3250,10.);
#456=VECTOR('',#3255,10.);
#457=VECTOR('',#3256,10.);
#458=VECTOR('',#3257,10.);
#459=VECTOR('',#3262,10.);
#460=VECTOR('',#3263,10.);
#461=VECTOR('',#3264,10.);
#462=VECTOR('',#3267,10.);
#463=VECTOR('',#3272,10.);
#464=VECTOR('',#3275,10.);
#465=VECTOR('',#3278,10.);
#466=VECTOR('',#3283,10.);
#467=VECTOR('',#3286,10.);
#468=VECTOR('',#3287,10.);
#469=VECTOR('',#3288,10.);
#470=VECTOR('',#3291,10.);
#471=VECTOR('',#3294,10.);
#472=VECTOR('',#3297,10.);
#473=VECTOR('',#3308,10.);
#474=VECTOR('',#3309,10.);
#475=VECTOR('',#3316,10.);
#476=VECTOR('',#3321,10.);
#477=VECTOR('',#3322,10.);
#478=VECTOR('',#3323,10.);
#479=VECTOR('',#3330,10.);
#480=VECTOR('',#3335,10.);
#481=VECTOR('',#3340,10.);
#482=VECTOR('',#3341,10.);
#483=VECTOR('',#3342,10.);
#484=VECTOR('',#3349,10.);
#485=VECTOR('',#3364,10.);
#486=VECTOR('',#3369,10.);
#487=VECTOR('',#3380,10.);
#488=VECTOR('',#3389,10.);
#489=VECTOR('',#3392,10.);
#490=VECTOR('',#3395,10.);
#491=VECTOR('',#3396,10.);
#492=VECTOR('',#3397,10.);
#493=VECTOR('',#3398,10.);
#494=VECTOR('',#3401,10.);
#495=VECTOR('',#3418,10.);
#496=VECTOR('',#3431,10.);
#497=VECTOR('',#3440,10.);
#498=VECTOR('',#3443,10.);
#499=VECTOR('',#3446,10.);
#500=VECTOR('',#3447,10.);
#501=VECTOR('',#3450,10.);
#502=VECTOR('',#3453,10.);
#503=VECTOR('',#3462,10.);
#504=VECTOR('',#3467,10.);
#505=VECTOR('',#3468,10.);
#506=VECTOR('',#3469,10.);
#507=VECTOR('',#3472,10.);
#508=VECTOR('',#3473,10.);
#509=VECTOR('',#3476,10.);
#510=VECTOR('',#3479,2.8);
#511=VECTOR('',#3486,2.8);
#512=VECTOR('',#3493,2.8);
#513=VECTOR('',#3500,10.);
#514=VECTOR('',#3501,10.);
#515=VECTOR('',#3502,10.);
#516=VECTOR('',#3503,10.);
#517=VECTOR('',#3506,10.);
#518=VECTOR('',#3507,10.);
#519=VECTOR('',#3508,10.);
#520=VECTOR('',#3509,10.);
#521=VECTOR('',#3512,10.);
#522=VECTOR('',#3519,10.);
#523=VECTOR('',#3522,10.);
#524=VECTOR('',#3525,10.);
#525=VECTOR('',#3526,10.);
#526=VECTOR('',#3529,10.);
#527=VECTOR('',#3534,10.);
#528=VECTOR('',#3535,10.);
#529=VECTOR('',#3538,10.);
#530=VECTOR('',#3543,10.);
#531=VECTOR('',#3546,10.);
#532=VECTOR('',#3549,10.);
#533=VECTOR('',#3552,10.);
#534=VECTOR('',#3553,10.);
#535=VECTOR('',#3556,10.);
#536=VECTOR('',#3561,10.);
#537=VECTOR('',#3566,10.);
#538=VECTOR('',#3567,10.);
#539=VECTOR('',#3570,10.);
#540=VECTOR('',#3575,10.);
#541=VECTOR('',#3576,10.);
#542=VECTOR('',#3583,10.);
#543=VECTOR('',#3584,10.);
#544=VECTOR('',#3585,10.);
#545=VECTOR('',#3590,10.);
#546=VECTOR('',#3593,10.);
#547=VECTOR('',#3594,10.);
#548=VECTOR('',#3599,10.);
#549=VECTOR('',#3602,10.);
#550=VECTOR('',#3603,10.);
#551=VECTOR('',#3610,10.);
#552=VECTOR('',#3611,10.);
#553=VECTOR('',#3612,10.);
#554=VECTOR('',#3615,10.);
#555=VECTOR('',#3620,10.);
#556=VECTOR('',#3621,10.);
#557=VECTOR('',#3624,10.);
#558=VECTOR('',#3627,10.);
#559=VECTOR('',#3630,10.);
#560=VECTOR('',#3631,10.);
#561=VECTOR('',#3634,10.);
#562=VECTOR('',#3639,10.);
#563=VECTOR('',#3640,10.);
#564=VECTOR('',#3643,10.);
#565=VECTOR('',#3648,10.);
#566=VECTOR('',#3651,10.);
#567=VECTOR('',#3654,10.);
#568=VECTOR('',#3657,10.);
#569=VECTOR('',#3658,10.);
#570=VECTOR('',#3661,10.);
#571=VECTOR('',#3666,10.);
#572=VECTOR('',#3667,10.);
#573=VECTOR('',#3668,10.);
#574=VECTOR('',#3671,10.);
#575=VECTOR('',#3676,10.);
#576=VECTOR('',#3677,10.);
#577=VECTOR('',#3680,10.);
#578=VECTOR('',#3685,10.);
#579=VECTOR('',#3686,10.);
#580=VECTOR('',#3693,10.);
#581=VECTOR('',#3694,10.);
#582=VECTOR('',#3695,10.);
#583=VECTOR('',#3698,10.);
#584=VECTOR('',#3703,10.);
#585=VECTOR('',#3704,10.);
#586=VECTOR('',#3707,10.);
#587=VECTOR('',#3712,10.);
#588=VECTOR('',#3713,10.);
#589=VECTOR('',#3716,10.);
#590=VECTOR('',#3721,10.);
#591=VECTOR('',#3722,10.);
#592=VECTOR('',#3733,10.);
#593=VECTOR('',#3740,10.);
#594=VECTOR('',#3747,10.);
#595=VECTOR('',#3750,10.);
#596=VECTOR('',#3751,10.);
#597=VECTOR('',#3754,10.);
#598=VECTOR('',#3769,10.);
#599=VECTOR('',#3772,10.);
#600=VECTOR('',#3781,10.);
#601=VECTOR('',#3784,10.);
#602=VECTOR('',#3785,10.);
#603=VECTOR('',#3788,10.);
#604=VECTOR('',#3797,10.);
#605=VECTOR('',#3810,10.);
#606=VECTOR('',#3811,10.);
#607=VECTOR('',#3814,10.);
#608=VECTOR('',#3817,10.);
#609=VECTOR('',#3820,10.);
#610=VECTOR('',#3821,10.);
#611=VECTOR('',#3836,10.);
#612=VECTOR('',#3837,10.);
#613=VECTOR('',#3840,10.);
#614=VECTOR('',#3855,10.);
#615=VECTOR('',#3856,10.);
#616=VECTOR('',#3859,10.);
#617=VECTOR('',#3860,10.);
#618=VECTOR('',#3863,10.);
#619=VECTOR('',#3878,10.);
#620=VECTOR('',#3879,10.);
#621=VECTOR('',#3882,10.);
#622=VECTOR('',#3887,10.);
#623=VECTOR('',#3908,10.);
#624=VECTOR('',#3909,10.);
#625=VECTOR('',#3912,10.);
#626=VECTOR('',#3915,10.);
#627=VECTOR('',#3918,10.);
#628=VECTOR('',#3921,10.);
#629=VECTOR('',#3942,10.);
#630=VECTOR('',#3943,10.);
#631=VECTOR('',#3946,10.);
#632=VECTOR('',#3949,10.);
#633=VECTOR('',#3950,10.);
#634=VECTOR('',#3953,10.);
#635=VECTOR('',#3954,10.);
#636=CYLINDRICAL_SURFACE('',#2788,7.);
#637=CYLINDRICAL_SURFACE('',#2795,7.);
#638=CYLINDRICAL_SURFACE('',#2798,7.);
#639=CYLINDRICAL_SURFACE('',#2803,7.);
#640=CYLINDRICAL_SURFACE('',#2809,7.);
#641=CYLINDRICAL_SURFACE('',#2810,7.);
#642=CYLINDRICAL_SURFACE('',#2811,7.);
#643=CYLINDRICAL_SURFACE('',#2813,7.);
#644=CYLINDRICAL_SURFACE('',#2814,7.);
#645=CYLINDRICAL_SURFACE('',#2817,7.);
#646=CYLINDRICAL_SURFACE('',#2856,7.);
#647=CYLINDRICAL_SURFACE('',#2860,7.);
#648=CYLINDRICAL_SURFACE('',#2863,7.);
#649=CYLINDRICAL_SURFACE('',#2867,7.);
#650=CYLINDRICAL_SURFACE('',#2876,2.);
#651=CYLINDRICAL_SURFACE('',#2877,2.);
#652=CYLINDRICAL_SURFACE('',#2882,2.);
#653=CYLINDRICAL_SURFACE('',#2887,2.);
#654=CYLINDRICAL_SURFACE('',#2888,2.);
#655=CYLINDRICAL_SURFACE('',#2890,1.);
#656=CYLINDRICAL_SURFACE('',#2897,2.);
#657=CYLINDRICAL_SURFACE('',#2898,2.);
#658=CYLINDRICAL_SURFACE('',#2903,2.);
#659=CYLINDRICAL_SURFACE('',#2908,2.);
#660=CYLINDRICAL_SURFACE('',#2909,2.);
#661=CYLINDRICAL_SURFACE('',#2911,1.);
#662=CYLINDRICAL_SURFACE('',#2916,1.);
#663=CYLINDRICAL_SURFACE('',#2920,1.);
#664=CYLINDRICAL_SURFACE('',#2921,2.8);
#665=CYLINDRICAL_SURFACE('',#2924,2.8);
#666=CYLINDRICAL_SURFACE('',#2927,2.8);
#667=CYLINDRICAL_SURFACE('',#2944,1.);
#668=CYLINDRICAL_SURFACE('',#2947,1.);
#669=CYLINDRICAL_SURFACE('',#2967,1.);
#670=CYLINDRICAL_SURFACE('',#2979,1.);
#671=CYLINDRICAL_SURFACE('',#2982,1.);
#672=CYLINDRICAL_SURFACE('',#2994,1.);
#673=CYLINDRICAL_SURFACE('',#3007,3.);
#674=CYLINDRICAL_SURFACE('',#3009,3.);
#675=CYLINDRICAL_SURFACE('',#3013,1.);
#676=CYLINDRICAL_SURFACE('',#3015,3.);
#677=CYLINDRICAL_SURFACE('',#3018,1.);
#678=CYLINDRICAL_SURFACE('',#3022,1.);
#679=CYLINDRICAL_SURFACE('',#3023,3.);
#680=CYLINDRICAL_SURFACE('',#3027,1.);
#681=CYLINDRICAL_SURFACE('',#3029,3.);
#682=CYLINDRICAL_SURFACE('',#3033,3.);
#683=CYLINDRICAL_SURFACE('',#3039,1.);
#684=CYLINDRICAL_SURFACE('',#3041,3.);
#685=CYLINDRICAL_SURFACE('',#3042,3.);
#686=CYLINDRICAL_SURFACE('',#3049,3.);
#687=CYLINDRICAL_SURFACE('',#3050,3.);
#688=CYLINDRICAL_SURFACE('',#3057,3.);
#689=CYLINDRICAL_SURFACE('',#3059,3.);
#690=CYLINDRICAL_SURFACE('',#3066,3.);
#691=CYLINDRICAL_SURFACE('',#3067,3.);
#692=CYLINDRICAL_SURFACE('',#3068,1.);
#693=CYLINDRICAL_SURFACE('',#3069,1.);
#694=CYLINDRICAL_SURFACE('',#3079,3.);
#695=CYLINDRICAL_SURFACE('',#3080,3.);
#696=CYLINDRICAL_SURFACE('',#3081,3.);
#697=CYLINDRICAL_SURFACE('',#3082,1.);
#698=CYLINDRICAL_SURFACE('',#3084,1.);
#699=CYLINDRICAL_SURFACE('',#3093,3.);
#700=CYLINDRICAL_SURFACE('',#3094,3.);
#701=CYLINDRICAL_SURFACE('',#3095,3.);
#702=CYLINDRICAL_SURFACE('',#3096,1.);
#703=FACE_OUTER_BOUND('',#882,.T.);
#704=FACE_OUTER_BOUND('',#883,.T.);
#705=FACE_OUTER_BOUND('',#884,.T.);
#706=FACE_OUTER_BOUND('',#885,.T.);
#707=FACE_OUTER_BOUND('',#886,.T.);
#708=FACE_OUTER_BOUND('',#887,.T.);
#709=FACE_OUTER_BOUND('',#888,.T.);
#710=FACE_OUTER_BOUND('',#889,.T.);
#711=FACE_OUTER_BOUND('',#890,.T.);
#712=FACE_OUTER_BOUND('',#891,.T.);
#713=FACE_OUTER_BOUND('',#892,.T.);
#714=FACE_OUTER_BOUND('',#893,.T.);
#715=FACE_OUTER_BOUND('',#894,.T.);
#716=FACE_OUTER_BOUND('',#895,.T.);
#717=FACE_OUTER_BOUND('',#896,.T.);
#718=FACE_OUTER_BOUND('',#898,.T.);
#719=FACE_OUTER_BOUND('',#900,.T.);
#720=FACE_OUTER_BOUND('',#901,.T.);
#721=FACE_OUTER_BOUND('',#902,.T.);
#722=FACE_OUTER_BOUND('',#904,.T.);
#723=FACE_OUTER_BOUND('',#906,.T.);
#724=FACE_OUTER_BOUND('',#907,.T.);
#725=FACE_OUTER_BOUND('',#908,.T.);
#726=FACE_OUTER_BOUND('',#909,.T.);
#727=FACE_OUTER_BOUND('',#910,.T.);
#728=FACE_OUTER_BOUND('',#911,.T.);
#729=FACE_OUTER_BOUND('',#912,.T.);
#730=FACE_OUTER_BOUND('',#913,.T.);
#731=FACE_OUTER_BOUND('',#914,.T.);
#732=FACE_OUTER_BOUND('',#915,.T.);
#733=FACE_OUTER_BOUND('',#916,.T.);
#734=FACE_OUTER_BOUND('',#917,.T.);
#735=FACE_OUTER_BOUND('',#918,.T.);
#736=FACE_OUTER_BOUND('',#919,.T.);
#737=FACE_OUTER_BOUND('',#920,.T.);
#738=FACE_OUTER_BOUND('',#921,.T.);
#739=FACE_OUTER_BOUND('',#922,.T.);
#740=FACE_OUTER_BOUND('',#923,.T.);
#741=FACE_OUTER_BOUND('',#924,.T.);
#742=FACE_OUTER_BOUND('',#925,.T.);
#743=FACE_OUTER_BOUND('',#926,.T.);
#744=FACE_OUTER_BOUND('',#927,.T.);
#745=FACE_OUTER_BOUND('',#928,.T.);
#746=FACE_OUTER_BOUND('',#929,.T.);
#747=FACE_OUTER_BOUND('',#930,.T.);
#748=FACE_OUTER_BOUND('',#931,.T.);
#749=FACE_OUTER_BOUND('',#932,.T.);
#750=FACE_OUTER_BOUND('',#933,.T.);
#751=FACE_OUTER_BOUND('',#934,.T.);
#752=FACE_OUTER_BOUND('',#935,.T.);
#753=FACE_OUTER_BOUND('',#936,.T.);
#754=FACE_OUTER_BOUND('',#937,.T.);
#755=FACE_OUTER_BOUND('',#938,.T.);
#756=FACE_OUTER_BOUND('',#942,.T.);
#757=FACE_OUTER_BOUND('',#943,.T.);
#758=FACE_OUTER_BOUND('',#944,.T.);
#759=FACE_OUTER_BOUND('',#945,.T.);
#760=FACE_OUTER_BOUND('',#946,.T.);
#761=FACE_OUTER_BOUND('',#947,.T.);
#762=FACE_OUTER_BOUND('',#948,.T.);
#763=FACE_OUTER_BOUND('',#949,.T.);
#764=FACE_OUTER_BOUND('',#950,.T.);
#765=FACE_OUTER_BOUND('',#951,.T.);
#766=FACE_OUTER_BOUND('',#952,.T.);
#767=FACE_OUTER_BOUND('',#953,.T.);
#768=FACE_OUTER_BOUND('',#954,.T.);
#769=FACE_OUTER_BOUND('',#955,.T.);
#770=FACE_OUTER_BOUND('',#956,.T.);
#771=FACE_OUTER_BOUND('',#957,.T.);
#772=FACE_OUTER_BOUND('',#958,.T.);
#773=FACE_OUTER_BOUND('',#959,.T.);
#774=FACE_OUTER_BOUND('',#960,.T.);
#775=FACE_OUTER_BOUND('',#961,.T.);
#776=FACE_OUTER_BOUND('',#962,.T.);
#777=FACE_OUTER_BOUND('',#963,.T.);
#778=FACE_OUTER_BOUND('',#964,.T.);
#779=FACE_OUTER_BOUND('',#965,.T.);
#780=FACE_OUTER_BOUND('',#966,.T.);
#781=FACE_OUTER_BOUND('',#967,.T.);
#782=FACE_OUTER_BOUND('',#968,.T.);
#783=FACE_OUTER_BOUND('',#969,.T.);
#784=FACE_OUTER_BOUND('',#970,.T.);
#785=FACE_OUTER_BOUND('',#971,.T.);
#786=FACE_OUTER_BOUND('',#972,.T.);
#787=FACE_OUTER_BOUND('',#973,.T.);
#788=FACE_OUTER_BOUND('',#974,.T.);
#789=FACE_OUTER_BOUND('',#975,.T.);
#790=FACE_OUTER_BOUND('',#976,.T.);
#791=FACE_OUTER_BOUND('',#977,.T.);
#792=FACE_OUTER_BOUND('',#978,.T.);
#793=FACE_OUTER_BOUND('',#979,.T.);
#794=FACE_OUTER_BOUND('',#980,.T.);
#795=FACE_OUTER_BOUND('',#981,.T.);
#796=FACE_OUTER_BOUND('',#982,.T.);
#797=FACE_OUTER_BOUND('',#983,.T.);
#798=FACE_OUTER_BOUND('',#984,.T.);
#799=FACE_OUTER_BOUND('',#985,.T.);
#800=FACE_OUTER_BOUND('',#986,.T.);
#801=FACE_OUTER_BOUND('',#987,.T.);
#802=FACE_OUTER_BOUND('',#988,.T.);
#803=FACE_OUTER_BOUND('',#989,.T.);
#804=FACE_OUTER_BOUND('',#990,.T.);
#805=FACE_OUTER_BOUND('',#991,.T.);
#806=FACE_OUTER_BOUND('',#992,.T.);
#807=FACE_OUTER_BOUND('',#993,.T.);
#808=FACE_OUTER_BOUND('',#994,.T.);
#809=FACE_OUTER_BOUND('',#995,.T.);
#810=FACE_OUTER_BOUND('',#996,.T.);
#811=FACE_OUTER_BOUND('',#997,.T.);
#812=FACE_OUTER_BOUND('',#998,.T.);
#813=FACE_OUTER_BOUND('',#999,.T.);
#814=FACE_OUTER_BOUND('',#1000,.T.);
#815=FACE_OUTER_BOUND('',#1001,.T.);
#816=FACE_OUTER_BOUND('',#1002,.T.);
#817=FACE_OUTER_BOUND('',#1003,.T.);
#818=FACE_OUTER_BOUND('',#1004,.T.);
#819=FACE_OUTER_BOUND('',#1005,.T.);
#820=FACE_OUTER_BOUND('',#1006,.T.);
#821=FACE_OUTER_BOUND('',#1007,.T.);
#822=FACE_OUTER_BOUND('',#1008,.T.);
#823=FACE_OUTER_BOUND('',#1009,.T.);
#824=FACE_OUTER_BOUND('',#1010,.T.);
#825=FACE_OUTER_BOUND('',#1011,.T.);
#826=FACE_OUTER_BOUND('',#1012,.T.);
#827=FACE_OUTER_BOUND('',#1013,.T.);
#828=FACE_OUTER_BOUND('',#1014,.T.);
#829=FACE_OUTER_BOUND('',#1015,.T.);
#830=FACE_OUTER_BOUND('',#1016,.T.);
#831=FACE_OUTER_BOUND('',#1017,.T.);
#832=FACE_OUTER_BOUND('',#1018,.T.);
#833=FACE_OUTER_BOUND('',#1019,.T.);
#834=FACE_OUTER_BOUND('',#1020,.T.);
#835=FACE_OUTER_BOUND('',#1021,.T.);
#836=FACE_OUTER_BOUND('',#1022,.T.);
#837=FACE_OUTER_BOUND('',#1023,.T.);
#838=FACE_OUTER_BOUND('',#1024,.T.);
#839=FACE_OUTER_BOUND('',#1025,.T.);
#840=FACE_OUTER_BOUND('',#1026,.T.);
#841=FACE_OUTER_BOUND('',#1027,.T.);
#842=FACE_OUTER_BOUND('',#1028,.T.);
#843=FACE_OUTER_BOUND('',#1029,.T.);
#844=FACE_OUTER_BOUND('',#1030,.T.);
#845=FACE_OUTER_BOUND('',#1031,.T.);
#846=FACE_OUTER_BOUND('',#1032,.T.);
#847=FACE_OUTER_BOUND('',#1033,.T.);
#848=FACE_OUTER_BOUND('',#1034,.T.);
#849=FACE_OUTER_BOUND('',#1035,.T.);
#850=FACE_OUTER_BOUND('',#1036,.T.);
#851=FACE_OUTER_BOUND('',#1037,.T.);
#852=FACE_OUTER_BOUND('',#1038,.T.);
#853=FACE_OUTER_BOUND('',#1039,.T.);
#854=FACE_OUTER_BOUND('',#1040,.T.);
#855=FACE_OUTER_BOUND('',#1041,.T.);
#856=FACE_OUTER_BOUND('',#1042,.T.);
#857=FACE_OUTER_BOUND('',#1043,.T.);
#858=FACE_OUTER_BOUND('',#1044,.T.);
#859=FACE_OUTER_BOUND('',#1045,.T.);
#860=FACE_OUTER_BOUND('',#1046,.T.);
#861=FACE_OUTER_BOUND('',#1047,.T.);
#862=FACE_OUTER_BOUND('',#1048,.T.);
#863=FACE_OUTER_BOUND('',#1049,.T.);
#864=FACE_OUTER_BOUND('',#1050,.T.);
#865=FACE_OUTER_BOUND('',#1051,.T.);
#866=FACE_OUTER_BOUND('',#1052,.T.);
#867=FACE_OUTER_BOUND('',#1053,.T.);
#868=FACE_OUTER_BOUND('',#1054,.T.);
#869=FACE_OUTER_BOUND('',#1055,.T.);
#870=FACE_OUTER_BOUND('',#1056,.T.);
#871=FACE_OUTER_BOUND('',#1057,.T.);
#872=FACE_OUTER_BOUND('',#1058,.T.);
#873=FACE_OUTER_BOUND('',#1059,.T.);
#874=FACE_OUTER_BOUND('',#1060,.T.);
#875=FACE_OUTER_BOUND('',#1061,.T.);
#876=FACE_OUTER_BOUND('',#1062,.T.);
#877=FACE_OUTER_BOUND('',#1063,.T.);
#878=FACE_OUTER_BOUND('',#1064,.T.);
#879=FACE_OUTER_BOUND('',#1065,.T.);
#880=FACE_OUTER_BOUND('',#1066,.T.);
#881=FACE_OUTER_BOUND('',#1067,.T.);
#882=EDGE_LOOP('',(#1792,#1793,#1794));
#883=EDGE_LOOP('',(#1795,#1796,#1797,#1798));
#884=EDGE_LOOP('',(#1799,#1800,#1801));
#885=EDGE_LOOP('',(#1802,#1803,#1804,#1805,#1806));
#886=EDGE_LOOP('',(#1807,#1808,#1809,#1810));
#887=EDGE_LOOP('',(#1811,#1812,#1813));
#888=EDGE_LOOP('',(#1814,#1815,#1816,#1817,#1818));
#889=EDGE_LOOP('',(#1819,#1820,#1821));
#890=EDGE_LOOP('',(#1822,#1823,#1824,#1825,#1826,#1827));
#891=EDGE_LOOP('',(#1828,#1829,#1830,#1831));
#892=EDGE_LOOP('',(#1832,#1833,#1834,#1835,#1836));
#893=EDGE_LOOP('',(#1837,#1838,#1839,#1840,#1841,#1842));
#894=EDGE_LOOP('',(#1843,#1844,#1845,#1846,#1847));
#895=EDGE_LOOP('',(#1848,#1849,#1850,#1851,#1852,#1853,#1854,#1855));
#896=EDGE_LOOP('',(#1856,#1857,#1858,#1859,#1860,#1861,#1862,#1863,#1864,
#1865));
#897=EDGE_LOOP('',(#1866,#1867,#1868,#1869,#1870,#1871));
#898=EDGE_LOOP('',(#1872,#1873,#1874,#1875,#1876,#1877,#1878,#1879,#1880,
#1881));
#899=EDGE_LOOP('',(#1882,#1883,#1884,#1885,#1886,#1887));
#900=EDGE_LOOP('',(#1888,#1889,#1890,#1891,#1892,#1893,#1894,#1895,#1896,
#1897,#1898,#1899));
#901=EDGE_LOOP('',(#1900,#1901,#1902,#1903,#1904,#1905));
#902=EDGE_LOOP('',(#1906,#1907,#1908,#1909,#1910,#1911,#1912,#1913,#1914,
#1915));
#903=EDGE_LOOP('',(#1916,#1917,#1918,#1919,#1920,#1921));
#904=EDGE_LOOP('',(#1922,#1923,#1924,#1925,#1926,#1927,#1928,#1929,#1930,
#1931));
#905=EDGE_LOOP('',(#1932,#1933,#1934,#1935,#1936,#1937));
#906=EDGE_LOOP('',(#1938,#1939,#1940,#1941));
#907=EDGE_LOOP('',(#1942,#1943,#1944,#1945));
#908=EDGE_LOOP('',(#1946,#1947,#1948,#1949));
#909=EDGE_LOOP('',(#1950,#1951,#1952,#1953,#1954,#1955));
#910=EDGE_LOOP('',(#1956,#1957,#1958,#1959));
#911=EDGE_LOOP('',(#1960,#1961,#1962,#1963));
#912=EDGE_LOOP('',(#1964,#1965,#1966,#1967));
#913=EDGE_LOOP('',(#1968,#1969,#1970,#1971));
#914=EDGE_LOOP('',(#1972,#1973,#1974,#1975));
#915=EDGE_LOOP('',(#1976,#1977,#1978,#1979));
#916=EDGE_LOOP('',(#1980,#1981,#1982));
#917=EDGE_LOOP('',(#1983,#1984,#1985));
#918=EDGE_LOOP('',(#1986,#1987,#1988,#1989));
#919=EDGE_LOOP('',(#1990,#1991,#1992,#1993));
#920=EDGE_LOOP('',(#1994,#1995,#1996,#1997,#1998));
#921=EDGE_LOOP('',(#1999,#2000,#2001,#2002));
#922=EDGE_LOOP('',(#2003,#2004,#2005,#2006,#2007));
#923=EDGE_LOOP('',(#2008,#2009,#2010,#2011));
#924=EDGE_LOOP('',(#2012,#2013,#2014,#2015));
#925=EDGE_LOOP('',(#2016,#2017,#2018,#2019,#2020,#2021,#2022,#2023,#2024,
#2025));
#926=EDGE_LOOP('',(#2026,#2027,#2028,#2029));
#927=EDGE_LOOP('',(#2030,#2031,#2032));
#928=EDGE_LOOP('',(#2033,#2034,#2035));
#929=EDGE_LOOP('',(#2036,#2037,#2038,#2039));
#930=EDGE_LOOP('',(#2040,#2041,#2042,#2043));
#931=EDGE_LOOP('',(#2044,#2045,#2046,#2047));
#932=EDGE_LOOP('',(#2048,#2049,#2050,#2051));
#933=EDGE_LOOP('',(#2052,#2053,#2054,#2055));
#934=EDGE_LOOP('',(#2056,#2057,#2058,#2059));
#935=EDGE_LOOP('',(#2060,#2061,#2062,#2063));
#936=EDGE_LOOP('',(#2064,#2065,#2066,#2067));
#937=EDGE_LOOP('',(#2068,#2069,#2070,#2071));
#938=EDGE_LOOP('',(#2072,#2073,#2074,#2075));
#939=EDGE_LOOP('',(#2076));
#940=EDGE_LOOP('',(#2077));
#941=EDGE_LOOP('',(#2078));
#942=EDGE_LOOP('',(#2079,#2080,#2081,#2082));
#943=EDGE_LOOP('',(#2083,#2084,#2085,#2086));
#944=EDGE_LOOP('',(#2087,#2088,#2089,#2090));
#945=EDGE_LOOP('',(#2091,#2092,#2093,#2094));
#946=EDGE_LOOP('',(#2095,#2096,#2097,#2098));
#947=EDGE_LOOP('',(#2099,#2100,#2101,#2102));
#948=EDGE_LOOP('',(#2103));
#949=EDGE_LOOP('',(#2104,#2105,#2106,#2107));
#950=EDGE_LOOP('',(#2108));
#951=EDGE_LOOP('',(#2109,#2110,#2111,#2112));
#952=EDGE_LOOP('',(#2113));
#953=EDGE_LOOP('',(#2114,#2115,#2116,#2117,#2118,#2119,#2120,#2121,#2122,
#2123,#2124,#2125));
#954=EDGE_LOOP('',(#2126,#2127,#2128,#2129,#2130,#2131,#2132,#2133,#2134,
#2135,#2136,#2137));
#955=EDGE_LOOP('',(#2138,#2139,#2140,#2141));
#956=EDGE_LOOP('',(#2142,#2143,#2144,#2145));
#957=EDGE_LOOP('',(#2146,#2147,#2148,#2149,#2150,#2151,#2152,#2153,#2154,
#2155));
#958=EDGE_LOOP('',(#2156,#2157,#2158,#2159));
#959=EDGE_LOOP('',(#2160,#2161,#2162,#2163));
#960=EDGE_LOOP('',(#2164,#2165,#2166,#2167));
#961=EDGE_LOOP('',(#2168,#2169,#2170,#2171));
#962=EDGE_LOOP('',(#2172,#2173,#2174,#2175));
#963=EDGE_LOOP('',(#2176,#2177,#2178,#2179));
#964=EDGE_LOOP('',(#2180,#2181,#2182,#2183));
#965=EDGE_LOOP('',(#2184,#2185,#2186,#2187));
#966=EDGE_LOOP('',(#2188,#2189,#2190,#2191));
#967=EDGE_LOOP('',(#2192,#2193,#2194,#2195));
#968=EDGE_LOOP('',(#2196,#2197,#2198,#2199));
#969=EDGE_LOOP('',(#2200,#2201,#2202,#2203,#2204,#2205));
#970=EDGE_LOOP('',(#2206,#2207,#2208,#2209));
#971=EDGE_LOOP('',(#2210,#2211,#2212,#2213));
#972=EDGE_LOOP('',(#2214,#2215,#2216,#2217));
#973=EDGE_LOOP('',(#2218,#2219,#2220,#2221));
#974=EDGE_LOOP('',(#2222,#2223,#2224,#2225));
#975=EDGE_LOOP('',(#2226,#2227,#2228,#2229));
#976=EDGE_LOOP('',(#2230,#2231,#2232,#2233));
#977=EDGE_LOOP('',(#2234,#2235,#2236,#2237));
#978=EDGE_LOOP('',(#2238,#2239,#2240,#2241));
#979=EDGE_LOOP('',(#2242,#2243,#2244,#2245));
#980=EDGE_LOOP('',(#2246,#2247,#2248,#2249));
#981=EDGE_LOOP('',(#2250,#2251,#2252,#2253));
#982=EDGE_LOOP('',(#2254,#2255,#2256,#2257));
#983=EDGE_LOOP('',(#2258,#2259,#2260,#2261));
#984=EDGE_LOOP('',(#2262,#2263,#2264,#2265));
#985=EDGE_LOOP('',(#2266,#2267,#2268,#2269));
#986=EDGE_LOOP('',(#2270,#2271,#2272,#2273));
#987=EDGE_LOOP('',(#2274,#2275,#2276,#2277));
#988=EDGE_LOOP('',(#2278,#2279,#2280,#2281));
#989=EDGE_LOOP('',(#2282,#2283,#2284,#2285));
#990=EDGE_LOOP('',(#2286,#2287,#2288,#2289));
#991=EDGE_LOOP('',(#2290,#2291,#2292,#2293));
#992=EDGE_LOOP('',(#2294,#2295,#2296,#2297));
#993=EDGE_LOOP('',(#2298,#2299,#2300,#2301));
#994=EDGE_LOOP('',(#2302,#2303,#2304,#2305));
#995=EDGE_LOOP('',(#2306,#2307,#2308,#2309));
#996=EDGE_LOOP('',(#2310,#2311,#2312,#2313));
#997=EDGE_LOOP('',(#2314,#2315,#2316,#2317));
#998=EDGE_LOOP('',(#2318,#2319,#2320,#2321));
#999=EDGE_LOOP('',(#2322,#2323,#2324,#2325));
#1000=EDGE_LOOP('',(#2326,#2327,#2328,#2329));
#1001=EDGE_LOOP('',(#2330,#2331,#2332,#2333,#2334,#2335));
#1002=EDGE_LOOP('',(#2336,#2337,#2338,#2339));
#1003=EDGE_LOOP('',(#2340,#2341,#2342,#2343));
#1004=EDGE_LOOP('',(#2344,#2345,#2346));
#1005=EDGE_LOOP('',(#2347,#2348,#2349,#2350));
#1006=EDGE_LOOP('',(#2351,#2352,#2353,#2354));
#1007=EDGE_LOOP('',(#2355,#2356,#2357));
#1008=EDGE_LOOP('',(#2358,#2359,#2360,#2361));
#1009=EDGE_LOOP('',(#2362,#2363,#2364,#2365));
#1010=EDGE_LOOP('',(#2366,#2367,#2368,#2369));
#1011=EDGE_LOOP('',(#2370,#2371,#2372));
#1012=EDGE_LOOP('',(#2373,#2374,#2375,#2376));
#1013=EDGE_LOOP('',(#2377,#2378,#2379));
#1014=EDGE_LOOP('',(#2380,#2381,#2382,#2383));
#1015=EDGE_LOOP('',(#2384,#2385,#2386,#2387));
#1016=EDGE_LOOP('',(#2388,#2389,#2390));
#1017=EDGE_LOOP('',(#2391,#2392,#2393,#2394));
#1018=EDGE_LOOP('',(#2395,#2396,#2397,#2398));
#1019=EDGE_LOOP('',(#2399,#2400,#2401,#2402));
#1020=EDGE_LOOP('',(#2403,#2404,#2405));
#1021=EDGE_LOOP('',(#2406,#2407,#2408,#2409));
#1022=EDGE_LOOP('',(#2410,#2411,#2412));
#1023=EDGE_LOOP('',(#2413,#2414,#2415));
#1024=EDGE_LOOP('',(#2416,#2417,#2418,#2419));
#1025=EDGE_LOOP('',(#2420,#2421,#2422,#2423));
#1026=EDGE_LOOP('',(#2424,#2425,#2426,#2427));
#1027=EDGE_LOOP('',(#2428,#2429,#2430,#2431));
#1028=EDGE_LOOP('',(#2432,#2433,#2434));
#1029=EDGE_LOOP('',(#2435,#2436,#2437,#2438));
#1030=EDGE_LOOP('',(#2439,#2440,#2441));
#1031=EDGE_LOOP('',(#2442,#2443,#2444));
#1032=EDGE_LOOP('',(#2445,#2446,#2447,#2448));
#1033=EDGE_LOOP('',(#2449,#2450,#2451,#2452));
#1034=EDGE_LOOP('',(#2453,#2454,#2455));
#1035=EDGE_LOOP('',(#2456,#2457,#2458,#2459));
#1036=EDGE_LOOP('',(#2460,#2461,#2462));
#1037=EDGE_LOOP('',(#2463,#2464,#2465,#2466));
#1038=EDGE_LOOP('',(#2467,#2468,#2469,#2470));
#1039=EDGE_LOOP('',(#2471,#2472,#2473,#2474));
#1040=EDGE_LOOP('',(#2475,#2476,#2477));
#1041=EDGE_LOOP('',(#2478,#2479,#2480));
#1042=EDGE_LOOP('',(#2481,#2482,#2483,#2484));
#1043=EDGE_LOOP('',(#2485,#2486,#2487,#2488));
#1044=EDGE_LOOP('',(#2489,#2490,#2491,#2492));
#1045=EDGE_LOOP('',(#2493,#2494,#2495,#2496));
#1046=EDGE_LOOP('',(#2497,#2498,#2499));
#1047=EDGE_LOOP('',(#2500,#2501,#2502));
#1048=EDGE_LOOP('',(#2503,#2504,#2505));
#1049=EDGE_LOOP('',(#2506,#2507,#2508));
#1050=EDGE_LOOP('',(#2509,#2510,#2511,#2512));
#1051=EDGE_LOOP('',(#2513,#2514,#2515,#2516));
#1052=EDGE_LOOP('',(#2517,#2518,#2519,#2520));
#1053=EDGE_LOOP('',(#2521,#2522,#2523,#2524));
#1054=EDGE_LOOP('',(#2525,#2526,#2527,#2528));
#1055=EDGE_LOOP('',(#2529,#2530,#2531,#2532));
#1056=EDGE_LOOP('',(#2533,#2534,#2535));
#1057=EDGE_LOOP('',(#2536,#2537,#2538));
#1058=EDGE_LOOP('',(#2539,#2540,#2541));
#1059=EDGE_LOOP('',(#2542,#2543,#2544));
#1060=EDGE_LOOP('',(#2545,#2546,#2547,#2548));
#1061=EDGE_LOOP('',(#2549,#2550,#2551,#2552));
#1062=EDGE_LOOP('',(#2553,#2554,#2555,#2556));
#1063=EDGE_LOOP('',(#2557,#2558,#2559,#2560));
#1064=EDGE_LOOP('',(#2561,#2562,#2563,#2564));
#1065=EDGE_LOOP('',(#2565,#2566,#2567));
#1066=EDGE_LOOP('',(#2568,#2569,#2570,#2571));
#1067=EDGE_LOOP('',(#2572,#2573,#2574,#2575));
#1068=CIRCLE('',#2785,6.99999999999999);
#1069=CIRCLE('',#2786,7.);
#1070=CIRCLE('',#2787,7.);
#1071=CIRCLE('',#2792,7.);
#1072=CIRCLE('',#2793,7.);
#1073=CIRCLE('',#2794,7.);
#1074=CIRCLE('',#2800,6.99999999999998);
#1075=CIRCLE('',#2801,7.);
#1076=CIRCLE('',#2802,7.);
#1077=CIRCLE('',#2806,7.);
#1078=CIRCLE('',#2807,7.);
#1079=CIRCLE('',#2808,7.);
#1080=CIRCLE('',#2819,2.);
#1081=CIRCLE('',#2820,3.);
#1082=CIRCLE('',#2821,5.);
#1083=CIRCLE('',#2822,3.);
#1084=CIRCLE('',#2823,3.);
#1085=CIRCLE('',#2824,3.);
#1086=CIRCLE('',#2826,5.);
#1087=CIRCLE('',#2827,3.);
#1088=CIRCLE('',#2828,2.);
#1089=CIRCLE('',#2829,3.);
#1090=CIRCLE('',#2830,3.);
#1091=CIRCLE('',#2831,2.99999999999999);
#1092=CIRCLE('',#2833,3.);
#1093=CIRCLE('',#2834,3.);
#1094=CIRCLE('',#2836,3.);
#1095=CIRCLE('',#2838,2.);
#1096=CIRCLE('',#2839,3.00000000000001);
#1097=CIRCLE('',#2840,5.);
#1098=CIRCLE('',#2841,3.);
#1099=CIRCLE('',#2842,3.00000000000001);
#1100=CIRCLE('',#2843,3.);
#1101=CIRCLE('',#2845,5.);
#1102=CIRCLE('',#2846,3.);
#1103=CIRCLE('',#2847,2.);
#1104=CIRCLE('',#2848,3.);
#1105=CIRCLE('',#2849,3.);
#1106=CIRCLE('',#2850,3.);
#1107=CIRCLE('',#2855,3.);
#1108=CIRCLE('',#2857,7.);
#1109=CIRCLE('',#2858,7.);
#1110=CIRCLE('',#2861,7.);
#1111=CIRCLE('',#2862,7.);
#1112=CIRCLE('',#2864,7.);
#1113=CIRCLE('',#2865,7.);
#1114=CIRCLE('',#2868,7.);
#1115=CIRCLE('',#2869,7.);
#1116=CIRCLE('',#2870,0.999999999999996);
#1117=CIRCLE('',#2873,0.999999999999996);
#1118=CIRCLE('',#2878,2.);
#1119=CIRCLE('',#2880,2.);
#1120=CIRCLE('',#2881,1.);
#1121=CIRCLE('',#2883,2.);
#1122=CIRCLE('',#2885,2.);
#1123=CIRCLE('',#2886,1.);
#1124=CIRCLE('',#2891,1.);
#1125=CIRCLE('',#2894,1.00000000000001);
#1126=CIRCLE('',#2899,1.99999999999999);
#1127=CIRCLE('',#2901,2.);
#1128=CIRCLE('',#2902,1.);
#1129=CIRCLE('',#2904,2.);
#1130=CIRCLE('',#2906,1.99999999999999);
#1131=CIRCLE('',#2907,1.);
#1132=CIRCLE('',#2913,2.8);
#1133=CIRCLE('',#2914,2.8);
#1134=CIRCLE('',#2915,2.8);
#1135=CIRCLE('',#2922,2.8);
#1136=CIRCLE('',#2925,2.8);
#1137=CIRCLE('',#2928,2.8);
#1138=CIRCLE('',#2936,1.);
#1139=CIRCLE('',#2939,1.);
#1140=CIRCLE('',#2942,1.);
#1141=CIRCLE('',#2945,1.00000000000001);
#1142=CIRCLE('',#2948,0.999999999999996);
#1143=CIRCLE('',#2950,1.);
#1144=CIRCLE('',#2953,3.);
#1145=CIRCLE('',#2956,1.);
#1146=CIRCLE('',#2959,1.);
#1147=CIRCLE('',#2962,1.);
#1148=CIRCLE('',#2965,1.);
#1149=CIRCLE('',#2968,1.);
#1150=CIRCLE('',#2971,1.);
#1151=CIRCLE('',#2974,1.);
#1152=CIRCLE('',#2977,1.);
#1153=CIRCLE('',#2980,1.);
#1154=CIRCLE('',#2983,0.999999999999999);
#1155=CIRCLE('',#2986,1.);
#1156=CIRCLE('',#2989,1.);
#1157=CIRCLE('',#2992,1.);
#1158=CIRCLE('',#2995,1.00000000000001);
#1159=CIRCLE('',#2998,1.);
#1160=CIRCLE('',#3001,3.);
#1161=CIRCLE('',#3004,1.);
#1162=CIRCLE('',#3011,1.);
#1163=CIRCLE('',#3017,0.999999999999996);
#1164=CIRCLE('',#3019,1.);
#1165=CIRCLE('',#3025,0.999999999999998);
#1166=CIRCLE('',#3030,2.99999999999997);
#1167=CIRCLE('',#3036,0.999999999999996);
#1168=CIRCLE('',#3047,3.);
#1169=CIRCLE('',#3048,3.);
#1170=CIRCLE('',#3054,3.00000000000001);
#1171=CIRCLE('',#3055,3.);
#1172=CIRCLE('',#3056,3.);
#1173=CIRCLE('',#3062,1.);
#1174=CIRCLE('',#3065,0.999999999999998);
#1175=CIRCLE('',#3071,0.999999999999996);
#1176=CIRCLE('',#3076,0.999999999999992);
#1177=CIRCLE('',#3086,0.999999999999999);
#1178=VERTEX_POINT('',#3965);
#1179=VERTEX_POINT('',#3966);
#1180=VERTEX_POINT('',#3968);
#1181=VERTEX_POINT('',#3972);
#1182=VERTEX_POINT('',#3973);
#1183=VERTEX_POINT('',#3975);
#1184=VERTEX_POINT('',#3977);
#1185=VERTEX_POINT('',#3981);
#1186=VERTEX_POINT('',#3982);
#1187=VERTEX_POINT('',#3984);
#1188=VERTEX_POINT('',#3988);
#1189=VERTEX_POINT('',#3990);
#1190=VERTEX_POINT('',#3992);
#1191=VERTEX_POINT('',#3999);
#1192=VERTEX_POINT('',#4000);
#1193=VERTEX_POINT('',#4002);
#1194=VERTEX_POINT('',#4007);
#1195=VERTEX_POINT('',#4011);
#1196=VERTEX_POINT('',#4012);
#1197=VERTEX_POINT('',#4014);
#1198=VERTEX_POINT('',#4018);
#1199=VERTEX_POINT('',#4019);
#1200=VERTEX_POINT('',#4046);
#1201=VERTEX_POINT('',#4051);
#1202=VERTEX_POINT('',#4052);
#1203=VERTEX_POINT('',#4076);
#1204=VERTEX_POINT('',#4078);
#1205=VERTEX_POINT('',#4080);
#1206=VERTEX_POINT('',#4084);
#1207=VERTEX_POINT('',#4085);
#1208=VERTEX_POINT('',#4098);
#1209=VERTEX_POINT('',#4100);
#1210=VERTEX_POINT('',#4115);
#1211=VERTEX_POINT('',#4117);
#1212=VERTEX_POINT('',#4119);
#1213=VERTEX_POINT('',#4121);
#1214=VERTEX_POINT('',#4123);
#1215=VERTEX_POINT('',#4125);
#1216=VERTEX_POINT('',#4127);
#1217=VERTEX_POINT('',#4130);
#1218=VERTEX_POINT('',#4131);
#1219=VERTEX_POINT('',#4133);
#1220=VERTEX_POINT('',#4135);
#1221=VERTEX_POINT('',#4137);
#1222=VERTEX_POINT('',#4139);
#1223=VERTEX_POINT('',#4143);
#1224=VERTEX_POINT('',#4145);
#1225=VERTEX_POINT('',#4147);
#1226=VERTEX_POINT('',#4149);
#1227=VERTEX_POINT('',#4151);
#1228=VERTEX_POINT('',#4153);
#1229=VERTEX_POINT('',#4155);
#1230=VERTEX_POINT('',#4158);
#1231=VERTEX_POINT('',#4159);
#1232=VERTEX_POINT('',#4161);
#1233=VERTEX_POINT('',#4163);
#1234=VERTEX_POINT('',#4165);
#1235=VERTEX_POINT('',#4167);
#1236=VERTEX_POINT('',#4171);
#1237=VERTEX_POINT('',#4173);
#1238=VERTEX_POINT('',#4175);
#1239=VERTEX_POINT('',#4177);
#1240=VERTEX_POINT('',#4179);
#1241=VERTEX_POINT('',#4181);
#1242=VERTEX_POINT('',#4183);
#1243=VERTEX_POINT('',#4187);
#1244=VERTEX_POINT('',#4189);
#1245=VERTEX_POINT('',#4191);
#1246=VERTEX_POINT('',#4195);
#1247=VERTEX_POINT('',#4197);
#1248=VERTEX_POINT('',#4199);
#1249=VERTEX_POINT('',#4201);
#1250=VERTEX_POINT('',#4203);
#1251=VERTEX_POINT('',#4205);
#1252=VERTEX_POINT('',#4208);
#1253=VERTEX_POINT('',#4209);
#1254=VERTEX_POINT('',#4211);
#1255=VERTEX_POINT('',#4213);
#1256=VERTEX_POINT('',#4215);
#1257=VERTEX_POINT('',#4217);
#1258=VERTEX_POINT('',#4221);
#1259=VERTEX_POINT('',#4223);
#1260=VERTEX_POINT('',#4225);
#1261=VERTEX_POINT('',#4227);
#1262=VERTEX_POINT('',#4229);
#1263=VERTEX_POINT('',#4231);
#1264=VERTEX_POINT('',#4234);
#1265=VERTEX_POINT('',#4235);
#1266=VERTEX_POINT('',#4237);
#1267=VERTEX_POINT('',#4239);
#1268=VERTEX_POINT('',#4241);
#1269=VERTEX_POINT('',#4243);
#1270=VERTEX_POINT('',#4250);
#1271=VERTEX_POINT('',#4252);
#1272=VERTEX_POINT('',#4256);
#1273=VERTEX_POINT('',#4258);
#1274=VERTEX_POINT('',#4262);
#1275=VERTEX_POINT('',#4264);
#1276=VERTEX_POINT('',#4268);
#1277=VERTEX_POINT('',#4270);
#1278=VERTEX_POINT('',#4274);
#1279=VERTEX_POINT('',#4276);
#1280=VERTEX_POINT('',#4280);
#1281=VERTEX_POINT('',#4282);
#1282=VERTEX_POINT('',#4286);
#1283=VERTEX_POINT('',#4288);
#1284=VERTEX_POINT('',#4321);
#1285=VERTEX_POINT('',#4322);
#1286=VERTEX_POINT('',#4356);
#1287=VERTEX_POINT('',#4357);
#1288=VERTEX_POINT('',#4364);
#1289=VERTEX_POINT('',#4368);
#1290=VERTEX_POINT('',#4372);
#1291=VERTEX_POINT('',#4376);
#1292=VERTEX_POINT('',#4384);
#1293=VERTEX_POINT('',#4387);
#1294=VERTEX_POINT('',#4391);
#1295=VERTEX_POINT('',#4424);
#1296=VERTEX_POINT('',#4426);
#1297=VERTEX_POINT('',#4463);
#1298=VERTEX_POINT('',#4467);
#1299=VERTEX_POINT('',#4471);
#1300=VERTEX_POINT('',#4475);
#1301=VERTEX_POINT('',#4489);
#1302=VERTEX_POINT('',#4491);
#1303=VERTEX_POINT('',#4493);
#1304=VERTEX_POINT('',#4499);
#1305=VERTEX_POINT('',#4501);
#1306=VERTEX_POINT('',#4505);
#1307=VERTEX_POINT('',#4511);
#1308=VERTEX_POINT('',#4516);
#1309=VERTEX_POINT('',#4521);
#1310=VERTEX_POINT('',#4527);
#1311=VERTEX_POINT('',#4531);
#1312=VERTEX_POINT('',#4533);
#1313=VERTEX_POINT('',#4535);
#1314=VERTEX_POINT('',#4541);
#1315=VERTEX_POINT('',#4545);
#1316=VERTEX_POINT('',#4547);
#1317=VERTEX_POINT('',#4549);
#1318=VERTEX_POINT('',#4560);
#1319=VERTEX_POINT('',#4562);
#1320=VERTEX_POINT('',#4566);
#1321=VERTEX_POINT('',#4570);
#1322=VERTEX_POINT('',#4574);
#1323=VERTEX_POINT('',#4578);
#1324=VERTEX_POINT('',#4584);
#1325=VERTEX_POINT('',#4586);
#1326=VERTEX_POINT('',#4590);
#1327=VERTEX_POINT('',#4594);
#1328=VERTEX_POINT('',#4598);
#1329=VERTEX_POINT('',#4602);
#1330=VERTEX_POINT('',#4606);
#1331=VERTEX_POINT('',#4610);
#1332=VERTEX_POINT('',#4616);
#1333=VERTEX_POINT('',#4618);
#1334=VERTEX_POINT('',#4622);
#1335=VERTEX_POINT('',#4626);
#1336=VERTEX_POINT('',#4630);
#1337=VERTEX_POINT('',#4634);
#1338=VERTEX_POINT('',#4640);
#1339=VERTEX_POINT('',#4642);
#1340=VERTEX_POINT('',#4646);
#1341=VERTEX_POINT('',#4650);
#1342=VERTEX_POINT('',#4654);
#1343=VERTEX_POINT('',#4656);
#1344=VERTEX_POINT('',#4660);
#1345=VERTEX_POINT('',#4664);
#1346=VERTEX_POINT('',#4668);
#1347=VERTEX_POINT('',#4672);
#1348=VERTEX_POINT('',#4678);
#1349=VERTEX_POINT('',#4680);
#1350=VERTEX_POINT('',#4684);
#1351=VERTEX_POINT('',#4688);
#1352=VERTEX_POINT('',#4692);
#1353=VERTEX_POINT('',#4694);
#1354=VERTEX_POINT('',#4698);
#1355=VERTEX_POINT('',#4702);
#1356=VERTEX_POINT('',#4706);
#1357=VERTEX_POINT('',#4710);
#1358=VERTEX_POINT('',#4716);
#1359=VERTEX_POINT('',#4718);
#1360=VERTEX_POINT('',#4722);
#1361=VERTEX_POINT('',#4726);
#1362=VERTEX_POINT('',#4730);
#1363=VERTEX_POINT('',#4734);
#1364=VERTEX_POINT('',#4738);
#1365=VERTEX_POINT('',#4742);
#1366=VERTEX_POINT('',#4810);
#1367=VERTEX_POINT('',#4814);
#1368=VERTEX_POINT('',#4818);
#1369=VERTEX_POINT('',#4863);
#1370=VERTEX_POINT('',#4869);
#1371=VERTEX_POINT('',#4943);
#1372=VERTEX_POINT('',#4945);
#1373=VERTEX_POINT('',#4951);
#1374=VERTEX_POINT('',#4990);
#1375=VERTEX_POINT('',#4996);
#1376=VERTEX_POINT('',#5000);
#1377=VERTEX_POINT('',#5066);
#1378=VERTEX_POINT('',#5070);
#1379=VERTEX_POINT('',#5146);
#1380=VERTEX_POINT('',#5147);
#1381=VERTEX_POINT('',#5149);
#1382=VERTEX_POINT('',#5166);
#1383=VERTEX_POINT('',#5177);
#1384=VERTEX_POINT('',#5178);
#1385=VERTEX_POINT('',#5180);
#1386=VERTEX_POINT('',#5187);
#1387=VERTEX_POINT('',#5191);
#1388=VERTEX_POINT('',#5268);
#1389=VERTEX_POINT('',#5270);
#1390=VERTEX_POINT('',#5312);
#1391=VERTEX_POINT('',#5314);
#1392=VERTEX_POINT('',#5359);
#1393=VERTEX_POINT('',#5418);
#1394=VERTEX_POINT('',#5420);
#1395=VERTEX_POINT('',#5478);
#1396=VERTEX_POINT('',#5479);
#1397=VERTEX_POINT('',#5481);
#1398=VERTEX_POINT('',#5514);
#1399=VERTEX_POINT('',#5573);
#1400=EDGE_CURVE('',#1178,#1179,#1068,.F.);
#1401=EDGE_CURVE('',#1180,#1178,#1069,.F.);
#1402=EDGE_CURVE('',#1179,#1180,#1070,.F.);
#1403=EDGE_CURVE('',#1181,#1182,#184,.T.);
#1404=EDGE_CURVE('',#1182,#1183,#136,.T.);
#1405=EDGE_CURVE('',#1183,#1184,#185,.T.);
#1406=EDGE_CURVE('',#1184,#1181,#137,.T.);
#1407=EDGE_CURVE('',#1185,#1186,#1071,.F.);
#1408=EDGE_CURVE('',#1187,#1185,#1072,.F.);
#1409=EDGE_CURVE('',#1186,#1187,#1073,.F.);
#1410=EDGE_CURVE('',#1188,#1187,#186,.T.);
#1411=EDGE_CURVE('',#1185,#1189,#187,.T.);
#1412=EDGE_CURVE('',#1189,#1190,#138,.T.);
#1413=EDGE_CURVE('',#1190,#1188,#139,.T.);
#1414=EDGE_CURVE('',#1187,#1179,#188,.T.);
#1415=EDGE_CURVE('',#1180,#1186,#189,.T.);
#1416=EDGE_CURVE('',#1191,#1192,#1074,.F.);
#1417=EDGE_CURVE('',#1193,#1191,#1075,.F.);
#1418=EDGE_CURVE('',#1192,#1193,#1076,.F.);
#1419=EDGE_CURVE('',#1182,#1193,#190,.T.);
#1420=EDGE_CURVE('',#1191,#1194,#191,.T.);
#1421=EDGE_CURVE('',#1194,#1183,#140,.T.);
#1422=EDGE_CURVE('',#1195,#1196,#1077,.F.);
#1423=EDGE_CURVE('',#1197,#1195,#1078,.F.);
#1424=EDGE_CURVE('',#1196,#1197,#1079,.F.);
#1425=EDGE_CURVE('',#1198,#1199,#132,.T.);
#1426=EDGE_CURVE('',#1198,#1185,#192,.T.);
#1427=EDGE_CURVE('',#1186,#1197,#193,.T.);
#1428=EDGE_CURVE('',#1195,#1199,#194,.T.);
#1429=EDGE_CURVE('',#1193,#1196,#195,.T.);
#1430=EDGE_CURVE('',#1197,#1192,#196,.T.);
#1431=EDGE_CURVE('',#1200,#1195,#197,.T.);
#1432=EDGE_CURVE('',#1196,#1181,#198,.T.);
#1433=EDGE_CURVE('',#1184,#1200,#141,.T.);
#1434=EDGE_CURVE('',#1201,#1202,#133,.T.);
#1435=EDGE_CURVE('',#1201,#1191,#199,.T.);
#1436=EDGE_CURVE('',#1192,#1180,#200,.T.);
#1437=EDGE_CURVE('',#1178,#1202,#201,.T.);
#1438=EDGE_CURVE('',#1203,#1178,#202,.T.);
#1439=EDGE_CURVE('',#1179,#1204,#203,.T.);
#1440=EDGE_CURVE('',#1204,#1205,#142,.T.);
#1441=EDGE_CURVE('',#1205,#1203,#143,.T.);
#1442=EDGE_CURVE('',#1206,#1207,#134,.T.);
#1443=EDGE_CURVE('',#1207,#1205,#204,.T.);
#1444=EDGE_CURVE('',#1204,#1188,#205,.T.);
#1445=EDGE_CURVE('',#1190,#1208,#206,.T.);
#1446=EDGE_CURVE('',#1208,#1209,#135,.T.);
#1447=EDGE_CURVE('',#1209,#1206,#207,.T.);
#1448=EDGE_CURVE('',#1210,#1200,#208,.T.);
#1449=EDGE_CURVE('',#1211,#1210,#1080,.T.);
#1450=EDGE_CURVE('',#1212,#1211,#209,.T.);
#1451=EDGE_CURVE('',#1213,#1212,#210,.T.);
#1452=EDGE_CURVE('',#1214,#1213,#211,.T.);
#1453=EDGE_CURVE('',#1215,#1214,#1081,.T.);
#1454=EDGE_CURVE('',#1216,#1215,#212,.T.);
#1455=EDGE_CURVE('',#1199,#1216,#1082,.T.);
#1456=EDGE_CURVE('',#1217,#1218,#1083,.T.);
#1457=EDGE_CURVE('',#1219,#1217,#213,.T.);
#1458=EDGE_CURVE('',#1220,#1219,#1084,.T.);
#1459=EDGE_CURVE('',#1221,#1220,#214,.T.);
#1460=EDGE_CURVE('',#1222,#1221,#1085,.T.);
#1461=EDGE_CURVE('',#1218,#1222,#215,.T.);
#1462=EDGE_CURVE('',#1223,#1198,#1086,.T.);
#1463=EDGE_CURVE('',#1224,#1223,#216,.T.);
#1464=EDGE_CURVE('',#1225,#1224,#1087,.T.);
#1465=EDGE_CURVE('',#1226,#1225,#217,.T.);
#1466=EDGE_CURVE('',#1227,#1226,#218,.T.);
#1467=EDGE_CURVE('',#1227,#1228,#219,.T.);
#1468=EDGE_CURVE('',#1229,#1228,#1088,.T.);
#1469=EDGE_CURVE('',#1229,#1189,#220,.T.);
#1470=EDGE_CURVE('',#1230,#1231,#221,.T.);
#1471=EDGE_CURVE('',#1232,#1230,#1089,.T.);
#1472=EDGE_CURVE('',#1233,#1232,#222,.T.);
#1473=EDGE_CURVE('',#1234,#1233,#1090,.T.);
#1474=EDGE_CURVE('',#1235,#1234,#223,.T.);
#1475=EDGE_CURVE('',#1231,#1235,#1091,.T.);
#1476=EDGE_CURVE('',#1194,#1236,#224,.T.);
#1477=EDGE_CURVE('',#1237,#1236,#225,.T.);
#1478=EDGE_CURVE('',#1238,#1237,#226,.T.);
#1479=EDGE_CURVE('',#1239,#1238,#1092,.T.);
#1480=EDGE_CURVE('',#1240,#1239,#227,.T.);
#1481=EDGE_CURVE('',#1241,#1240,#1093,.T.);
#1482=EDGE_CURVE('',#1242,#1241,#228,.T.);
#1483=EDGE_CURVE('',#1210,#1242,#229,.T.);
#1484=EDGE_CURVE('',#1243,#1207,#1094,.T.);
#1485=EDGE_CURVE('',#1244,#1243,#230,.T.);
#1486=EDGE_CURVE('',#1245,#1244,#231,.T.);
#1487=EDGE_CURVE('',#1203,#1245,#232,.T.);
#1488=EDGE_CURVE('',#1246,#1245,#1095,.T.);
#1489=EDGE_CURVE('',#1247,#1246,#233,.T.);
#1490=EDGE_CURVE('',#1248,#1247,#234,.T.);
#1491=EDGE_CURVE('',#1249,#1248,#235,.T.);
#1492=EDGE_CURVE('',#1250,#1249,#1096,.T.);
#1493=EDGE_CURVE('',#1251,#1250,#236,.T.);
#1494=EDGE_CURVE('',#1202,#1251,#1097,.T.);
#1495=EDGE_CURVE('',#1252,#1253,#1098,.T.);
#1496=EDGE_CURVE('',#1254,#1252,#237,.T.);
#1497=EDGE_CURVE('',#1255,#1254,#1099,.T.);
#1498=EDGE_CURVE('',#1256,#1255,#238,.T.);
#1499=EDGE_CURVE('',#1257,#1256,#1100,.T.);
#1500=EDGE_CURVE('',#1253,#1257,#239,.T.);
#1501=EDGE_CURVE('',#1258,#1201,#1101,.T.);
#1502=EDGE_CURVE('',#1259,#1258,#240,.T.);
#1503=EDGE_CURVE('',#1260,#1259,#1102,.T.);
#1504=EDGE_CURVE('',#1261,#1260,#241,.T.);
#1505=EDGE_CURVE('',#1262,#1261,#242,.T.);
#1506=EDGE_CURVE('',#1262,#1263,#243,.T.);
#1507=EDGE_CURVE('',#1236,#1263,#1103,.T.);
#1508=EDGE_CURVE('',#1264,#1265,#244,.T.);
#1509=EDGE_CURVE('',#1266,#1264,#1104,.T.);
#1510=EDGE_CURVE('',#1267,#1266,#245,.T.);
#1511=EDGE_CURVE('',#1268,#1267,#1105,.T.);
#1512=EDGE_CURVE('',#1269,#1268,#246,.T.);
#1513=EDGE_CURVE('',#1265,#1269,#1106,.T.);
#1514=EDGE_CURVE('',#1270,#1229,#247,.T.);
#1515=EDGE_CURVE('',#1271,#1270,#248,.T.);
#1516=EDGE_CURVE('',#1208,#1271,#1107,.T.);
#1517=EDGE_CURVE('',#1261,#1272,#1108,.T.);
#1518=EDGE_CURVE('',#1272,#1273,#249,.T.);
#1519=EDGE_CURVE('',#1273,#1262,#1109,.T.);
#1520=EDGE_CURVE('',#1272,#1274,#250,.T.);
#1521=EDGE_CURVE('',#1274,#1275,#251,.T.);
#1522=EDGE_CURVE('',#1273,#1275,#252,.T.);
#1523=EDGE_CURVE('',#1276,#1248,#1110,.T.);
#1524=EDGE_CURVE('',#1247,#1277,#1111,.T.);
#1525=EDGE_CURVE('',#1277,#1276,#253,.T.);
#1526=EDGE_CURVE('',#1226,#1278,#1112,.T.);
#1527=EDGE_CURVE('',#1278,#1279,#254,.T.);
#1528=EDGE_CURVE('',#1279,#1227,#1113,.T.);
#1529=EDGE_CURVE('',#1278,#1280,#255,.T.);
#1530=EDGE_CURVE('',#1280,#1281,#256,.T.);
#1531=EDGE_CURVE('',#1279,#1281,#257,.T.);
#1532=EDGE_CURVE('',#1282,#1213,#1114,.T.);
#1533=EDGE_CURVE('',#1212,#1283,#1115,.T.);
#1534=EDGE_CURVE('',#1283,#1282,#258,.T.);
#1535=EDGE_CURVE('',#1284,#1285,#1116,.T.);
#1536=EDGE_CURVE('',#1285,#1270,#144,.T.);
#1537=EDGE_CURVE('',#1270,#1284,#145,.T.);
#1538=EDGE_CURVE('',#1286,#1287,#1117,.T.);
#1539=EDGE_CURVE('',#1287,#1244,#146,.T.);
#1540=EDGE_CURVE('',#1244,#1286,#147,.T.);
#1541=EDGE_CURVE('',#1287,#1246,#259,.T.);
#1542=EDGE_CURVE('',#1243,#1288,#1118,.T.);
#1543=EDGE_CURVE('',#1288,#1286,#260,.T.);
#1544=EDGE_CURVE('',#1206,#1289,#1119,.T.);
#1545=EDGE_CURVE('',#1289,#1288,#1120,.T.);
#1546=EDGE_CURVE('',#1209,#1290,#1121,.T.);
#1547=EDGE_CURVE('',#1290,#1289,#261,.T.);
#1548=EDGE_CURVE('',#1271,#1291,#1122,.T.);
#1549=EDGE_CURVE('',#1291,#1290,#1123,.T.);
#1550=EDGE_CURVE('',#1285,#1291,#262,.T.);
#1551=EDGE_CURVE('',#1228,#1284,#263,.T.);
#1552=EDGE_CURVE('',#1292,#1287,#264,.T.);
#1553=EDGE_CURVE('',#1263,#1292,#265,.T.);
#1554=EDGE_CURVE('',#1275,#1293,#266,.T.);
#1555=EDGE_CURVE('',#1293,#1277,#267,.T.);
#1556=EDGE_CURVE('',#1286,#1294,#268,.T.);
#1557=EDGE_CURVE('',#1292,#1294,#1124,.T.);
#1558=EDGE_CURVE('',#1295,#1242,#148,.T.);
#1559=EDGE_CURVE('',#1242,#1296,#149,.T.);
#1560=EDGE_CURVE('',#1296,#1295,#1125,.T.);
#1561=EDGE_CURVE('',#1294,#1237,#150,.T.);
#1562=EDGE_CURVE('',#1237,#1292,#151,.T.);
#1563=EDGE_CURVE('',#1294,#1297,#269,.T.);
#1564=EDGE_CURVE('',#1297,#1238,#1126,.T.);
#1565=EDGE_CURVE('',#1298,#1239,#1127,.T.);
#1566=EDGE_CURVE('',#1297,#1298,#1128,.T.);
#1567=EDGE_CURVE('',#1299,#1240,#1129,.T.);
#1568=EDGE_CURVE('',#1298,#1299,#270,.T.);
#1569=EDGE_CURVE('',#1300,#1241,#1130,.T.);
#1570=EDGE_CURVE('',#1299,#1300,#1131,.T.);
#1571=EDGE_CURVE('',#1300,#1296,#271,.T.);
#1572=EDGE_CURVE('',#1295,#1211,#272,.T.);
#1573=EDGE_CURVE('',#1296,#1285,#273,.T.);
#1574=EDGE_CURVE('',#1291,#1300,#274,.T.);
#1575=EDGE_CURVE('',#1299,#1290,#275,.T.);
#1576=EDGE_CURVE('',#1289,#1298,#276,.T.);
#1577=EDGE_CURVE('',#1301,#1301,#1132,.T.);
#1578=EDGE_CURVE('',#1302,#1302,#1133,.T.);
#1579=EDGE_CURVE('',#1303,#1303,#1134,.T.);
#1580=EDGE_CURVE('',#1297,#1288,#277,.T.);
#1581=EDGE_CURVE('',#1304,#1283,#278,.T.);
#1582=EDGE_CURVE('',#1305,#1304,#279,.T.);
#1583=EDGE_CURVE('',#1305,#1282,#280,.T.);
#1584=EDGE_CURVE('',#1306,#1293,#281,.T.);
#1585=EDGE_CURVE('',#1306,#1276,#282,.T.);
#1586=EDGE_CURVE('',#1295,#1284,#283,.T.);
#1587=EDGE_CURVE('',#1303,#1307,#284,.T.);
#1588=EDGE_CURVE('',#1307,#1307,#1135,.T.);
#1589=EDGE_CURVE('',#1302,#1308,#285,.T.);
#1590=EDGE_CURVE('',#1308,#1308,#1136,.T.);
#1591=EDGE_CURVE('',#1301,#1309,#286,.T.);
#1592=EDGE_CURVE('',#1309,#1309,#1137,.T.);
#1593=EDGE_CURVE('',#1280,#1305,#287,.T.);
#1594=EDGE_CURVE('',#1310,#1225,#33,.T.);
#1595=EDGE_CURVE('',#1311,#1310,#288,.T.);
#1596=EDGE_CURVE('',#1312,#1311,#289,.T.);
#1597=EDGE_CURVE('',#1313,#1312,#290,.T.);
#1598=EDGE_CURVE('',#1214,#1313,#34,.T.);
#1599=EDGE_CURVE('',#1314,#1260,#35,.T.);
#1600=EDGE_CURVE('',#1315,#1314,#291,.T.);
#1601=EDGE_CURVE('',#1316,#1315,#292,.T.);
#1602=EDGE_CURVE('',#1317,#1316,#293,.T.);
#1603=EDGE_CURVE('',#1249,#1317,#36,.T.);
#1604=EDGE_CURVE('',#1274,#1306,#294,.T.);
#1605=EDGE_CURVE('',#1281,#1304,#295,.T.);
#1606=EDGE_CURVE('',#1253,#1318,#296,.T.);
#1607=EDGE_CURVE('',#1318,#1319,#1138,.T.);
#1608=EDGE_CURVE('',#1319,#1252,#297,.T.);
#1609=EDGE_CURVE('',#1257,#1320,#298,.T.);
#1610=EDGE_CURVE('',#1320,#1318,#299,.T.);
#1611=EDGE_CURVE('',#1256,#1321,#300,.T.);
#1612=EDGE_CURVE('',#1321,#1320,#1139,.T.);
#1613=EDGE_CURVE('',#1255,#1322,#301,.T.);
#1614=EDGE_CURVE('',#1322,#1321,#302,.T.);
#1615=EDGE_CURVE('',#1254,#1323,#303,.T.);
#1616=EDGE_CURVE('',#1323,#1322,#1140,.T.);
#1617=EDGE_CURVE('',#1319,#1323,#304,.T.);
#1618=EDGE_CURVE('',#1323,#1324,#305,.T.);
#1619=EDGE_CURVE('',#1324,#1325,#1141,.T.);
#1620=EDGE_CURVE('',#1325,#1322,#306,.T.);
#1621=EDGE_CURVE('',#1326,#1319,#307,.T.);
#1622=EDGE_CURVE('',#1324,#1326,#308,.T.);
#1623=EDGE_CURVE('',#1318,#1327,#309,.T.);
#1624=EDGE_CURVE('',#1326,#1327,#1142,.T.);
#1625=EDGE_CURVE('',#1259,#1328,#310,.T.);
#1626=EDGE_CURVE('',#1328,#1314,#1143,.T.);
#1627=EDGE_CURVE('',#1258,#1329,#311,.T.);
#1628=EDGE_CURVE('',#1329,#1328,#312,.T.);
#1629=EDGE_CURVE('',#1251,#1330,#313,.T.);
#1630=EDGE_CURVE('',#1330,#1329,#1144,.T.);
#1631=EDGE_CURVE('',#1250,#1331,#314,.T.);
#1632=EDGE_CURVE('',#1331,#1330,#315,.T.);
#1633=EDGE_CURVE('',#1317,#1331,#1145,.T.);
#1634=EDGE_CURVE('',#1332,#1264,#316,.T.);
#1635=EDGE_CURVE('',#1265,#1333,#317,.T.);
#1636=EDGE_CURVE('',#1333,#1332,#318,.T.);
#1637=EDGE_CURVE('',#1332,#1334,#1146,.T.);
#1638=EDGE_CURVE('',#1334,#1266,#319,.T.);
#1639=EDGE_CURVE('',#1335,#1267,#320,.T.);
#1640=EDGE_CURVE('',#1334,#1335,#321,.T.);
#1641=EDGE_CURVE('',#1335,#1336,#1147,.T.);
#1642=EDGE_CURVE('',#1336,#1268,#322,.T.);
#1643=EDGE_CURVE('',#1337,#1269,#323,.T.);
#1644=EDGE_CURVE('',#1336,#1337,#324,.T.);
#1645=EDGE_CURVE('',#1337,#1333,#1148,.T.);
#1646=EDGE_CURVE('',#1338,#1334,#325,.T.);
#1647=EDGE_CURVE('',#1339,#1338,#326,.T.);
#1648=EDGE_CURVE('',#1335,#1339,#327,.T.);
#1649=EDGE_CURVE('',#1332,#1340,#328,.T.);
#1650=EDGE_CURVE('',#1338,#1340,#1149,.T.);
#1651=EDGE_CURVE('',#1341,#1333,#329,.T.);
#1652=EDGE_CURVE('',#1340,#1341,#330,.T.);
#1653=EDGE_CURVE('',#1218,#1342,#331,.T.);
#1654=EDGE_CURVE('',#1342,#1343,#1150,.T.);
#1655=EDGE_CURVE('',#1343,#1217,#332,.T.);
#1656=EDGE_CURVE('',#1222,#1344,#333,.T.);
#1657=EDGE_CURVE('',#1344,#1342,#334,.T.);
#1658=EDGE_CURVE('',#1221,#1345,#335,.T.);
#1659=EDGE_CURVE('',#1345,#1344,#1151,.T.);
#1660=EDGE_CURVE('',#1220,#1346,#336,.T.);
#1661=EDGE_CURVE('',#1346,#1345,#337,.T.);
#1662=EDGE_CURVE('',#1219,#1347,#338,.T.);
#1663=EDGE_CURVE('',#1347,#1346,#1152,.T.);
#1664=EDGE_CURVE('',#1343,#1347,#339,.T.);
#1665=EDGE_CURVE('',#1347,#1348,#340,.T.);
#1666=EDGE_CURVE('',#1349,#1348,#1153,.T.);
#1667=EDGE_CURVE('',#1349,#1346,#341,.T.);
#1668=EDGE_CURVE('',#1350,#1343,#342,.T.);
#1669=EDGE_CURVE('',#1348,#1350,#343,.T.);
#1670=EDGE_CURVE('',#1342,#1351,#344,.T.);
#1671=EDGE_CURVE('',#1350,#1351,#1154,.T.);
#1672=EDGE_CURVE('',#1231,#1352,#345,.T.);
#1673=EDGE_CURVE('',#1352,#1353,#346,.T.);
#1674=EDGE_CURVE('',#1353,#1230,#347,.T.);
#1675=EDGE_CURVE('',#1235,#1354,#348,.T.);
#1676=EDGE_CURVE('',#1354,#1352,#1155,.T.);
#1677=EDGE_CURVE('',#1234,#1355,#349,.T.);
#1678=EDGE_CURVE('',#1355,#1354,#350,.T.);
#1679=EDGE_CURVE('',#1233,#1356,#351,.T.);
#1680=EDGE_CURVE('',#1356,#1355,#1156,.T.);
#1681=EDGE_CURVE('',#1232,#1357,#352,.T.);
#1682=EDGE_CURVE('',#1357,#1356,#353,.T.);
#1683=EDGE_CURVE('',#1353,#1357,#1157,.T.);
#1684=EDGE_CURVE('',#1358,#1357,#354,.T.);
#1685=EDGE_CURVE('',#1359,#1358,#355,.T.);
#1686=EDGE_CURVE('',#1356,#1359,#356,.T.);
#1687=EDGE_CURVE('',#1353,#1360,#357,.T.);
#1688=EDGE_CURVE('',#1358,#1360,#1158,.T.);
#1689=EDGE_CURVE('',#1361,#1352,#358,.T.);
#1690=EDGE_CURVE('',#1360,#1361,#359,.T.);
#1691=EDGE_CURVE('',#1224,#1362,#360,.T.);
#1692=EDGE_CURVE('',#1362,#1310,#1159,.T.);
#1693=EDGE_CURVE('',#1223,#1363,#361,.T.);
#1694=EDGE_CURVE('',#1363,#1362,#362,.T.);
#1695=EDGE_CURVE('',#1216,#1364,#363,.T.);
#1696=EDGE_CURVE('',#1364,#1363,#1160,.T.);
#1697=EDGE_CURVE('',#1215,#1365,#364,.T.);
#1698=EDGE_CURVE('',#1365,#1364,#365,.T.);
#1699=EDGE_CURVE('',#1313,#1365,#1161,.T.);
#1700=EDGE_CURVE('',#1340,#1366,#152,.T.);
#1701=EDGE_CURVE('',#1366,#1338,#153,.T.);
#1702=EDGE_CURVE('',#1366,#1367,#366,.T.);
#1703=EDGE_CURVE('',#1339,#1367,#154,.T.);
#1704=EDGE_CURVE('',#1368,#1341,#155,.T.);
#1705=EDGE_CURVE('',#1368,#1366,#367,.T.);
#1706=EDGE_CURVE('',#1369,#1339,#1162,.T.);
#1707=EDGE_CURVE('',#1367,#1369,#156,.T.);
#1708=EDGE_CURVE('',#1369,#1336,#368,.T.);
#1709=EDGE_CURVE('',#1370,#1369,#369,.T.);
#1710=EDGE_CURVE('',#1337,#1370,#370,.T.);
#1711=EDGE_CURVE('',#1367,#1368,#371,.T.);
#1712=EDGE_CURVE('',#1370,#1368,#157,.T.);
#1713=EDGE_CURVE('',#1341,#1370,#1163,.T.);
#1714=EDGE_CURVE('',#1315,#1371,#1164,.T.);
#1715=EDGE_CURVE('',#1371,#1372,#158,.T.);
#1716=EDGE_CURVE('',#1372,#1315,#159,.T.);
#1717=EDGE_CURVE('',#1328,#1371,#372,.T.);
#1718=EDGE_CURVE('',#1372,#1373,#373,.T.);
#1719=EDGE_CURVE('',#1316,#1373,#160,.T.);
#1720=EDGE_CURVE('',#1374,#1316,#1165,.T.);
#1721=EDGE_CURVE('',#1373,#1374,#161,.T.);
#1722=EDGE_CURVE('',#1374,#1331,#374,.T.);
#1723=EDGE_CURVE('',#1375,#1374,#375,.T.);
#1724=EDGE_CURVE('',#1330,#1375,#376,.T.);
#1725=EDGE_CURVE('',#1373,#1376,#377,.T.);
#1726=EDGE_CURVE('',#1376,#1375,#1166,.F.);
#1727=EDGE_CURVE('',#1327,#1377,#162,.T.);
#1728=EDGE_CURVE('',#1377,#1326,#163,.T.);
#1729=EDGE_CURVE('',#1377,#1378,#378,.T.);
#1730=EDGE_CURVE('',#1324,#1378,#164,.T.);
#1731=EDGE_CURVE('',#1378,#1325,#165,.T.);
#1732=EDGE_CURVE('',#1379,#1380,#1167,.T.);
#1733=EDGE_CURVE('',#1380,#1381,#166,.T.);
#1734=EDGE_CURVE('',#1381,#1379,#167,.T.);
#1735=EDGE_CURVE('',#1321,#1380,#379,.T.);
#1736=EDGE_CURVE('',#1379,#1320,#380,.T.);
#1737=EDGE_CURVE('',#1327,#1379,#381,.T.);
#1738=EDGE_CURVE('',#1381,#1377,#382,.T.);
#1739=EDGE_CURVE('',#1378,#1381,#383,.T.);
#1740=EDGE_CURVE('',#1380,#1325,#384,.T.);
#1741=EDGE_CURVE('',#1382,#1376,#1168,.F.);
#1742=EDGE_CURVE('',#1375,#1382,#1169,.F.);
#1743=EDGE_CURVE('',#1371,#1382,#385,.T.);
#1744=EDGE_CURVE('',#1376,#1372,#386,.T.);
#1745=EDGE_CURVE('',#1382,#1329,#387,.T.);
#1746=EDGE_CURVE('',#1383,#1384,#1170,.T.);
#1747=EDGE_CURVE('',#1384,#1385,#1171,.T.);
#1748=EDGE_CURVE('',#1385,#1383,#1172,.T.);
#1749=EDGE_CURVE('',#1364,#1384,#388,.T.);
#1750=EDGE_CURVE('',#1383,#1363,#389,.T.);
#1751=EDGE_CURVE('',#1386,#1383,#390,.T.);
#1752=EDGE_CURVE('',#1362,#1386,#391,.T.);
#1753=EDGE_CURVE('',#1385,#1387,#392,.T.);
#1754=EDGE_CURVE('',#1386,#1387,#168,.T.);
#1755=EDGE_CURVE('',#1387,#1311,#169,.T.);
#1756=EDGE_CURVE('',#1311,#1386,#1173,.T.);
#1757=EDGE_CURVE('',#1312,#1388,#170,.T.);
#1758=EDGE_CURVE('',#1388,#1389,#171,.T.);
#1759=EDGE_CURVE('',#1389,#1312,#1174,.T.);
#1760=EDGE_CURVE('',#1384,#1389,#393,.T.);
#1761=EDGE_CURVE('',#1388,#1385,#394,.T.);
#1762=EDGE_CURVE('',#1387,#1388,#395,.T.);
#1763=EDGE_CURVE('',#1389,#1365,#396,.T.);
#1764=EDGE_CURVE('',#1390,#1359,#1175,.T.);
#1765=EDGE_CURVE('',#1359,#1391,#172,.T.);
#1766=EDGE_CURVE('',#1391,#1390,#173,.T.);
#1767=EDGE_CURVE('',#1360,#1392,#174,.T.);
#1768=EDGE_CURVE('',#1392,#1358,#175,.T.);
#1769=EDGE_CURVE('',#1361,#1393,#1176,.T.);
#1770=EDGE_CURVE('',#1393,#1394,#176,.T.);
#1771=EDGE_CURVE('',#1394,#1361,#177,.T.);
#1772=EDGE_CURVE('',#1391,#1394,#397,.T.);
#1773=EDGE_CURVE('',#1393,#1390,#398,.T.);
#1774=EDGE_CURVE('',#1394,#1392,#399,.T.);
#1775=EDGE_CURVE('',#1392,#1391,#400,.T.);
#1776=EDGE_CURVE('',#1390,#1355,#401,.T.);
#1777=EDGE_CURVE('',#1354,#1393,#402,.T.);
#1778=EDGE_CURVE('',#1395,#1396,#1177,.T.);
#1779=EDGE_CURVE('',#1396,#1397,#178,.T.);
#1780=EDGE_CURVE('',#1397,#1395,#179,.T.);
#1781=EDGE_CURVE('',#1348,#1398,#180,.T.);
#1782=EDGE_CURVE('',#1398,#1349,#181,.T.);
#1783=EDGE_CURVE('',#1351,#1399,#182,.T.);
#1784=EDGE_CURVE('',#1399,#1350,#183,.T.);
#1785=EDGE_CURVE('',#1397,#1399,#403,.T.);
#1786=EDGE_CURVE('',#1351,#1395,#404,.T.);
#1787=EDGE_CURVE('',#1399,#1398,#405,.T.);
#1788=EDGE_CURVE('',#1396,#1349,#406,.T.);
#1789=EDGE_CURVE('',#1398,#1397,#407,.T.);
#1790=EDGE_CURVE('',#1345,#1396,#408,.T.);
#1791=EDGE_CURVE('',#1395,#1344,#409,.T.);
#1792=ORIENTED_EDGE('',*,*,#1400,.F.);
#1793=ORIENTED_EDGE('',*,*,#1401,.F.);
#1794=ORIENTED_EDGE('',*,*,#1402,.F.);
#1795=ORIENTED_EDGE('',*,*,#1403,.T.);
#1796=ORIENTED_EDGE('',*,*,#1404,.T.);
#1797=ORIENTED_EDGE('',*,*,#1405,.T.);
#1798=ORIENTED_EDGE('',*,*,#1406,.T.);
#1799=ORIENTED_EDGE('',*,*,#1407,.F.);
#1800=ORIENTED_EDGE('',*,*,#1408,.F.);
#1801=ORIENTED_EDGE('',*,*,#1409,.F.);
#1802=ORIENTED_EDGE('',*,*,#1410,.T.);
#1803=ORIENTED_EDGE('',*,*,#1408,.T.);
#1804=ORIENTED_EDGE('',*,*,#1411,.T.);
#1805=ORIENTED_EDGE('',*,*,#1412,.T.);
#1806=ORIENTED_EDGE('',*,*,#1413,.T.);
#1807=ORIENTED_EDGE('',*,*,#1409,.T.);
#1808=ORIENTED_EDGE('',*,*,#1414,.T.);
#1809=ORIENTED_EDGE('',*,*,#1402,.T.);
#1810=ORIENTED_EDGE('',*,*,#1415,.T.);
#1811=ORIENTED_EDGE('',*,*,#1416,.F.);
#1812=ORIENTED_EDGE('',*,*,#1417,.F.);
#1813=ORIENTED_EDGE('',*,*,#1418,.F.);
#1814=ORIENTED_EDGE('',*,*,#1419,.T.);
#1815=ORIENTED_EDGE('',*,*,#1417,.T.);
#1816=ORIENTED_EDGE('',*,*,#1420,.T.);
#1817=ORIENTED_EDGE('',*,*,#1421,.T.);
#1818=ORIENTED_EDGE('',*,*,#1404,.F.);
#1819=ORIENTED_EDGE('',*,*,#1422,.F.);
#1820=ORIENTED_EDGE('',*,*,#1423,.F.);
#1821=ORIENTED_EDGE('',*,*,#1424,.F.);
#1822=ORIENTED_EDGE('',*,*,#1425,.F.);
#1823=ORIENTED_EDGE('',*,*,#1426,.T.);
#1824=ORIENTED_EDGE('',*,*,#1407,.T.);
#1825=ORIENTED_EDGE('',*,*,#1427,.T.);
#1826=ORIENTED_EDGE('',*,*,#1423,.T.);
#1827=ORIENTED_EDGE('',*,*,#1428,.T.);
#1828=ORIENTED_EDGE('',*,*,#1418,.T.);
#1829=ORIENTED_EDGE('',*,*,#1429,.T.);
#1830=ORIENTED_EDGE('',*,*,#1424,.T.);
#1831=ORIENTED_EDGE('',*,*,#1430,.T.);
#1832=ORIENTED_EDGE('',*,*,#1431,.T.);
#1833=ORIENTED_EDGE('',*,*,#1422,.T.);
#1834=ORIENTED_EDGE('',*,*,#1432,.T.);
#1835=ORIENTED_EDGE('',*,*,#1406,.F.);
#1836=ORIENTED_EDGE('',*,*,#1433,.T.);
#1837=ORIENTED_EDGE('',*,*,#1434,.F.);
#1838=ORIENTED_EDGE('',*,*,#1435,.T.);
#1839=ORIENTED_EDGE('',*,*,#1416,.T.);
#1840=ORIENTED_EDGE('',*,*,#1436,.T.);
#1841=ORIENTED_EDGE('',*,*,#1401,.T.);
#1842=ORIENTED_EDGE('',*,*,#1437,.T.);
#1843=ORIENTED_EDGE('',*,*,#1438,.T.);
#1844=ORIENTED_EDGE('',*,*,#1400,.T.);
#1845=ORIENTED_EDGE('',*,*,#1439,.T.);
#1846=ORIENTED_EDGE('',*,*,#1440,.T.);
#1847=ORIENTED_EDGE('',*,*,#1441,.T.);
#1848=ORIENTED_EDGE('',*,*,#1442,.T.);
#1849=ORIENTED_EDGE('',*,*,#1443,.T.);
#1850=ORIENTED_EDGE('',*,*,#1440,.F.);
#1851=ORIENTED_EDGE('',*,*,#1444,.T.);
#1852=ORIENTED_EDGE('',*,*,#1413,.F.);
#1853=ORIENTED_EDGE('',*,*,#1445,.T.);
#1854=ORIENTED_EDGE('',*,*,#1446,.T.);
#1855=ORIENTED_EDGE('',*,*,#1447,.T.);
#1856=ORIENTED_EDGE('',*,*,#1428,.F.);
#1857=ORIENTED_EDGE('',*,*,#1431,.F.);
#1858=ORIENTED_EDGE('',*,*,#1448,.F.);
#1859=ORIENTED_EDGE('',*,*,#1449,.F.);
#1860=ORIENTED_EDGE('',*,*,#1450,.F.);
#1861=ORIENTED_EDGE('',*,*,#1451,.F.);
#1862=ORIENTED_EDGE('',*,*,#1452,.F.);
#1863=ORIENTED_EDGE('',*,*,#1453,.F.);
#1864=ORIENTED_EDGE('',*,*,#1454,.F.);
#1865=ORIENTED_EDGE('',*,*,#1455,.F.);
#1866=ORIENTED_EDGE('',*,*,#1456,.F.);
#1867=ORIENTED_EDGE('',*,*,#1457,.F.);
#1868=ORIENTED_EDGE('',*,*,#1458,.F.);
#1869=ORIENTED_EDGE('',*,*,#1459,.F.);
#1870=ORIENTED_EDGE('',*,*,#1460,.F.);
#1871=ORIENTED_EDGE('',*,*,#1461,.F.);
#1872=ORIENTED_EDGE('',*,*,#1411,.F.);
#1873=ORIENTED_EDGE('',*,*,#1426,.F.);
#1874=ORIENTED_EDGE('',*,*,#1462,.F.);
#1875=ORIENTED_EDGE('',*,*,#1463,.F.);
#1876=ORIENTED_EDGE('',*,*,#1464,.F.);
#1877=ORIENTED_EDGE('',*,*,#1465,.F.);
#1878=ORIENTED_EDGE('',*,*,#1466,.F.);
#1879=ORIENTED_EDGE('',*,*,#1467,.T.);
#1880=ORIENTED_EDGE('',*,*,#1468,.F.);
#1881=ORIENTED_EDGE('',*,*,#1469,.T.);
#1882=ORIENTED_EDGE('',*,*,#1470,.F.);
#1883=ORIENTED_EDGE('',*,*,#1471,.F.);
#1884=ORIENTED_EDGE('',*,*,#1472,.F.);
#1885=ORIENTED_EDGE('',*,*,#1473,.F.);
#1886=ORIENTED_EDGE('',*,*,#1474,.F.);
#1887=ORIENTED_EDGE('',*,*,#1475,.F.);
#1888=ORIENTED_EDGE('',*,*,#1433,.F.);
#1889=ORIENTED_EDGE('',*,*,#1405,.F.);
#1890=ORIENTED_EDGE('',*,*,#1421,.F.);
#1891=ORIENTED_EDGE('',*,*,#1476,.T.);
#1892=ORIENTED_EDGE('',*,*,#1477,.F.);
#1893=ORIENTED_EDGE('',*,*,#1478,.F.);
#1894=ORIENTED_EDGE('',*,*,#1479,.F.);
#1895=ORIENTED_EDGE('',*,*,#1480,.F.);
#1896=ORIENTED_EDGE('',*,*,#1481,.F.);
#1897=ORIENTED_EDGE('',*,*,#1482,.F.);
#1898=ORIENTED_EDGE('',*,*,#1483,.F.);
#1899=ORIENTED_EDGE('',*,*,#1448,.T.);
#1900=ORIENTED_EDGE('',*,*,#1443,.F.);
#1901=ORIENTED_EDGE('',*,*,#1484,.F.);
#1902=ORIENTED_EDGE('',*,*,#1485,.F.);
#1903=ORIENTED_EDGE('',*,*,#1486,.F.);
#1904=ORIENTED_EDGE('',*,*,#1487,.F.);
#1905=ORIENTED_EDGE('',*,*,#1441,.F.);
#1906=ORIENTED_EDGE('',*,*,#1438,.F.);
#1907=ORIENTED_EDGE('',*,*,#1487,.T.);
#1908=ORIENTED_EDGE('',*,*,#1488,.F.);
#1909=ORIENTED_EDGE('',*,*,#1489,.F.);
#1910=ORIENTED_EDGE('',*,*,#1490,.F.);
#1911=ORIENTED_EDGE('',*,*,#1491,.F.);
#1912=ORIENTED_EDGE('',*,*,#1492,.F.);
#1913=ORIENTED_EDGE('',*,*,#1493,.F.);
#1914=ORIENTED_EDGE('',*,*,#1494,.F.);
#1915=ORIENTED_EDGE('',*,*,#1437,.F.);
#1916=ORIENTED_EDGE('',*,*,#1495,.F.);
#1917=ORIENTED_EDGE('',*,*,#1496,.F.);
#1918=ORIENTED_EDGE('',*,*,#1497,.F.);
#1919=ORIENTED_EDGE('',*,*,#1498,.F.);
#1920=ORIENTED_EDGE('',*,*,#1499,.F.);
#1921=ORIENTED_EDGE('',*,*,#1500,.F.);
#1922=ORIENTED_EDGE('',*,*,#1420,.F.);
#1923=ORIENTED_EDGE('',*,*,#1435,.F.);
#1924=ORIENTED_EDGE('',*,*,#1501,.F.);
#1925=ORIENTED_EDGE('',*,*,#1502,.F.);
#1926=ORIENTED_EDGE('',*,*,#1503,.F.);
#1927=ORIENTED_EDGE('',*,*,#1504,.F.);
#1928=ORIENTED_EDGE('',*,*,#1505,.F.);
#1929=ORIENTED_EDGE('',*,*,#1506,.T.);
#1930=ORIENTED_EDGE('',*,*,#1507,.F.);
#1931=ORIENTED_EDGE('',*,*,#1476,.F.);
#1932=ORIENTED_EDGE('',*,*,#1508,.F.);
#1933=ORIENTED_EDGE('',*,*,#1509,.F.);
#1934=ORIENTED_EDGE('',*,*,#1510,.F.);
#1935=ORIENTED_EDGE('',*,*,#1511,.F.);
#1936=ORIENTED_EDGE('',*,*,#1512,.F.);
#1937=ORIENTED_EDGE('',*,*,#1513,.F.);
#1938=ORIENTED_EDGE('',*,*,#1403,.F.);
#1939=ORIENTED_EDGE('',*,*,#1432,.F.);
#1940=ORIENTED_EDGE('',*,*,#1429,.F.);
#1941=ORIENTED_EDGE('',*,*,#1419,.F.);
#1942=ORIENTED_EDGE('',*,*,#1410,.F.);
#1943=ORIENTED_EDGE('',*,*,#1444,.F.);
#1944=ORIENTED_EDGE('',*,*,#1439,.F.);
#1945=ORIENTED_EDGE('',*,*,#1414,.F.);
#1946=ORIENTED_EDGE('',*,*,#1415,.F.);
#1947=ORIENTED_EDGE('',*,*,#1436,.F.);
#1948=ORIENTED_EDGE('',*,*,#1430,.F.);
#1949=ORIENTED_EDGE('',*,*,#1427,.F.);
#1950=ORIENTED_EDGE('',*,*,#1412,.F.);
#1951=ORIENTED_EDGE('',*,*,#1469,.F.);
#1952=ORIENTED_EDGE('',*,*,#1514,.F.);
#1953=ORIENTED_EDGE('',*,*,#1515,.F.);
#1954=ORIENTED_EDGE('',*,*,#1516,.F.);
#1955=ORIENTED_EDGE('',*,*,#1445,.F.);
#1956=ORIENTED_EDGE('',*,*,#1517,.T.);
#1957=ORIENTED_EDGE('',*,*,#1518,.T.);
#1958=ORIENTED_EDGE('',*,*,#1519,.T.);
#1959=ORIENTED_EDGE('',*,*,#1505,.T.);
#1960=ORIENTED_EDGE('',*,*,#1518,.F.);
#1961=ORIENTED_EDGE('',*,*,#1520,.T.);
#1962=ORIENTED_EDGE('',*,*,#1521,.T.);
#1963=ORIENTED_EDGE('',*,*,#1522,.F.);
#1964=ORIENTED_EDGE('',*,*,#1523,.T.);
#1965=ORIENTED_EDGE('',*,*,#1490,.T.);
#1966=ORIENTED_EDGE('',*,*,#1524,.T.);
#1967=ORIENTED_EDGE('',*,*,#1525,.T.);
#1968=ORIENTED_EDGE('',*,*,#1526,.T.);
#1969=ORIENTED_EDGE('',*,*,#1527,.T.);
#1970=ORIENTED_EDGE('',*,*,#1528,.T.);
#1971=ORIENTED_EDGE('',*,*,#1466,.T.);
#1972=ORIENTED_EDGE('',*,*,#1527,.F.);
#1973=ORIENTED_EDGE('',*,*,#1529,.T.);
#1974=ORIENTED_EDGE('',*,*,#1530,.T.);
#1975=ORIENTED_EDGE('',*,*,#1531,.F.);
#1976=ORIENTED_EDGE('',*,*,#1532,.T.);
#1977=ORIENTED_EDGE('',*,*,#1451,.T.);
#1978=ORIENTED_EDGE('',*,*,#1533,.T.);
#1979=ORIENTED_EDGE('',*,*,#1534,.T.);
#1980=ORIENTED_EDGE('',*,*,#1535,.T.);
#1981=ORIENTED_EDGE('',*,*,#1536,.T.);
#1982=ORIENTED_EDGE('',*,*,#1537,.T.);
#1983=ORIENTED_EDGE('',*,*,#1538,.T.);
#1984=ORIENTED_EDGE('',*,*,#1539,.T.);
#1985=ORIENTED_EDGE('',*,*,#1540,.T.);
#1986=ORIENTED_EDGE('',*,*,#1539,.F.);
#1987=ORIENTED_EDGE('',*,*,#1541,.T.);
#1988=ORIENTED_EDGE('',*,*,#1488,.T.);
#1989=ORIENTED_EDGE('',*,*,#1486,.T.);
#1990=ORIENTED_EDGE('',*,*,#1540,.F.);
#1991=ORIENTED_EDGE('',*,*,#1485,.T.);
#1992=ORIENTED_EDGE('',*,*,#1542,.T.);
#1993=ORIENTED_EDGE('',*,*,#1543,.T.);
#1994=ORIENTED_EDGE('',*,*,#1442,.F.);
#1995=ORIENTED_EDGE('',*,*,#1544,.T.);
#1996=ORIENTED_EDGE('',*,*,#1545,.T.);
#1997=ORIENTED_EDGE('',*,*,#1542,.F.);
#1998=ORIENTED_EDGE('',*,*,#1484,.T.);
#1999=ORIENTED_EDGE('',*,*,#1447,.F.);
#2000=ORIENTED_EDGE('',*,*,#1546,.T.);
#2001=ORIENTED_EDGE('',*,*,#1547,.T.);
#2002=ORIENTED_EDGE('',*,*,#1544,.F.);
#2003=ORIENTED_EDGE('',*,*,#1446,.F.);
#2004=ORIENTED_EDGE('',*,*,#1516,.T.);
#2005=ORIENTED_EDGE('',*,*,#1548,.T.);
#2006=ORIENTED_EDGE('',*,*,#1549,.T.);
#2007=ORIENTED_EDGE('',*,*,#1546,.F.);
#2008=ORIENTED_EDGE('',*,*,#1536,.F.);
#2009=ORIENTED_EDGE('',*,*,#1550,.T.);
#2010=ORIENTED_EDGE('',*,*,#1548,.F.);
#2011=ORIENTED_EDGE('',*,*,#1515,.T.);
#2012=ORIENTED_EDGE('',*,*,#1537,.F.);
#2013=ORIENTED_EDGE('',*,*,#1514,.T.);
#2014=ORIENTED_EDGE('',*,*,#1468,.T.);
#2015=ORIENTED_EDGE('',*,*,#1551,.T.);
#2016=ORIENTED_EDGE('',*,*,#1541,.F.);
#2017=ORIENTED_EDGE('',*,*,#1552,.F.);
#2018=ORIENTED_EDGE('',*,*,#1553,.F.);
#2019=ORIENTED_EDGE('',*,*,#1506,.F.);
#2020=ORIENTED_EDGE('',*,*,#1519,.F.);
#2021=ORIENTED_EDGE('',*,*,#1522,.T.);
#2022=ORIENTED_EDGE('',*,*,#1554,.T.);
#2023=ORIENTED_EDGE('',*,*,#1555,.T.);
#2024=ORIENTED_EDGE('',*,*,#1524,.F.);
#2025=ORIENTED_EDGE('',*,*,#1489,.T.);
#2026=ORIENTED_EDGE('',*,*,#1538,.F.);
#2027=ORIENTED_EDGE('',*,*,#1556,.T.);
#2028=ORIENTED_EDGE('',*,*,#1557,.F.);
#2029=ORIENTED_EDGE('',*,*,#1552,.T.);
#2030=ORIENTED_EDGE('',*,*,#1558,.T.);
#2031=ORIENTED_EDGE('',*,*,#1559,.T.);
#2032=ORIENTED_EDGE('',*,*,#1560,.T.);
#2033=ORIENTED_EDGE('',*,*,#1561,.T.);
#2034=ORIENTED_EDGE('',*,*,#1562,.T.);
#2035=ORIENTED_EDGE('',*,*,#1557,.T.);
#2036=ORIENTED_EDGE('',*,*,#1562,.F.);
#2037=ORIENTED_EDGE('',*,*,#1477,.T.);
#2038=ORIENTED_EDGE('',*,*,#1507,.T.);
#2039=ORIENTED_EDGE('',*,*,#1553,.T.);
#2040=ORIENTED_EDGE('',*,*,#1561,.F.);
#2041=ORIENTED_EDGE('',*,*,#1563,.T.);
#2042=ORIENTED_EDGE('',*,*,#1564,.T.);
#2043=ORIENTED_EDGE('',*,*,#1478,.T.);
#2044=ORIENTED_EDGE('',*,*,#1565,.T.);
#2045=ORIENTED_EDGE('',*,*,#1479,.T.);
#2046=ORIENTED_EDGE('',*,*,#1564,.F.);
#2047=ORIENTED_EDGE('',*,*,#1566,.T.);
#2048=ORIENTED_EDGE('',*,*,#1567,.T.);
#2049=ORIENTED_EDGE('',*,*,#1480,.T.);
#2050=ORIENTED_EDGE('',*,*,#1565,.F.);
#2051=ORIENTED_EDGE('',*,*,#1568,.T.);
#2052=ORIENTED_EDGE('',*,*,#1569,.T.);
#2053=ORIENTED_EDGE('',*,*,#1481,.T.);
#2054=ORIENTED_EDGE('',*,*,#1567,.F.);
#2055=ORIENTED_EDGE('',*,*,#1570,.T.);
#2056=ORIENTED_EDGE('',*,*,#1559,.F.);
#2057=ORIENTED_EDGE('',*,*,#1482,.T.);
#2058=ORIENTED_EDGE('',*,*,#1569,.F.);
#2059=ORIENTED_EDGE('',*,*,#1571,.T.);
#2060=ORIENTED_EDGE('',*,*,#1558,.F.);
#2061=ORIENTED_EDGE('',*,*,#1572,.T.);
#2062=ORIENTED_EDGE('',*,*,#1449,.T.);
#2063=ORIENTED_EDGE('',*,*,#1483,.T.);
#2064=ORIENTED_EDGE('',*,*,#1550,.F.);
#2065=ORIENTED_EDGE('',*,*,#1573,.F.);
#2066=ORIENTED_EDGE('',*,*,#1571,.F.);
#2067=ORIENTED_EDGE('',*,*,#1574,.F.);
#2068=ORIENTED_EDGE('',*,*,#1549,.F.);
#2069=ORIENTED_EDGE('',*,*,#1574,.T.);
#2070=ORIENTED_EDGE('',*,*,#1570,.F.);
#2071=ORIENTED_EDGE('',*,*,#1575,.T.);
#2072=ORIENTED_EDGE('',*,*,#1547,.F.);
#2073=ORIENTED_EDGE('',*,*,#1575,.F.);
#2074=ORIENTED_EDGE('',*,*,#1568,.F.);
#2075=ORIENTED_EDGE('',*,*,#1576,.F.);
#2076=ORIENTED_EDGE('',*,*,#1577,.T.);
#2077=ORIENTED_EDGE('',*,*,#1578,.T.);
#2078=ORIENTED_EDGE('',*,*,#1579,.T.);
#2079=ORIENTED_EDGE('',*,*,#1545,.F.);
#2080=ORIENTED_EDGE('',*,*,#1576,.T.);
#2081=ORIENTED_EDGE('',*,*,#1566,.F.);
#2082=ORIENTED_EDGE('',*,*,#1580,.T.);
#2083=ORIENTED_EDGE('',*,*,#1543,.F.);
#2084=ORIENTED_EDGE('',*,*,#1580,.F.);
#2085=ORIENTED_EDGE('',*,*,#1563,.F.);
#2086=ORIENTED_EDGE('',*,*,#1556,.F.);
#2087=ORIENTED_EDGE('',*,*,#1534,.F.);
#2088=ORIENTED_EDGE('',*,*,#1581,.F.);
#2089=ORIENTED_EDGE('',*,*,#1582,.F.);
#2090=ORIENTED_EDGE('',*,*,#1583,.T.);
#2091=ORIENTED_EDGE('',*,*,#1525,.F.);
#2092=ORIENTED_EDGE('',*,*,#1555,.F.);
#2093=ORIENTED_EDGE('',*,*,#1584,.F.);
#2094=ORIENTED_EDGE('',*,*,#1585,.T.);
#2095=ORIENTED_EDGE('',*,*,#1535,.F.);
#2096=ORIENTED_EDGE('',*,*,#1586,.F.);
#2097=ORIENTED_EDGE('',*,*,#1560,.F.);
#2098=ORIENTED_EDGE('',*,*,#1573,.T.);
#2099=ORIENTED_EDGE('',*,*,#1579,.F.);
#2100=ORIENTED_EDGE('',*,*,#1587,.T.);
#2101=ORIENTED_EDGE('',*,*,#1588,.F.);
#2102=ORIENTED_EDGE('',*,*,#1587,.F.);
#2103=ORIENTED_EDGE('',*,*,#1588,.T.);
#2104=ORIENTED_EDGE('',*,*,#1578,.F.);
#2105=ORIENTED_EDGE('',*,*,#1589,.T.);
#2106=ORIENTED_EDGE('',*,*,#1590,.F.);
#2107=ORIENTED_EDGE('',*,*,#1589,.F.);
#2108=ORIENTED_EDGE('',*,*,#1590,.T.);
#2109=ORIENTED_EDGE('',*,*,#1577,.F.);
#2110=ORIENTED_EDGE('',*,*,#1591,.T.);
#2111=ORIENTED_EDGE('',*,*,#1592,.F.);
#2112=ORIENTED_EDGE('',*,*,#1591,.F.);
#2113=ORIENTED_EDGE('',*,*,#1592,.T.);
#2114=ORIENTED_EDGE('',*,*,#1452,.T.);
#2115=ORIENTED_EDGE('',*,*,#1532,.F.);
#2116=ORIENTED_EDGE('',*,*,#1583,.F.);
#2117=ORIENTED_EDGE('',*,*,#1593,.F.);
#2118=ORIENTED_EDGE('',*,*,#1529,.F.);
#2119=ORIENTED_EDGE('',*,*,#1526,.F.);
#2120=ORIENTED_EDGE('',*,*,#1465,.T.);
#2121=ORIENTED_EDGE('',*,*,#1594,.F.);
#2122=ORIENTED_EDGE('',*,*,#1595,.F.);
#2123=ORIENTED_EDGE('',*,*,#1596,.F.);
#2124=ORIENTED_EDGE('',*,*,#1597,.F.);
#2125=ORIENTED_EDGE('',*,*,#1598,.F.);
#2126=ORIENTED_EDGE('',*,*,#1504,.T.);
#2127=ORIENTED_EDGE('',*,*,#1599,.F.);
#2128=ORIENTED_EDGE('',*,*,#1600,.F.);
#2129=ORIENTED_EDGE('',*,*,#1601,.F.);
#2130=ORIENTED_EDGE('',*,*,#1602,.F.);
#2131=ORIENTED_EDGE('',*,*,#1603,.F.);
#2132=ORIENTED_EDGE('',*,*,#1491,.T.);
#2133=ORIENTED_EDGE('',*,*,#1523,.F.);
#2134=ORIENTED_EDGE('',*,*,#1585,.F.);
#2135=ORIENTED_EDGE('',*,*,#1604,.F.);
#2136=ORIENTED_EDGE('',*,*,#1520,.F.);
#2137=ORIENTED_EDGE('',*,*,#1517,.F.);
#2138=ORIENTED_EDGE('',*,*,#1593,.T.);
#2139=ORIENTED_EDGE('',*,*,#1582,.T.);
#2140=ORIENTED_EDGE('',*,*,#1605,.F.);
#2141=ORIENTED_EDGE('',*,*,#1530,.F.);
#2142=ORIENTED_EDGE('',*,*,#1604,.T.);
#2143=ORIENTED_EDGE('',*,*,#1584,.T.);
#2144=ORIENTED_EDGE('',*,*,#1554,.F.);
#2145=ORIENTED_EDGE('',*,*,#1521,.F.);
#2146=ORIENTED_EDGE('',*,*,#1551,.F.);
#2147=ORIENTED_EDGE('',*,*,#1467,.F.);
#2148=ORIENTED_EDGE('',*,*,#1528,.F.);
#2149=ORIENTED_EDGE('',*,*,#1531,.T.);
#2150=ORIENTED_EDGE('',*,*,#1605,.T.);
#2151=ORIENTED_EDGE('',*,*,#1581,.T.);
#2152=ORIENTED_EDGE('',*,*,#1533,.F.);
#2153=ORIENTED_EDGE('',*,*,#1450,.T.);
#2154=ORIENTED_EDGE('',*,*,#1572,.F.);
#2155=ORIENTED_EDGE('',*,*,#1586,.T.);
#2156=ORIENTED_EDGE('',*,*,#1606,.T.);
#2157=ORIENTED_EDGE('',*,*,#1607,.T.);
#2158=ORIENTED_EDGE('',*,*,#1608,.T.);
#2159=ORIENTED_EDGE('',*,*,#1495,.T.);
#2160=ORIENTED_EDGE('',*,*,#1606,.F.);
#2161=ORIENTED_EDGE('',*,*,#1500,.T.);
#2162=ORIENTED_EDGE('',*,*,#1609,.T.);
#2163=ORIENTED_EDGE('',*,*,#1610,.T.);
#2164=ORIENTED_EDGE('',*,*,#1611,.T.);
#2165=ORIENTED_EDGE('',*,*,#1612,.T.);
#2166=ORIENTED_EDGE('',*,*,#1609,.F.);
#2167=ORIENTED_EDGE('',*,*,#1499,.T.);
#2168=ORIENTED_EDGE('',*,*,#1611,.F.);
#2169=ORIENTED_EDGE('',*,*,#1498,.T.);
#2170=ORIENTED_EDGE('',*,*,#1613,.T.);
#2171=ORIENTED_EDGE('',*,*,#1614,.T.);
#2172=ORIENTED_EDGE('',*,*,#1615,.T.);
#2173=ORIENTED_EDGE('',*,*,#1616,.T.);
#2174=ORIENTED_EDGE('',*,*,#1613,.F.);
#2175=ORIENTED_EDGE('',*,*,#1497,.T.);
#2176=ORIENTED_EDGE('',*,*,#1615,.F.);
#2177=ORIENTED_EDGE('',*,*,#1496,.T.);
#2178=ORIENTED_EDGE('',*,*,#1608,.F.);
#2179=ORIENTED_EDGE('',*,*,#1617,.T.);
#2180=ORIENTED_EDGE('',*,*,#1616,.F.);
#2181=ORIENTED_EDGE('',*,*,#1618,.T.);
#2182=ORIENTED_EDGE('',*,*,#1619,.T.);
#2183=ORIENTED_EDGE('',*,*,#1620,.T.);
#2184=ORIENTED_EDGE('',*,*,#1617,.F.);
#2185=ORIENTED_EDGE('',*,*,#1621,.F.);
#2186=ORIENTED_EDGE('',*,*,#1622,.F.);
#2187=ORIENTED_EDGE('',*,*,#1618,.F.);
#2188=ORIENTED_EDGE('',*,*,#1607,.F.);
#2189=ORIENTED_EDGE('',*,*,#1623,.T.);
#2190=ORIENTED_EDGE('',*,*,#1624,.F.);
#2191=ORIENTED_EDGE('',*,*,#1621,.T.);
#2192=ORIENTED_EDGE('',*,*,#1599,.T.);
#2193=ORIENTED_EDGE('',*,*,#1503,.T.);
#2194=ORIENTED_EDGE('',*,*,#1625,.T.);
#2195=ORIENTED_EDGE('',*,*,#1626,.T.);
#2196=ORIENTED_EDGE('',*,*,#1625,.F.);
#2197=ORIENTED_EDGE('',*,*,#1502,.T.);
#2198=ORIENTED_EDGE('',*,*,#1627,.T.);
#2199=ORIENTED_EDGE('',*,*,#1628,.T.);
#2200=ORIENTED_EDGE('',*,*,#1627,.F.);
#2201=ORIENTED_EDGE('',*,*,#1501,.T.);
#2202=ORIENTED_EDGE('',*,*,#1434,.T.);
#2203=ORIENTED_EDGE('',*,*,#1494,.T.);
#2204=ORIENTED_EDGE('',*,*,#1629,.T.);
#2205=ORIENTED_EDGE('',*,*,#1630,.T.);
#2206=ORIENTED_EDGE('',*,*,#1629,.F.);
#2207=ORIENTED_EDGE('',*,*,#1493,.T.);
#2208=ORIENTED_EDGE('',*,*,#1631,.T.);
#2209=ORIENTED_EDGE('',*,*,#1632,.T.);
#2210=ORIENTED_EDGE('',*,*,#1603,.T.);
#2211=ORIENTED_EDGE('',*,*,#1633,.T.);
#2212=ORIENTED_EDGE('',*,*,#1631,.F.);
#2213=ORIENTED_EDGE('',*,*,#1492,.T.);
#2214=ORIENTED_EDGE('',*,*,#1634,.T.);
#2215=ORIENTED_EDGE('',*,*,#1508,.T.);
#2216=ORIENTED_EDGE('',*,*,#1635,.T.);
#2217=ORIENTED_EDGE('',*,*,#1636,.T.);
#2218=ORIENTED_EDGE('',*,*,#1634,.F.);
#2219=ORIENTED_EDGE('',*,*,#1637,.T.);
#2220=ORIENTED_EDGE('',*,*,#1638,.T.);
#2221=ORIENTED_EDGE('',*,*,#1509,.T.);
#2222=ORIENTED_EDGE('',*,*,#1639,.T.);
#2223=ORIENTED_EDGE('',*,*,#1510,.T.);
#2224=ORIENTED_EDGE('',*,*,#1638,.F.);
#2225=ORIENTED_EDGE('',*,*,#1640,.T.);
#2226=ORIENTED_EDGE('',*,*,#1639,.F.);
#2227=ORIENTED_EDGE('',*,*,#1641,.T.);
#2228=ORIENTED_EDGE('',*,*,#1642,.T.);
#2229=ORIENTED_EDGE('',*,*,#1511,.T.);
#2230=ORIENTED_EDGE('',*,*,#1643,.T.);
#2231=ORIENTED_EDGE('',*,*,#1512,.T.);
#2232=ORIENTED_EDGE('',*,*,#1642,.F.);
#2233=ORIENTED_EDGE('',*,*,#1644,.T.);
#2234=ORIENTED_EDGE('',*,*,#1643,.F.);
#2235=ORIENTED_EDGE('',*,*,#1645,.T.);
#2236=ORIENTED_EDGE('',*,*,#1635,.F.);
#2237=ORIENTED_EDGE('',*,*,#1513,.T.);
#2238=ORIENTED_EDGE('',*,*,#1640,.F.);
#2239=ORIENTED_EDGE('',*,*,#1646,.F.);
#2240=ORIENTED_EDGE('',*,*,#1647,.F.);
#2241=ORIENTED_EDGE('',*,*,#1648,.F.);
#2242=ORIENTED_EDGE('',*,*,#1637,.F.);
#2243=ORIENTED_EDGE('',*,*,#1649,.T.);
#2244=ORIENTED_EDGE('',*,*,#1650,.F.);
#2245=ORIENTED_EDGE('',*,*,#1646,.T.);
#2246=ORIENTED_EDGE('',*,*,#1636,.F.);
#2247=ORIENTED_EDGE('',*,*,#1651,.F.);
#2248=ORIENTED_EDGE('',*,*,#1652,.F.);
#2249=ORIENTED_EDGE('',*,*,#1649,.F.);
#2250=ORIENTED_EDGE('',*,*,#1653,.T.);
#2251=ORIENTED_EDGE('',*,*,#1654,.T.);
#2252=ORIENTED_EDGE('',*,*,#1655,.T.);
#2253=ORIENTED_EDGE('',*,*,#1456,.T.);
#2254=ORIENTED_EDGE('',*,*,#1656,.T.);
#2255=ORIENTED_EDGE('',*,*,#1657,.T.);
#2256=ORIENTED_EDGE('',*,*,#1653,.F.);
#2257=ORIENTED_EDGE('',*,*,#1461,.T.);
#2258=ORIENTED_EDGE('',*,*,#1658,.T.);
#2259=ORIENTED_EDGE('',*,*,#1659,.T.);
#2260=ORIENTED_EDGE('',*,*,#1656,.F.);
#2261=ORIENTED_EDGE('',*,*,#1460,.T.);
#2262=ORIENTED_EDGE('',*,*,#1660,.T.);
#2263=ORIENTED_EDGE('',*,*,#1661,.T.);
#2264=ORIENTED_EDGE('',*,*,#1658,.F.);
#2265=ORIENTED_EDGE('',*,*,#1459,.T.);
#2266=ORIENTED_EDGE('',*,*,#1662,.T.);
#2267=ORIENTED_EDGE('',*,*,#1663,.T.);
#2268=ORIENTED_EDGE('',*,*,#1660,.F.);
#2269=ORIENTED_EDGE('',*,*,#1458,.T.);
#2270=ORIENTED_EDGE('',*,*,#1655,.F.);
#2271=ORIENTED_EDGE('',*,*,#1664,.T.);
#2272=ORIENTED_EDGE('',*,*,#1662,.F.);
#2273=ORIENTED_EDGE('',*,*,#1457,.T.);
#2274=ORIENTED_EDGE('',*,*,#1663,.F.);
#2275=ORIENTED_EDGE('',*,*,#1665,.T.);
#2276=ORIENTED_EDGE('',*,*,#1666,.F.);
#2277=ORIENTED_EDGE('',*,*,#1667,.T.);
#2278=ORIENTED_EDGE('',*,*,#1664,.F.);
#2279=ORIENTED_EDGE('',*,*,#1668,.F.);
#2280=ORIENTED_EDGE('',*,*,#1669,.F.);
#2281=ORIENTED_EDGE('',*,*,#1665,.F.);
#2282=ORIENTED_EDGE('',*,*,#1654,.F.);
#2283=ORIENTED_EDGE('',*,*,#1670,.T.);
#2284=ORIENTED_EDGE('',*,*,#1671,.F.);
#2285=ORIENTED_EDGE('',*,*,#1668,.T.);
#2286=ORIENTED_EDGE('',*,*,#1672,.T.);
#2287=ORIENTED_EDGE('',*,*,#1673,.T.);
#2288=ORIENTED_EDGE('',*,*,#1674,.T.);
#2289=ORIENTED_EDGE('',*,*,#1470,.T.);
#2290=ORIENTED_EDGE('',*,*,#1675,.T.);
#2291=ORIENTED_EDGE('',*,*,#1676,.T.);
#2292=ORIENTED_EDGE('',*,*,#1672,.F.);
#2293=ORIENTED_EDGE('',*,*,#1475,.T.);
#2294=ORIENTED_EDGE('',*,*,#1677,.T.);
#2295=ORIENTED_EDGE('',*,*,#1678,.T.);
#2296=ORIENTED_EDGE('',*,*,#1675,.F.);
#2297=ORIENTED_EDGE('',*,*,#1474,.T.);
#2298=ORIENTED_EDGE('',*,*,#1679,.T.);
#2299=ORIENTED_EDGE('',*,*,#1680,.T.);
#2300=ORIENTED_EDGE('',*,*,#1677,.F.);
#2301=ORIENTED_EDGE('',*,*,#1473,.T.);
#2302=ORIENTED_EDGE('',*,*,#1681,.T.);
#2303=ORIENTED_EDGE('',*,*,#1682,.T.);
#2304=ORIENTED_EDGE('',*,*,#1679,.F.);
#2305=ORIENTED_EDGE('',*,*,#1472,.T.);
#2306=ORIENTED_EDGE('',*,*,#1674,.F.);
#2307=ORIENTED_EDGE('',*,*,#1683,.T.);
#2308=ORIENTED_EDGE('',*,*,#1681,.F.);
#2309=ORIENTED_EDGE('',*,*,#1471,.T.);
#2310=ORIENTED_EDGE('',*,*,#1682,.F.);
#2311=ORIENTED_EDGE('',*,*,#1684,.F.);
#2312=ORIENTED_EDGE('',*,*,#1685,.F.);
#2313=ORIENTED_EDGE('',*,*,#1686,.F.);
#2314=ORIENTED_EDGE('',*,*,#1683,.F.);
#2315=ORIENTED_EDGE('',*,*,#1687,.T.);
#2316=ORIENTED_EDGE('',*,*,#1688,.F.);
#2317=ORIENTED_EDGE('',*,*,#1684,.T.);
#2318=ORIENTED_EDGE('',*,*,#1673,.F.);
#2319=ORIENTED_EDGE('',*,*,#1689,.F.);
#2320=ORIENTED_EDGE('',*,*,#1690,.F.);
#2321=ORIENTED_EDGE('',*,*,#1687,.F.);
#2322=ORIENTED_EDGE('',*,*,#1594,.T.);
#2323=ORIENTED_EDGE('',*,*,#1464,.T.);
#2324=ORIENTED_EDGE('',*,*,#1691,.T.);
#2325=ORIENTED_EDGE('',*,*,#1692,.T.);
#2326=ORIENTED_EDGE('',*,*,#1693,.T.);
#2327=ORIENTED_EDGE('',*,*,#1694,.T.);
#2328=ORIENTED_EDGE('',*,*,#1691,.F.);
#2329=ORIENTED_EDGE('',*,*,#1463,.T.);
#2330=ORIENTED_EDGE('',*,*,#1695,.T.);
#2331=ORIENTED_EDGE('',*,*,#1696,.T.);
#2332=ORIENTED_EDGE('',*,*,#1693,.F.);
#2333=ORIENTED_EDGE('',*,*,#1462,.T.);
#2334=ORIENTED_EDGE('',*,*,#1425,.T.);
#2335=ORIENTED_EDGE('',*,*,#1455,.T.);
#2336=ORIENTED_EDGE('',*,*,#1697,.T.);
#2337=ORIENTED_EDGE('',*,*,#1698,.T.);
#2338=ORIENTED_EDGE('',*,*,#1695,.F.);
#2339=ORIENTED_EDGE('',*,*,#1454,.T.);
#2340=ORIENTED_EDGE('',*,*,#1598,.T.);
#2341=ORIENTED_EDGE('',*,*,#1699,.T.);
#2342=ORIENTED_EDGE('',*,*,#1697,.F.);
#2343=ORIENTED_EDGE('',*,*,#1453,.T.);
#2344=ORIENTED_EDGE('',*,*,#1650,.T.);
#2345=ORIENTED_EDGE('',*,*,#1700,.T.);
#2346=ORIENTED_EDGE('',*,*,#1701,.T.);
#2347=ORIENTED_EDGE('',*,*,#1701,.F.);
#2348=ORIENTED_EDGE('',*,*,#1702,.T.);
#2349=ORIENTED_EDGE('',*,*,#1703,.F.);
#2350=ORIENTED_EDGE('',*,*,#1647,.T.);
#2351=ORIENTED_EDGE('',*,*,#1700,.F.);
#2352=ORIENTED_EDGE('',*,*,#1652,.T.);
#2353=ORIENTED_EDGE('',*,*,#1704,.F.);
#2354=ORIENTED_EDGE('',*,*,#1705,.T.);
#2355=ORIENTED_EDGE('',*,*,#1706,.T.);
#2356=ORIENTED_EDGE('',*,*,#1703,.T.);
#2357=ORIENTED_EDGE('',*,*,#1707,.T.);
#2358=ORIENTED_EDGE('',*,*,#1641,.F.);
#2359=ORIENTED_EDGE('',*,*,#1648,.T.);
#2360=ORIENTED_EDGE('',*,*,#1706,.F.);
#2361=ORIENTED_EDGE('',*,*,#1708,.T.);
#2362=ORIENTED_EDGE('',*,*,#1644,.F.);
#2363=ORIENTED_EDGE('',*,*,#1708,.F.);
#2364=ORIENTED_EDGE('',*,*,#1709,.F.);
#2365=ORIENTED_EDGE('',*,*,#1710,.F.);
#2366=ORIENTED_EDGE('',*,*,#1707,.F.);
#2367=ORIENTED_EDGE('',*,*,#1711,.T.);
#2368=ORIENTED_EDGE('',*,*,#1712,.F.);
#2369=ORIENTED_EDGE('',*,*,#1709,.T.);
#2370=ORIENTED_EDGE('',*,*,#1713,.T.);
#2371=ORIENTED_EDGE('',*,*,#1712,.T.);
#2372=ORIENTED_EDGE('',*,*,#1704,.T.);
#2373=ORIENTED_EDGE('',*,*,#1645,.F.);
#2374=ORIENTED_EDGE('',*,*,#1710,.T.);
#2375=ORIENTED_EDGE('',*,*,#1713,.F.);
#2376=ORIENTED_EDGE('',*,*,#1651,.T.);
#2377=ORIENTED_EDGE('',*,*,#1714,.T.);
#2378=ORIENTED_EDGE('',*,*,#1715,.T.);
#2379=ORIENTED_EDGE('',*,*,#1716,.T.);
#2380=ORIENTED_EDGE('',*,*,#1626,.F.);
#2381=ORIENTED_EDGE('',*,*,#1717,.T.);
#2382=ORIENTED_EDGE('',*,*,#1714,.F.);
#2383=ORIENTED_EDGE('',*,*,#1600,.T.);
#2384=ORIENTED_EDGE('',*,*,#1716,.F.);
#2385=ORIENTED_EDGE('',*,*,#1718,.T.);
#2386=ORIENTED_EDGE('',*,*,#1719,.F.);
#2387=ORIENTED_EDGE('',*,*,#1601,.T.);
#2388=ORIENTED_EDGE('',*,*,#1720,.T.);
#2389=ORIENTED_EDGE('',*,*,#1719,.T.);
#2390=ORIENTED_EDGE('',*,*,#1721,.T.);
#2391=ORIENTED_EDGE('',*,*,#1633,.F.);
#2392=ORIENTED_EDGE('',*,*,#1602,.T.);
#2393=ORIENTED_EDGE('',*,*,#1720,.F.);
#2394=ORIENTED_EDGE('',*,*,#1722,.T.);
#2395=ORIENTED_EDGE('',*,*,#1632,.F.);
#2396=ORIENTED_EDGE('',*,*,#1722,.F.);
#2397=ORIENTED_EDGE('',*,*,#1723,.F.);
#2398=ORIENTED_EDGE('',*,*,#1724,.F.);
#2399=ORIENTED_EDGE('',*,*,#1721,.F.);
#2400=ORIENTED_EDGE('',*,*,#1725,.T.);
#2401=ORIENTED_EDGE('',*,*,#1726,.T.);
#2402=ORIENTED_EDGE('',*,*,#1723,.T.);
#2403=ORIENTED_EDGE('',*,*,#1624,.T.);
#2404=ORIENTED_EDGE('',*,*,#1727,.T.);
#2405=ORIENTED_EDGE('',*,*,#1728,.T.);
#2406=ORIENTED_EDGE('',*,*,#1728,.F.);
#2407=ORIENTED_EDGE('',*,*,#1729,.T.);
#2408=ORIENTED_EDGE('',*,*,#1730,.F.);
#2409=ORIENTED_EDGE('',*,*,#1622,.T.);
#2410=ORIENTED_EDGE('',*,*,#1619,.F.);
#2411=ORIENTED_EDGE('',*,*,#1730,.T.);
#2412=ORIENTED_EDGE('',*,*,#1731,.T.);
#2413=ORIENTED_EDGE('',*,*,#1732,.T.);
#2414=ORIENTED_EDGE('',*,*,#1733,.T.);
#2415=ORIENTED_EDGE('',*,*,#1734,.T.);
#2416=ORIENTED_EDGE('',*,*,#1612,.F.);
#2417=ORIENTED_EDGE('',*,*,#1735,.T.);
#2418=ORIENTED_EDGE('',*,*,#1732,.F.);
#2419=ORIENTED_EDGE('',*,*,#1736,.T.);
#2420=ORIENTED_EDGE('',*,*,#1610,.F.);
#2421=ORIENTED_EDGE('',*,*,#1736,.F.);
#2422=ORIENTED_EDGE('',*,*,#1737,.F.);
#2423=ORIENTED_EDGE('',*,*,#1623,.F.);
#2424=ORIENTED_EDGE('',*,*,#1727,.F.);
#2425=ORIENTED_EDGE('',*,*,#1737,.T.);
#2426=ORIENTED_EDGE('',*,*,#1734,.F.);
#2427=ORIENTED_EDGE('',*,*,#1738,.T.);
#2428=ORIENTED_EDGE('',*,*,#1731,.F.);
#2429=ORIENTED_EDGE('',*,*,#1739,.T.);
#2430=ORIENTED_EDGE('',*,*,#1733,.F.);
#2431=ORIENTED_EDGE('',*,*,#1740,.T.);
#2432=ORIENTED_EDGE('',*,*,#1711,.F.);
#2433=ORIENTED_EDGE('',*,*,#1702,.F.);
#2434=ORIENTED_EDGE('',*,*,#1705,.F.);
#2435=ORIENTED_EDGE('',*,*,#1614,.F.);
#2436=ORIENTED_EDGE('',*,*,#1620,.F.);
#2437=ORIENTED_EDGE('',*,*,#1740,.F.);
#2438=ORIENTED_EDGE('',*,*,#1735,.F.);
#2439=ORIENTED_EDGE('',*,*,#1739,.F.);
#2440=ORIENTED_EDGE('',*,*,#1729,.F.);
#2441=ORIENTED_EDGE('',*,*,#1738,.F.);
#2442=ORIENTED_EDGE('',*,*,#1726,.F.);
#2443=ORIENTED_EDGE('',*,*,#1741,.F.);
#2444=ORIENTED_EDGE('',*,*,#1742,.F.);
#2445=ORIENTED_EDGE('',*,*,#1715,.F.);
#2446=ORIENTED_EDGE('',*,*,#1743,.T.);
#2447=ORIENTED_EDGE('',*,*,#1741,.T.);
#2448=ORIENTED_EDGE('',*,*,#1744,.T.);
#2449=ORIENTED_EDGE('',*,*,#1630,.F.);
#2450=ORIENTED_EDGE('',*,*,#1724,.T.);
#2451=ORIENTED_EDGE('',*,*,#1742,.T.);
#2452=ORIENTED_EDGE('',*,*,#1745,.T.);
#2453=ORIENTED_EDGE('',*,*,#1718,.F.);
#2454=ORIENTED_EDGE('',*,*,#1744,.F.);
#2455=ORIENTED_EDGE('',*,*,#1725,.F.);
#2456=ORIENTED_EDGE('',*,*,#1628,.F.);
#2457=ORIENTED_EDGE('',*,*,#1745,.F.);
#2458=ORIENTED_EDGE('',*,*,#1743,.F.);
#2459=ORIENTED_EDGE('',*,*,#1717,.F.);
#2460=ORIENTED_EDGE('',*,*,#1746,.T.);
#2461=ORIENTED_EDGE('',*,*,#1747,.T.);
#2462=ORIENTED_EDGE('',*,*,#1748,.T.);
#2463=ORIENTED_EDGE('',*,*,#1696,.F.);
#2464=ORIENTED_EDGE('',*,*,#1749,.T.);
#2465=ORIENTED_EDGE('',*,*,#1746,.F.);
#2466=ORIENTED_EDGE('',*,*,#1750,.T.);
#2467=ORIENTED_EDGE('',*,*,#1694,.F.);
#2468=ORIENTED_EDGE('',*,*,#1750,.F.);
#2469=ORIENTED_EDGE('',*,*,#1751,.F.);
#2470=ORIENTED_EDGE('',*,*,#1752,.F.);
#2471=ORIENTED_EDGE('',*,*,#1748,.F.);
#2472=ORIENTED_EDGE('',*,*,#1753,.T.);
#2473=ORIENTED_EDGE('',*,*,#1754,.F.);
#2474=ORIENTED_EDGE('',*,*,#1751,.T.);
#2475=ORIENTED_EDGE('',*,*,#1754,.T.);
#2476=ORIENTED_EDGE('',*,*,#1755,.T.);
#2477=ORIENTED_EDGE('',*,*,#1756,.T.);
#2478=ORIENTED_EDGE('',*,*,#1757,.T.);
#2479=ORIENTED_EDGE('',*,*,#1758,.T.);
#2480=ORIENTED_EDGE('',*,*,#1759,.T.);
#2481=ORIENTED_EDGE('',*,*,#1747,.F.);
#2482=ORIENTED_EDGE('',*,*,#1760,.T.);
#2483=ORIENTED_EDGE('',*,*,#1758,.F.);
#2484=ORIENTED_EDGE('',*,*,#1761,.T.);
#2485=ORIENTED_EDGE('',*,*,#1755,.F.);
#2486=ORIENTED_EDGE('',*,*,#1762,.T.);
#2487=ORIENTED_EDGE('',*,*,#1757,.F.);
#2488=ORIENTED_EDGE('',*,*,#1596,.T.);
#2489=ORIENTED_EDGE('',*,*,#1692,.F.);
#2490=ORIENTED_EDGE('',*,*,#1752,.T.);
#2491=ORIENTED_EDGE('',*,*,#1756,.F.);
#2492=ORIENTED_EDGE('',*,*,#1595,.T.);
#2493=ORIENTED_EDGE('',*,*,#1699,.F.);
#2494=ORIENTED_EDGE('',*,*,#1597,.T.);
#2495=ORIENTED_EDGE('',*,*,#1759,.F.);
#2496=ORIENTED_EDGE('',*,*,#1763,.T.);
#2497=ORIENTED_EDGE('',*,*,#1753,.F.);
#2498=ORIENTED_EDGE('',*,*,#1761,.F.);
#2499=ORIENTED_EDGE('',*,*,#1762,.F.);
#2500=ORIENTED_EDGE('',*,*,#1764,.T.);
#2501=ORIENTED_EDGE('',*,*,#1765,.T.);
#2502=ORIENTED_EDGE('',*,*,#1766,.T.);
#2503=ORIENTED_EDGE('',*,*,#1688,.T.);
#2504=ORIENTED_EDGE('',*,*,#1767,.T.);
#2505=ORIENTED_EDGE('',*,*,#1768,.T.);
#2506=ORIENTED_EDGE('',*,*,#1769,.T.);
#2507=ORIENTED_EDGE('',*,*,#1770,.T.);
#2508=ORIENTED_EDGE('',*,*,#1771,.T.);
#2509=ORIENTED_EDGE('',*,*,#1766,.F.);
#2510=ORIENTED_EDGE('',*,*,#1772,.T.);
#2511=ORIENTED_EDGE('',*,*,#1770,.F.);
#2512=ORIENTED_EDGE('',*,*,#1773,.T.);
#2513=ORIENTED_EDGE('',*,*,#1767,.F.);
#2514=ORIENTED_EDGE('',*,*,#1690,.T.);
#2515=ORIENTED_EDGE('',*,*,#1771,.F.);
#2516=ORIENTED_EDGE('',*,*,#1774,.T.);
#2517=ORIENTED_EDGE('',*,*,#1765,.F.);
#2518=ORIENTED_EDGE('',*,*,#1685,.T.);
#2519=ORIENTED_EDGE('',*,*,#1768,.F.);
#2520=ORIENTED_EDGE('',*,*,#1775,.T.);
#2521=ORIENTED_EDGE('',*,*,#1680,.F.);
#2522=ORIENTED_EDGE('',*,*,#1686,.T.);
#2523=ORIENTED_EDGE('',*,*,#1764,.F.);
#2524=ORIENTED_EDGE('',*,*,#1776,.T.);
#2525=ORIENTED_EDGE('',*,*,#1678,.F.);
#2526=ORIENTED_EDGE('',*,*,#1776,.F.);
#2527=ORIENTED_EDGE('',*,*,#1773,.F.);
#2528=ORIENTED_EDGE('',*,*,#1777,.F.);
#2529=ORIENTED_EDGE('',*,*,#1676,.F.);
#2530=ORIENTED_EDGE('',*,*,#1777,.T.);
#2531=ORIENTED_EDGE('',*,*,#1769,.F.);
#2532=ORIENTED_EDGE('',*,*,#1689,.T.);
#2533=ORIENTED_EDGE('',*,*,#1772,.F.);
#2534=ORIENTED_EDGE('',*,*,#1775,.F.);
#2535=ORIENTED_EDGE('',*,*,#1774,.F.);
#2536=ORIENTED_EDGE('',*,*,#1778,.T.);
#2537=ORIENTED_EDGE('',*,*,#1779,.T.);
#2538=ORIENTED_EDGE('',*,*,#1780,.T.);
#2539=ORIENTED_EDGE('',*,*,#1666,.T.);
#2540=ORIENTED_EDGE('',*,*,#1781,.T.);
#2541=ORIENTED_EDGE('',*,*,#1782,.T.);
#2542=ORIENTED_EDGE('',*,*,#1671,.T.);
#2543=ORIENTED_EDGE('',*,*,#1783,.T.);
#2544=ORIENTED_EDGE('',*,*,#1784,.T.);
#2545=ORIENTED_EDGE('',*,*,#1780,.F.);
#2546=ORIENTED_EDGE('',*,*,#1785,.T.);
#2547=ORIENTED_EDGE('',*,*,#1783,.F.);
#2548=ORIENTED_EDGE('',*,*,#1786,.T.);
#2549=ORIENTED_EDGE('',*,*,#1781,.F.);
#2550=ORIENTED_EDGE('',*,*,#1669,.T.);
#2551=ORIENTED_EDGE('',*,*,#1784,.F.);
#2552=ORIENTED_EDGE('',*,*,#1787,.T.);
#2553=ORIENTED_EDGE('',*,*,#1779,.F.);
#2554=ORIENTED_EDGE('',*,*,#1788,.T.);
#2555=ORIENTED_EDGE('',*,*,#1782,.F.);
#2556=ORIENTED_EDGE('',*,*,#1789,.T.);
#2557=ORIENTED_EDGE('',*,*,#1659,.F.);
#2558=ORIENTED_EDGE('',*,*,#1790,.T.);
#2559=ORIENTED_EDGE('',*,*,#1778,.F.);
#2560=ORIENTED_EDGE('',*,*,#1791,.T.);
#2561=ORIENTED_EDGE('',*,*,#1657,.F.);
#2562=ORIENTED_EDGE('',*,*,#1791,.F.);
#2563=ORIENTED_EDGE('',*,*,#1786,.F.);
#2564=ORIENTED_EDGE('',*,*,#1670,.F.);
#2565=ORIENTED_EDGE('',*,*,#1785,.F.);
#2566=ORIENTED_EDGE('',*,*,#1789,.F.);
#2567=ORIENTED_EDGE('',*,*,#1787,.F.);
#2568=ORIENTED_EDGE('',*,*,#1661,.F.);
#2569=ORIENTED_EDGE('',*,*,#1667,.F.);
#2570=ORIENTED_EDGE('',*,*,#1788,.F.);
#2571=ORIENTED_EDGE('',*,*,#1790,.F.);
#2572=ORIENTED_EDGE('',*,*,#1698,.F.);
#2573=ORIENTED_EDGE('',*,*,#1763,.F.);
#2574=ORIENTED_EDGE('',*,*,#1760,.F.);
#2575=ORIENTED_EDGE('',*,*,#1749,.F.);
#2576=SPHERICAL_SURFACE('',#2784,7.);
#2577=SPHERICAL_SURFACE('',#2791,7.);
#2578=SPHERICAL_SURFACE('',#2799,7.);
#2579=SPHERICAL_SURFACE('',#2805,7.);
#2580=SPHERICAL_SURFACE('',#3046,3.);
#2581=SPHERICAL_SURFACE('',#3053,3.);
#2582=ADVANCED_FACE('',(#703),#2576,.T.);
#2583=ADVANCED_FACE('',(#704),#636,.T.);
#2584=ADVANCED_FACE('',(#705),#2577,.T.);
#2585=ADVANCED_FACE('',(#706),#637,.T.);
#2586=ADVANCED_FACE('',(#707),#638,.T.);
#2587=ADVANCED_FACE('',(#708),#2578,.T.);
#2588=ADVANCED_FACE('',(#709),#639,.T.);
#2589=ADVANCED_FACE('',(#710),#2579,.T.);
#2590=ADVANCED_FACE('',(#711),#640,.T.);
#2591=ADVANCED_FACE('',(#712),#641,.T.);
#2592=ADVANCED_FACE('',(#713),#642,.T.);
#2593=ADVANCED_FACE('',(#714),#643,.T.);
#2594=ADVANCED_FACE('',(#715),#644,.T.);
#2595=ADVANCED_FACE('',(#716),#645,.T.);
#2596=ADVANCED_FACE('',(#717,#61),#68,.F.);
#2597=ADVANCED_FACE('',(#718,#62),#69,.F.);
#2598=ADVANCED_FACE('',(#719),#70,.T.);
#2599=ADVANCED_FACE('',(#720),#71,.F.);
#2600=ADVANCED_FACE('',(#721,#63),#72,.T.);
#2601=ADVANCED_FACE('',(#722,#64),#73,.T.);
#2602=ADVANCED_FACE('',(#723),#74,.T.);
#2603=ADVANCED_FACE('',(#724),#75,.T.);
#2604=ADVANCED_FACE('',(#725),#76,.T.);
#2605=ADVANCED_FACE('',(#726),#77,.F.);
#2606=ADVANCED_FACE('',(#727),#646,.F.);
#2607=ADVANCED_FACE('',(#728),#78,.T.);
#2608=ADVANCED_FACE('',(#729),#647,.F.);
#2609=ADVANCED_FACE('',(#730),#648,.F.);
#2610=ADVANCED_FACE('',(#731),#79,.T.);
#2611=ADVANCED_FACE('',(#732),#649,.F.);
#2612=ADVANCED_FACE('',(#733),#41,.F.);
#2613=ADVANCED_FACE('',(#734),#42,.F.);
#2614=ADVANCED_FACE('',(#735),#650,.T.);
#2615=ADVANCED_FACE('',(#736),#651,.T.);
#2616=ADVANCED_FACE('',(#737),#37,.T.);
#2617=ADVANCED_FACE('',(#738),#652,.T.);
#2618=ADVANCED_FACE('',(#739),#38,.T.);
#2619=ADVANCED_FACE('',(#740),#653,.T.);
#2620=ADVANCED_FACE('',(#741),#654,.T.);
#2621=ADVANCED_FACE('',(#742),#80,.T.);
#2622=ADVANCED_FACE('',(#743),#655,.T.);
#2623=ADVANCED_FACE('',(#744),#43,.F.);
#2624=ADVANCED_FACE('',(#745),#44,.F.);
#2625=ADVANCED_FACE('',(#746),#656,.T.);
#2626=ADVANCED_FACE('',(#747),#657,.T.);
#2627=ADVANCED_FACE('',(#748),#39,.T.);
#2628=ADVANCED_FACE('',(#749),#658,.T.);
#2629=ADVANCED_FACE('',(#750),#40,.T.);
#2630=ADVANCED_FACE('',(#751),#659,.T.);
#2631=ADVANCED_FACE('',(#752),#660,.T.);
#2632=ADVANCED_FACE('',(#753),#81,.F.);
#2633=ADVANCED_FACE('',(#754),#661,.F.);
#2634=ADVANCED_FACE('',(#755,#65,#66,#67),#82,.F.);
#2635=ADVANCED_FACE('',(#756),#662,.F.);
#2636=ADVANCED_FACE('',(#757),#83,.F.);
#2637=ADVANCED_FACE('',(#758),#84,.T.);
#2638=ADVANCED_FACE('',(#759),#85,.T.);
#2639=ADVANCED_FACE('',(#760),#663,.T.);
#2640=ADVANCED_FACE('',(#761),#664,.F.);
#2641=ADVANCED_FACE('',(#762),#86,.T.);
#2642=ADVANCED_FACE('',(#763),#665,.F.);
#2643=ADVANCED_FACE('',(#764),#87,.T.);
#2644=ADVANCED_FACE('',(#765),#666,.F.);
#2645=ADVANCED_FACE('',(#766),#88,.T.);
#2646=ADVANCED_FACE('',(#767),#89,.F.);
#2647=ADVANCED_FACE('',(#768),#90,.F.);
#2648=ADVANCED_FACE('',(#769),#91,.T.);
#2649=ADVANCED_FACE('',(#770),#92,.T.);
#2650=ADVANCED_FACE('',(#771),#93,.T.);
#2651=ADVANCED_FACE('',(#772),#15,.T.);
#2652=ADVANCED_FACE('',(#773),#94,.T.);
#2653=ADVANCED_FACE('',(#774),#16,.T.);
#2654=ADVANCED_FACE('',(#775),#95,.T.);
#2655=ADVANCED_FACE('',(#776),#17,.T.);
#2656=ADVANCED_FACE('',(#777),#96,.T.);
#2657=ADVANCED_FACE('',(#778),#667,.T.);
#2658=ADVANCED_FACE('',(#779),#97,.T.);
#2659=ADVANCED_FACE('',(#780),#668,.T.);
#2660=ADVANCED_FACE('',(#781),#18,.T.);
#2661=ADVANCED_FACE('',(#782),#98,.T.);
#2662=ADVANCED_FACE('',(#783),#19,.T.);
#2663=ADVANCED_FACE('',(#784),#99,.T.);
#2664=ADVANCED_FACE('',(#785),#20,.T.);
#2665=ADVANCED_FACE('',(#786),#100,.T.);
#2666=ADVANCED_FACE('',(#787),#21,.T.);
#2667=ADVANCED_FACE('',(#788),#101,.T.);
#2668=ADVANCED_FACE('',(#789),#22,.T.);
#2669=ADVANCED_FACE('',(#790),#102,.T.);
#2670=ADVANCED_FACE('',(#791),#23,.T.);
#2671=ADVANCED_FACE('',(#792),#103,.T.);
#2672=ADVANCED_FACE('',(#793),#669,.T.);
#2673=ADVANCED_FACE('',(#794),#104,.T.);
#2674=ADVANCED_FACE('',(#795),#24,.T.);
#2675=ADVANCED_FACE('',(#796),#105,.T.);
#2676=ADVANCED_FACE('',(#797),#25,.T.);
#2677=ADVANCED_FACE('',(#798),#106,.T.);
#2678=ADVANCED_FACE('',(#799),#26,.T.);
#2679=ADVANCED_FACE('',(#800),#107,.T.);
#2680=ADVANCED_FACE('',(#801),#670,.T.);
#2681=ADVANCED_FACE('',(#802),#108,.F.);
#2682=ADVANCED_FACE('',(#803),#671,.T.);
#2683=ADVANCED_FACE('',(#804),#109,.T.);
#2684=ADVANCED_FACE('',(#805),#27,.T.);
#2685=ADVANCED_FACE('',(#806),#110,.T.);
#2686=ADVANCED_FACE('',(#807),#28,.T.);
#2687=ADVANCED_FACE('',(#808),#111,.T.);
#2688=ADVANCED_FACE('',(#809),#29,.T.);
#2689=ADVANCED_FACE('',(#810),#112,.F.);
#2690=ADVANCED_FACE('',(#811),#672,.T.);
#2691=ADVANCED_FACE('',(#812),#113,.F.);
#2692=ADVANCED_FACE('',(#813),#30,.T.);
#2693=ADVANCED_FACE('',(#814),#114,.T.);
#2694=ADVANCED_FACE('',(#815),#31,.T.);
#2695=ADVANCED_FACE('',(#816),#115,.T.);
#2696=ADVANCED_FACE('',(#817),#32,.T.);
#2697=ADVANCED_FACE('',(#818),#45,.F.);
#2698=ADVANCED_FACE('',(#819),#673,.T.);
#2699=ADVANCED_FACE('',(#820),#674,.T.);
#2700=ADVANCED_FACE('',(#821),#46,.F.);
#2701=ADVANCED_FACE('',(#822),#675,.T.);
#2702=ADVANCED_FACE('',(#823),#116,.T.);
#2703=ADVANCED_FACE('',(#824),#676,.T.);
#2704=ADVANCED_FACE('',(#825),#47,.F.);
#2705=ADVANCED_FACE('',(#826),#677,.T.);
#2706=ADVANCED_FACE('',(#827),#48,.F.);
#2707=ADVANCED_FACE('',(#828),#678,.T.);
#2708=ADVANCED_FACE('',(#829),#679,.T.);
#2709=ADVANCED_FACE('',(#830),#49,.F.);
#2710=ADVANCED_FACE('',(#831),#680,.T.);
#2711=ADVANCED_FACE('',(#832),#117,.T.);
#2712=ADVANCED_FACE('',(#833),#681,.T.);
#2713=ADVANCED_FACE('',(#834),#50,.F.);
#2714=ADVANCED_FACE('',(#835),#682,.T.);
#2715=ADVANCED_FACE('',(#836),#51,.F.);
#2716=ADVANCED_FACE('',(#837),#52,.F.);
#2717=ADVANCED_FACE('',(#838),#683,.T.);
#2718=ADVANCED_FACE('',(#839),#118,.T.);
#2719=ADVANCED_FACE('',(#840),#684,.T.);
#2720=ADVANCED_FACE('',(#841),#685,.T.);
#2721=ADVANCED_FACE('',(#842),#119,.T.);
#2722=ADVANCED_FACE('',(#843),#120,.T.);
#2723=ADVANCED_FACE('',(#844),#121,.T.);
#2724=ADVANCED_FACE('',(#845),#2580,.T.);
#2725=ADVANCED_FACE('',(#846),#686,.T.);
#2726=ADVANCED_FACE('',(#847),#687,.T.);
#2727=ADVANCED_FACE('',(#848),#122,.T.);
#2728=ADVANCED_FACE('',(#849),#123,.T.);
#2729=ADVANCED_FACE('',(#850),#2581,.T.);
#2730=ADVANCED_FACE('',(#851),#688,.T.);
#2731=ADVANCED_FACE('',(#852),#124,.F.);
#2732=ADVANCED_FACE('',(#853),#689,.T.);
#2733=ADVANCED_FACE('',(#854),#53,.F.);
#2734=ADVANCED_FACE('',(#855),#54,.F.);
#2735=ADVANCED_FACE('',(#856),#690,.T.);
#2736=ADVANCED_FACE('',(#857),#691,.T.);
#2737=ADVANCED_FACE('',(#858),#692,.T.);
#2738=ADVANCED_FACE('',(#859),#693,.T.);
#2739=ADVANCED_FACE('',(#860),#125,.T.);
#2740=ADVANCED_FACE('',(#861),#55,.F.);
#2741=ADVANCED_FACE('',(#862),#56,.F.);
#2742=ADVANCED_FACE('',(#863),#57,.F.);
#2743=ADVANCED_FACE('',(#864),#694,.T.);
#2744=ADVANCED_FACE('',(#865),#695,.T.);
#2745=ADVANCED_FACE('',(#866),#696,.T.);
#2746=ADVANCED_FACE('',(#867),#697,.T.);
#2747=ADVANCED_FACE('',(#868),#126,.F.);
#2748=ADVANCED_FACE('',(#869),#698,.T.);
#2749=ADVANCED_FACE('',(#870),#127,.T.);
#2750=ADVANCED_FACE('',(#871),#58,.F.);
#2751=ADVANCED_FACE('',(#872),#59,.F.);
#2752=ADVANCED_FACE('',(#873),#60,.F.);
#2753=ADVANCED_FACE('',(#874),#699,.T.);
#2754=ADVANCED_FACE('',(#875),#700,.T.);
#2755=ADVANCED_FACE('',(#876),#701,.T.);
#2756=ADVANCED_FACE('',(#877),#702,.T.);
#2757=ADVANCED_FACE('',(#878),#128,.F.);
#2758=ADVANCED_FACE('',(#879),#129,.T.);
#2759=ADVANCED_FACE('',(#880),#130,.F.);
#2760=ADVANCED_FACE('',(#881),#131,.F.);
#2761=CLOSED_SHELL('',(#2582,#2583,#2584,#2585,#2586,#2587,#2588,#2589,
#2590,#2591,#2592,#2593,#2594,#2595,#2596,#2597,#2598,#2599,#2600,#2601,
#2602,#2603,#2604,#2605,#2606,#2607,#2608,#2609,#2610,#2611,#2612,#2613,
#2614,#2615,#2616,#2617,#2618,#2619,#2620,#2621,#2622,#2623,#2624,#2625,
#2626,#2627,#2628,#2629,#2630,#2631,#2632,#2633,#2634,#2635,#2636,#2637,
#2638,#2639,#2640,#2641,#2642,#2643,#2644,#2645,#2646,#2647,#2648,#2649,
#2650,#2651,#2652,#2653,#2654,#2655,#2656,#2657,#2658,#2659,#2660,#2661,
#2662,#2663,#2664,#2665,#2666,#2667,#2668,#2669,#2670,#2671,#2672,#2673,
#2674,#2675,#2676,#2677,#2678,#2679,#2680,#2681,#2682,#2683,#2684,#2685,
#2686,#2687,#2688,#2689,#2690,#2691,#2692,#2693,#2694,#2695,#2696,#2697,
#2698,#2699,#2700,#2701,#2702,#2703,#2704,#2705,#2706,#2707,#2708,#2709,
#2710,#2711,#2712,#2713,#2714,#2715,#2716,#2717,#2718,#2719,#2720,#2721,
#2722,#2723,#2724,#2725,#2726,#2727,#2728,#2729,#2730,#2731,#2732,#2733,
#2734,#2735,#2736,#2737,#2738,#2739,#2740,#2741,#2742,#2743,#2744,#2745,
#2746,#2747,#2748,#2749,#2750,#2751,#2752,#2753,#2754,#2755,#2756,#2757,
#2758,#2759,#2760));
#2762=DERIVED_UNIT_ELEMENT(#2765,1.);
#2763=DERIVED_UNIT_ELEMENT(#5596,-3.);
#2764=DIMENSIONAL_EXPONENTS(0.,1.,0.,0.,0.,0.,0.);
#2765=(
CONVERSION_BASED_UNIT('gram',#2767)
MASS_UNIT()
NAMED_UNIT(#2764)
);
#2766=(
MASS_UNIT()
NAMED_UNIT(*)
SI_UNIT(.KILO.,.GRAM.)
);
#2767=MASS_MEASURE_WITH_UNIT(MASS_MEASURE(0.001),#2766);
#2768=DERIVED_UNIT((#2762,#2763));
#2769=MEASURE_REPRESENTATION_ITEM('density measure',
POSITIVE_RATIO_MEASURE(1.),#2768);
#2770=PROPERTY_DEFINITION_REPRESENTATION(#2775,#2772);
#2771=PROPERTY_DEFINITION_REPRESENTATION(#2776,#2773);
#2772=REPRESENTATION('material name',(#2774),#5593);
#2773=REPRESENTATION('density',(#2769),#5593);
#2774=DESCRIPTIVE_REPRESENTATION_ITEM('Generic','Generic');
#2775=PROPERTY_DEFINITION('material property','material name',#5603);
#2776=PROPERTY_DEFINITION('material property','density of part',#5603);
#2777=DATE_TIME_ROLE('creation_date');
#2778=APPLIED_DATE_AND_TIME_ASSIGNMENT(#2779,#2777,(#5603));
#2779=DATE_AND_TIME(#2780,#2781);
#2780=CALENDAR_DATE(2026,19,9);
#2781=LOCAL_TIME(0,0,0.,#2782);
#2782=COORDINATED_UNIVERSAL_TIME_OFFSET(0,0,.BEHIND.);
#2783=AXIS2_PLACEMENT_3D('',#3963,#3101,#3102);
#2784=AXIS2_PLACEMENT_3D('',#3964,#3103,#3104);
#2785=AXIS2_PLACEMENT_3D('',#3967,#3105,#3106);
#2786=AXIS2_PLACEMENT_3D('',#3969,#3107,#3108);
#2787=AXIS2_PLACEMENT_3D('',#3970,#3109,#3110);
#2788=AXIS2_PLACEMENT_3D('',#3971,#3111,#3112);
#2789=AXIS2_PLACEMENT_3D('',#3976,#3114,#3115);
#2790=AXIS2_PLACEMENT_3D('',#3979,#3117,#3118);
#2791=AXIS2_PLACEMENT_3D('',#3980,#3119,#3120);
#2792=AXIS2_PLACEMENT_3D('',#3983,#3121,#3122);
#2793=AXIS2_PLACEMENT_3D('',#3985,#3123,#3124);
#2794=AXIS2_PLACEMENT_3D('',#3986,#3125,#3126);
#2795=AXIS2_PLACEMENT_3D('',#3987,#3127,#3128);
#2796=AXIS2_PLACEMENT_3D('',#3993,#3131,#3132);
#2797=AXIS2_PLACEMENT_3D('',#3994,#3133,#3134);
#2798=AXIS2_PLACEMENT_3D('',#3995,#3135,#3136);
#2799=AXIS2_PLACEMENT_3D('',#3998,#3139,#3140);
#2800=AXIS2_PLACEMENT_3D('',#4001,#3141,#3142);
#2801=AXIS2_PLACEMENT_3D('',#4003,#3143,#3144);
#2802=AXIS2_PLACEMENT_3D('',#4004,#3145,#3146);
#2803=AXIS2_PLACEMENT_3D('',#4005,#3147,#3148);
#2804=AXIS2_PLACEMENT_3D('',#4009,#3151,#3152);
#2805=AXIS2_PLACEMENT_3D('',#4010,#3153,#3154);
#2806=AXIS2_PLACEMENT_3D('',#4013,#3155,#3156);
#2807=AXIS2_PLACEMENT_3D('',#4015,#3157,#3158);
#2808=AXIS2_PLACEMENT_3D('',#4016,#3159,#3160);
#2809=AXIS2_PLACEMENT_3D('',#4017,#3161,#3162);
#2810=AXIS2_PLACEMENT_3D('',#4042,#3166,#3167);
#2811=AXIS2_PLACEMENT_3D('',#4045,#3170,#3171);
#2812=AXIS2_PLACEMENT_3D('',#4049,#3174,#3175);
#2813=AXIS2_PLACEMENT_3D('',#4050,#3176,#3177);
#2814=AXIS2_PLACEMENT_3D('',#4075,#3181,#3182);
#2815=AXIS2_PLACEMENT_3D('',#4081,#3185,#3186);
#2816=AXIS2_PLACEMENT_3D('',#4082,#3187,#3188);
#2817=AXIS2_PLACEMENT_3D('',#4083,#3189,#3190);
#2818=AXIS2_PLACEMENT_3D('',#4114,#3195,#3196);
#2819=AXIS2_PLACEMENT_3D('',#4118,#3198,#3199);
#2820=AXIS2_PLACEMENT_3D('',#4126,#3203,#3204);
#2821=AXIS2_PLACEMENT_3D('',#4129,#3206,#3207);
#2822=AXIS2_PLACEMENT_3D('',#4132,#3208,#3209);
#2823=AXIS2_PLACEMENT_3D('',#4136,#3211,#3212);
#2824=AXIS2_PLACEMENT_3D('',#4140,#3214,#3215);
#2825=AXIS2_PLACEMENT_3D('',#4142,#3217,#3218);
#2826=AXIS2_PLACEMENT_3D('',#4144,#3219,#3220);
#2827=AXIS2_PLACEMENT_3D('',#4148,#3222,#3223);
#2828=AXIS2_PLACEMENT_3D('',#4156,#3227,#3228);
#2829=AXIS2_PLACEMENT_3D('',#4162,#3231,#3232);
#2830=AXIS2_PLACEMENT_3D('',#4166,#3234,#3235);
#2831=AXIS2_PLACEMENT_3D('',#4169,#3237,#3238);
#2832=AXIS2_PLACEMENT_3D('',#4170,#3239,#3240);
#2833=AXIS2_PLACEMENT_3D('',#4178,#3244,#3245);
#2834=AXIS2_PLACEMENT_3D('',#4182,#3247,#3248);
#2835=AXIS2_PLACEMENT_3D('',#4186,#3251,#3252);
#2836=AXIS2_PLACEMENT_3D('',#4188,#3253,#3254);
#2837=AXIS2_PLACEMENT_3D('',#4194,#3258,#3259);
#2838=AXIS2_PLACEMENT_3D('',#4196,#3260,#3261);
#2839=AXIS2_PLACEMENT_3D('',#4204,#3265,#3266);
#2840=AXIS2_PLACEMENT_3D('',#4207,#3268,#3269);
#2841=AXIS2_PLACEMENT_3D('',#4210,#3270,#3271);
#2842=AXIS2_PLACEMENT_3D('',#4214,#3273,#3274);
#2843=AXIS2_PLACEMENT_3D('',#4218,#3276,#3277);
#2844=AXIS2_PLACEMENT_3D('',#4220,#3279,#3280);
#2845=AXIS2_PLACEMENT_3D('',#4222,#3281,#3282);
#2846=AXIS2_PLACEMENT_3D('',#4226,#3284,#3285);
#2847=AXIS2_PLACEMENT_3D('',#4233,#3289,#3290);
#2848=AXIS2_PLACEMENT_3D('',#4238,#3292,#3293);
#2849=AXIS2_PLACEMENT_3D('',#4242,#3295,#3296);
#2850=AXIS2_PLACEMENT_3D('',#4245,#3298,#3299);
#2851=AXIS2_PLACEMENT_3D('',#4246,#3300,#3301);
#2852=AXIS2_PLACEMENT_3D('',#4247,#3302,#3303);
#2853=AXIS2_PLACEMENT_3D('',#4248,#3304,#3305);
#2854=AXIS2_PLACEMENT_3D('',#4249,#3306,#3307);
#2855=AXIS2_PLACEMENT_3D('',#4254,#3310,#3311);
#2856=AXIS2_PLACEMENT_3D('',#4255,#3312,#3313);
#2857=AXIS2_PLACEMENT_3D('',#4257,#3314,#3315);
#2858=AXIS2_PLACEMENT_3D('',#4260,#3317,#3318);
#2859=AXIS2_PLACEMENT_3D('',#4261,#3319,#3320);
#2860=AXIS2_PLACEMENT_3D('',#4267,#3324,#3325);
#2861=AXIS2_PLACEMENT_3D('',#4269,#3326,#3327);
#2862=AXIS2_PLACEMENT_3D('',#4271,#3328,#3329);
#2863=AXIS2_PLACEMENT_3D('',#4273,#3331,#3332);
#2864=AXIS2_PLACEMENT_3D('',#4275,#3333,#3334);
#2865=AXIS2_PLACEMENT_3D('',#4278,#3336,#3337);
#2866=AXIS2_PLACEMENT_3D('',#4279,#3338,#3339);
#2867=AXIS2_PLACEMENT_3D('',#4285,#3343,#3344);
#2868=AXIS2_PLACEMENT_3D('',#4287,#3345,#3346);
#2869=AXIS2_PLACEMENT_3D('',#4289,#3347,#3348);
#2870=AXIS2_PLACEMENT_3D('',#4323,#3350,#3351);
#2871=AXIS2_PLACEMENT_3D('',#4324,#3352,#3353);
#2872=AXIS2_PLACEMENT_3D('',#4325,#3354,#3355);
#2873=AXIS2_PLACEMENT_3D('',#4358,#3356,#3357);
#2874=AXIS2_PLACEMENT_3D('',#4359,#3358,#3359);
#2875=AXIS2_PLACEMENT_3D('',#4360,#3360,#3361);
#2876=AXIS2_PLACEMENT_3D('',#4361,#3362,#3363);
#2877=AXIS2_PLACEMENT_3D('',#4363,#3365,#3366);
#2878=AXIS2_PLACEMENT_3D('',#4365,#3367,#3368);
#2879=AXIS2_PLACEMENT_3D('',#4367,#3370,#3371);
#2880=AXIS2_PLACEMENT_3D('',#4369,#3372,#3373);
#2881=AXIS2_PLACEMENT_3D('',#4370,#3374,#3375);
#2882=AXIS2_PLACEMENT_3D('',#4371,#3376,#3377);
#2883=AXIS2_PLACEMENT_3D('',#4373,#3378,#3379);
#2884=AXIS2_PLACEMENT_3D('',#4375,#3381,#3382);
#2885=AXIS2_PLACEMENT_3D('',#4377,#3383,#3384);
#2886=AXIS2_PLACEMENT_3D('',#4378,#3385,#3386);
#2887=AXIS2_PLACEMENT_3D('',#4379,#3387,#3388);
#2888=AXIS2_PLACEMENT_3D('',#4381,#3390,#3391);
#2889=AXIS2_PLACEMENT_3D('',#4383,#3393,#3394);
#2890=AXIS2_PLACEMENT_3D('',#4390,#3399,#3400);
#2891=AXIS2_PLACEMENT_3D('',#4393,#3402,#3403);
#2892=AXIS2_PLACEMENT_3D('',#4425,#3404,#3405);
#2893=AXIS2_PLACEMENT_3D('',#4427,#3406,#3407);
#2894=AXIS2_PLACEMENT_3D('',#4428,#3408,#3409);
#2895=AXIS2_PLACEMENT_3D('',#4459,#3410,#3411);
#2896=AXIS2_PLACEMENT_3D('',#4460,#3412,#3413);
#2897=AXIS2_PLACEMENT_3D('',#4461,#3414,#3415);
#2898=AXIS2_PLACEMENT_3D('',#4462,#3416,#3417);
#2899=AXIS2_PLACEMENT_3D('',#4465,#3419,#3420);
#2900=AXIS2_PLACEMENT_3D('',#4466,#3421,#3422);
#2901=AXIS2_PLACEMENT_3D('',#4468,#3423,#3424);
#2902=AXIS2_PLACEMENT_3D('',#4469,#3425,#3426);
#2903=AXIS2_PLACEMENT_3D('',#4470,#3427,#3428);
#2904=AXIS2_PLACEMENT_3D('',#4472,#3429,#3430);
#2905=AXIS2_PLACEMENT_3D('',#4474,#3432,#3433);
#2906=AXIS2_PLACEMENT_3D('',#4476,#3434,#3435);
#2907=AXIS2_PLACEMENT_3D('',#4477,#3436,#3437);
#2908=AXIS2_PLACEMENT_3D('',#4478,#3438,#3439);
#2909=AXIS2_PLACEMENT_3D('',#4480,#3441,#3442);
#2910=AXIS2_PLACEMENT_3D('',#4482,#3444,#3445);
#2911=AXIS2_PLACEMENT_3D('',#4485,#3448,#3449);
#2912=AXIS2_PLACEMENT_3D('',#4487,#3451,#3452);
#2913=AXIS2_PLACEMENT_3D('',#4490,#3454,#3455);
#2914=AXIS2_PLACEMENT_3D('',#4492,#3456,#3457);
#2915=AXIS2_PLACEMENT_3D('',#4494,#3458,#3459);
#2916=AXIS2_PLACEMENT_3D('',#4495,#3460,#3461);
#2917=AXIS2_PLACEMENT_3D('',#4497,#3463,#3464);
#2918=AXIS2_PLACEMENT_3D('',#4498,#3465,#3466);
#2919=AXIS2_PLACEMENT_3D('',#4504,#3470,#3471);
#2920=AXIS2_PLACEMENT_3D('',#4508,#3474,#3475);
#2921=AXIS2_PLACEMENT_3D('',#4510,#3477,#3478);
#2922=AXIS2_PLACEMENT_3D('',#4513,#3480,#3481);
#2923=AXIS2_PLACEMENT_3D('',#4514,#3482,#3483);
#2924=AXIS2_PLACEMENT_3D('',#4515,#3484,#3485);
#2925=AXIS2_PLACEMENT_3D('',#4518,#3487,#3488);
#2926=AXIS2_PLACEMENT_3D('',#4519,#3489,#3490);
#2927=AXIS2_PLACEMENT_3D('',#4520,#3491,#3492);
#2928=AXIS2_PLACEMENT_3D('',#4523,#3494,#3495);
#2929=AXIS2_PLACEMENT_3D('',#4524,#3496,#3497);
#2930=AXIS2_PLACEMENT_3D('',#4525,#3498,#3499);
#2931=AXIS2_PLACEMENT_3D('',#4540,#3504,#3505);
#2932=AXIS2_PLACEMENT_3D('',#4555,#3510,#3511);
#2933=AXIS2_PLACEMENT_3D('',#4557,#3513,#3514);
#2934=AXIS2_PLACEMENT_3D('',#4558,#3515,#3516);
#2935=AXIS2_PLACEMENT_3D('',#4559,#3517,#3518);
#2936=AXIS2_PLACEMENT_3D('',#4563,#3520,#3521);
#2937=AXIS2_PLACEMENT_3D('',#4565,#3523,#3524);
#2938=AXIS2_PLACEMENT_3D('',#4569,#3527,#3528);
#2939=AXIS2_PLACEMENT_3D('',#4572,#3530,#3531);
#2940=AXIS2_PLACEMENT_3D('',#4573,#3532,#3533);
#2941=AXIS2_PLACEMENT_3D('',#4577,#3536,#3537);
#2942=AXIS2_PLACEMENT_3D('',#4580,#3539,#3540);
#2943=AXIS2_PLACEMENT_3D('',#4581,#3541,#3542);
#2944=AXIS2_PLACEMENT_3D('',#4583,#3544,#3545);
#2945=AXIS2_PLACEMENT_3D('',#4587,#3547,#3548);
#2946=AXIS2_PLACEMENT_3D('',#4589,#3550,#3551);
#2947=AXIS2_PLACEMENT_3D('',#4593,#3554,#3555);
#2948=AXIS2_PLACEMENT_3D('',#4596,#3557,#3558);
#2949=AXIS2_PLACEMENT_3D('',#4597,#3559,#3560);
#2950=AXIS2_PLACEMENT_3D('',#4600,#3562,#3563);
#2951=AXIS2_PLACEMENT_3D('',#4601,#3564,#3565);
#2952=AXIS2_PLACEMENT_3D('',#4605,#3568,#3569);
#2953=AXIS2_PLACEMENT_3D('',#4608,#3571,#3572);
#2954=AXIS2_PLACEMENT_3D('',#4609,#3573,#3574);
#2955=AXIS2_PLACEMENT_3D('',#4613,#3577,#3578);
#2956=AXIS2_PLACEMENT_3D('',#4614,#3579,#3580);
#2957=AXIS2_PLACEMENT_3D('',#4615,#3581,#3582);
#2958=AXIS2_PLACEMENT_3D('',#4621,#3586,#3587);
#2959=AXIS2_PLACEMENT_3D('',#4623,#3588,#3589);
#2960=AXIS2_PLACEMENT_3D('',#4625,#3591,#3592);
#2961=AXIS2_PLACEMENT_3D('',#4629,#3595,#3596);
#2962=AXIS2_PLACEMENT_3D('',#4631,#3597,#3598);
#2963=AXIS2_PLACEMENT_3D('',#4633,#3600,#3601);
#2964=AXIS2_PLACEMENT_3D('',#4637,#3604,#3605);
#2965=AXIS2_PLACEMENT_3D('',#4638,#3606,#3607);
#2966=AXIS2_PLACEMENT_3D('',#4639,#3608,#3609);
#2967=AXIS2_PLACEMENT_3D('',#4645,#3613,#3614);
#2968=AXIS2_PLACEMENT_3D('',#4648,#3616,#3617);
#2969=AXIS2_PLACEMENT_3D('',#4649,#3618,#3619);
#2970=AXIS2_PLACEMENT_3D('',#4653,#3622,#3623);
#2971=AXIS2_PLACEMENT_3D('',#4657,#3625,#3626);
#2972=AXIS2_PLACEMENT_3D('',#4659,#3628,#3629);
#2973=AXIS2_PLACEMENT_3D('',#4663,#3632,#3633);
#2974=AXIS2_PLACEMENT_3D('',#4666,#3635,#3636);
#2975=AXIS2_PLACEMENT_3D('',#4667,#3637,#3638);
#2976=AXIS2_PLACEMENT_3D('',#4671,#3641,#3642);
#2977=AXIS2_PLACEMENT_3D('',#4674,#3644,#3645);
#2978=AXIS2_PLACEMENT_3D('',#4675,#3646,#3647);
#2979=AXIS2_PLACEMENT_3D('',#4677,#3649,#3650);
#2980=AXIS2_PLACEMENT_3D('',#4681,#3652,#3653);
#2981=AXIS2_PLACEMENT_3D('',#4683,#3655,#3656);
#2982=AXIS2_PLACEMENT_3D('',#4687,#3659,#3660);
#2983=AXIS2_PLACEMENT_3D('',#4690,#3662,#3663);
#2984=AXIS2_PLACEMENT_3D('',#4691,#3664,#3665);
#2985=AXIS2_PLACEMENT_3D('',#4697,#3669,#3670);
#2986=AXIS2_PLACEMENT_3D('',#4700,#3672,#3673);
#2987=AXIS2_PLACEMENT_3D('',#4701,#3674,#3675);
#2988=AXIS2_PLACEMENT_3D('',#4705,#3678,#3679);
#2989=AXIS2_PLACEMENT_3D('',#4708,#3681,#3682);
#2990=AXIS2_PLACEMENT_3D('',#4709,#3683,#3684);
#2991=AXIS2_PLACEMENT_3D('',#4713,#3687,#3688);
#2992=AXIS2_PLACEMENT_3D('',#4714,#3689,#3690);
#2993=AXIS2_PLACEMENT_3D('',#4715,#3691,#3692);
#2994=AXIS2_PLACEMENT_3D('',#4721,#3696,#3697);
#2995=AXIS2_PLACEMENT_3D('',#4724,#3699,#3700);
#2996=AXIS2_PLACEMENT_3D('',#4725,#3701,#3702);
#2997=AXIS2_PLACEMENT_3D('',#4729,#3705,#3706);
#2998=AXIS2_PLACEMENT_3D('',#4732,#3708,#3709);
#2999=AXIS2_PLACEMENT_3D('',#4733,#3710,#3711);
#3000=AXIS2_PLACEMENT_3D('',#4737,#3714,#3715);
#3001=AXIS2_PLACEMENT_3D('',#4740,#3717,#3718);
#3002=AXIS2_PLACEMENT_3D('',#4741,#3719,#3720);
#3003=AXIS2_PLACEMENT_3D('',#4745,#3723,#3724);
#3004=AXIS2_PLACEMENT_3D('',#4746,#3725,#3726);
#3005=AXIS2_PLACEMENT_3D('',#4811,#3727,#3728);
#3006=AXIS2_PLACEMENT_3D('',#4812,#3729,#3730);
#3007=AXIS2_PLACEMENT_3D('',#4813,#3731,#3732);
#3008=AXIS2_PLACEMENT_3D('',#4816,#3734,#3735);
#3009=AXIS2_PLACEMENT_3D('',#4817,#3736,#3737);
#3010=AXIS2_PLACEMENT_3D('',#4819,#3738,#3739);
#3011=AXIS2_PLACEMENT_3D('',#4864,#3741,#3742);
#3012=AXIS2_PLACEMENT_3D('',#4865,#3743,#3744);
#3013=AXIS2_PLACEMENT_3D('',#4866,#3745,#3746);
#3014=AXIS2_PLACEMENT_3D('',#4868,#3748,#3749);
#3015=AXIS2_PLACEMENT_3D('',#4872,#3752,#3753);
#3016=AXIS2_PLACEMENT_3D('',#4874,#3755,#3756);
#3017=AXIS2_PLACEMENT_3D('',#4905,#3757,#3758);
#3018=AXIS2_PLACEMENT_3D('',#4906,#3759,#3760);
#3019=AXIS2_PLACEMENT_3D('',#4944,#3761,#3762);
#3020=AXIS2_PLACEMENT_3D('',#4946,#3763,#3764);
#3021=AXIS2_PLACEMENT_3D('',#4947,#3765,#3766);
#3022=AXIS2_PLACEMENT_3D('',#4948,#3767,#3768);
#3023=AXIS2_PLACEMENT_3D('',#4950,#3770,#3771);
#3024=AXIS2_PLACEMENT_3D('',#4953,#3773,#3774);
#3025=AXIS2_PLACEMENT_3D('',#4991,#3775,#3776);
#3026=AXIS2_PLACEMENT_3D('',#4992,#3777,#3778);
#3027=AXIS2_PLACEMENT_3D('',#4993,#3779,#3780);
#3028=AXIS2_PLACEMENT_3D('',#4995,#3782,#3783);
#3029=AXIS2_PLACEMENT_3D('',#4999,#3786,#3787);
#3030=AXIS2_PLACEMENT_3D('',#5002,#3789,#3790);
#3031=AXIS2_PLACEMENT_3D('',#5067,#3791,#3792);
#3032=AXIS2_PLACEMENT_3D('',#5068,#3793,#3794);
#3033=AXIS2_PLACEMENT_3D('',#5069,#3795,#3796);
#3034=AXIS2_PLACEMENT_3D('',#5072,#3798,#3799);
#3035=AXIS2_PLACEMENT_3D('',#5103,#3800,#3801);
#3036=AXIS2_PLACEMENT_3D('',#5148,#3802,#3803);
#3037=AXIS2_PLACEMENT_3D('',#5150,#3804,#3805);
#3038=AXIS2_PLACEMENT_3D('',#5151,#3806,#3807);
#3039=AXIS2_PLACEMENT_3D('',#5152,#3808,#3809);
#3040=AXIS2_PLACEMENT_3D('',#5155,#3812,#3813);
#3041=AXIS2_PLACEMENT_3D('',#5157,#3815,#3816);
#3042=AXIS2_PLACEMENT_3D('',#5159,#3818,#3819);
#3043=AXIS2_PLACEMENT_3D('',#5162,#3822,#3823);
#3044=AXIS2_PLACEMENT_3D('',#5163,#3824,#3825);
#3045=AXIS2_PLACEMENT_3D('',#5164,#3826,#3827);
#3046=AXIS2_PLACEMENT_3D('',#5165,#3828,#3829);
#3047=AXIS2_PLACEMENT_3D('',#5167,#3830,#3831);
#3048=AXIS2_PLACEMENT_3D('',#5168,#3832,#3833);
#3049=AXIS2_PLACEMENT_3D('',#5169,#3834,#3835);
#3050=AXIS2_PLACEMENT_3D('',#5172,#3838,#3839);
#3051=AXIS2_PLACEMENT_3D('',#5174,#3841,#3842);
#3052=AXIS2_PLACEMENT_3D('',#5175,#3843,#3844);
#3053=AXIS2_PLACEMENT_3D('',#5176,#3845,#3846);
#3054=AXIS2_PLACEMENT_3D('',#5179,#3847,#3848);
#3055=AXIS2_PLACEMENT_3D('',#5181,#3849,#3850);
#3056=AXIS2_PLACEMENT_3D('',#5182,#3851,#3852);
#3057=AXIS2_PLACEMENT_3D('',#5183,#3853,#3854);
#3058=AXIS2_PLACEMENT_3D('',#5186,#3857,#3858);
#3059=AXIS2_PLACEMENT_3D('',#5190,#3861,#3862);
#3060=AXIS2_PLACEMENT_3D('',#5193,#3864,#3865);
#3061=AXIS2_PLACEMENT_3D('',#5230,#3866,#3867);
#3062=AXIS2_PLACEMENT_3D('',#5231,#3868,#3869);
#3063=AXIS2_PLACEMENT_3D('',#5269,#3870,#3871);
#3064=AXIS2_PLACEMENT_3D('',#5271,#3872,#3873);
#3065=AXIS2_PLACEMENT_3D('',#5272,#3874,#3875);
#3066=AXIS2_PLACEMENT_3D('',#5273,#3876,#3877);
#3067=AXIS2_PLACEMENT_3D('',#5276,#3880,#3881);
#3068=AXIS2_PLACEMENT_3D('',#5278,#3883,#3884);
#3069=AXIS2_PLACEMENT_3D('',#5279,#3885,#3886);
#3070=AXIS2_PLACEMENT_3D('',#5281,#3888,#3889);
#3071=AXIS2_PLACEMENT_3D('',#5313,#3890,#3891);
#3072=AXIS2_PLACEMENT_3D('',#5315,#3892,#3893);
#3073=AXIS2_PLACEMENT_3D('',#5316,#3894,#3895);
#3074=AXIS2_PLACEMENT_3D('',#5360,#3896,#3897);
#3075=AXIS2_PLACEMENT_3D('',#5361,#3898,#3899);
#3076=AXIS2_PLACEMENT_3D('',#5419,#3900,#3901);
#3077=AXIS2_PLACEMENT_3D('',#5421,#3902,#3903);
#3078=AXIS2_PLACEMENT_3D('',#5422,#3904,#3905);
#3079=AXIS2_PLACEMENT_3D('',#5423,#3906,#3907);
#3080=AXIS2_PLACEMENT_3D('',#5426,#3910,#3911);
#3081=AXIS2_PLACEMENT_3D('',#5428,#3913,#3914);
#3082=AXIS2_PLACEMENT_3D('',#5430,#3916,#3917);
#3083=AXIS2_PLACEMENT_3D('',#5432,#3919,#3920);
#3084=AXIS2_PLACEMENT_3D('',#5434,#3922,#3923);
#3085=AXIS2_PLACEMENT_3D('',#5435,#3924,#3925);
#3086=AXIS2_PLACEMENT_3D('',#5480,#3926,#3927);
#3087=AXIS2_PLACEMENT_3D('',#5482,#3928,#3929);
#3088=AXIS2_PLACEMENT_3D('',#5483,#3930,#3931);
#3089=AXIS2_PLACEMENT_3D('',#5515,#3932,#3933);
#3090=AXIS2_PLACEMENT_3D('',#5516,#3934,#3935);
#3091=AXIS2_PLACEMENT_3D('',#5574,#3936,#3937);
#3092=AXIS2_PLACEMENT_3D('',#5575,#3938,#3939);
#3093=AXIS2_PLACEMENT_3D('',#5576,#3940,#3941);
#3094=AXIS2_PLACEMENT_3D('',#5579,#3944,#3945);
#3095=AXIS2_PLACEMENT_3D('',#5581,#3947,#3948);
#3096=AXIS2_PLACEMENT_3D('',#5584,#3951,#3952);
#3097=AXIS2_PLACEMENT_3D('',#5587,#3955,#3956);
#3098=AXIS2_PLACEMENT_3D('',#5588,#3957,#3958);
#3099=AXIS2_PLACEMENT_3D('',#5589,#3959,#3960);
#3100=AXIS2_PLACEMENT_3D('',#5590,#3961,#3962);
#3101=DIRECTION('axis',(0.,0.,1.));
#3102=DIRECTION('refdir',(1.,0.,0.));
#3103=DIRECTION('center_axis',(-0.971943419120239,0.207161215796581,-0.111401170095032));
#3104=DIRECTION('ref_axis',(0.235214774257187,0.856021825271386,-0.460326671647629));
#3105=DIRECTION('center_axis',(-0.859596408366818,0.510973594937025,-1.09067854223306E-15));
#3106=DIRECTION('ref_axis',(1.26882631385732E-15,0.,-1.));
#3107=DIRECTION('center_axis',(1.,0.,2.53765262771465E-15));
#3108=DIRECTION('ref_axis',(0.,1.,0.));
#3109=DIRECTION('center_axis',(0.,0.,-1.));
#3110=DIRECTION('ref_axis',(0.510973594937026,0.859596408366817,0.));
#3111=DIRECTION('center_axis',(0.,0.,1.));
#3112=DIRECTION('ref_axis',(-0.87165376799346,0.490122136556596,0.));
#3113=DIRECTION('',(0.,0.,-1.));
#3114=DIRECTION('center_axis',(-0.604175802683831,-0.36738481113316,0.707106781186548));
#3115=DIRECTION('ref_axis',(-0.604175802683832,-0.367384811133161,-0.707106781186547));
#3116=DIRECTION('',(0.,0.,1.));
#3117=DIRECTION('center_axis',(-0.604175802683831,-0.367384811133161,-0.707106781186548));
#3118=DIRECTION('ref_axis',(0.604175802683831,0.367384811133161,-0.707106781186548));
#3119=DIRECTION('center_axis',(-0.971943419120239,0.20716121579658,0.111401170095031));
#3120=DIRECTION('ref_axis',(0.235214774257186,0.856021825271386,0.460326671647632));
#3121=DIRECTION('center_axis',(1.,0.,0.));
#3122=DIRECTION('ref_axis',(0.,0.,1.));
#3123=DIRECTION('center_axis',(-0.859596408366817,0.510973594937027,0.));
#3124=DIRECTION('ref_axis',(0.510973594937027,0.859596408366817,0.));
#3125=DIRECTION('center_axis',(0.,0.,1.));
#3126=DIRECTION('ref_axis',(0.,1.,0.));
#3127=DIRECTION('center_axis',(0.859596408366817,-0.510973594937027,-1.05270199006498E-16));
#3128=DIRECTION('ref_axis',(0.36131289398724,0.607826449439777,0.707106781186547));
#3129=DIRECTION('',(-0.859596408366817,0.510973594937027,1.05270199006498E-16));
#3130=DIRECTION('',(0.859596408366817,-0.510973594937027,-1.05270199006498E-16));
#3131=DIRECTION('center_axis',(-1.,0.,0.));
#3132=DIRECTION('ref_axis',(0.,1.,3.40837044447832E-16));
#3133=DIRECTION('center_axis',(-0.607826449439778,0.36131289398724,0.707106781186547));
#3134=DIRECTION('ref_axis',(-0.607826449439776,0.36131289398724,-0.707106781186548));
#3135=DIRECTION('center_axis',(0.,0.,1.));
#3136=DIRECTION('ref_axis',(0.264956214904636,0.964260444166102,0.));
#3137=DIRECTION('',(0.,0.,-1.));
#3138=DIRECTION('',(0.,0.,1.));
#3139=DIRECTION('center_axis',(-0.970913709695779,-0.210741665110517,0.113642064884561));
#3140=DIRECTION('ref_axis',(-0.239429673024836,0.85458067613321,-0.460831096666583));
#3141=DIRECTION('center_axis',(-1.,0.,-1.26882631385733E-15));
#3142=DIRECTION('ref_axis',(1.26882631385733E-15,0.,-1.));
#3143=DIRECTION('center_axis',(0.854433614213125,0.519560582514394,1.08412785315783E-15));
#3144=DIRECTION('ref_axis',(-0.519560582514394,0.854433614213125,0.));
#3145=DIRECTION('center_axis',(-4.88422854450152E-15,0.,-1.));
#3146=DIRECTION('ref_axis',(0.,1.,0.));
#3147=DIRECTION('center_axis',(-0.854433614213125,-0.519560582514394,-1.08385019353814E-15));
#3148=DIRECTION('ref_axis',(-0.36738481113316,0.604175802683832,-0.707106781186547));
#3149=DIRECTION('',(0.854433614213125,0.519560582514394,1.08385019353814E-15));
#3150=DIRECTION('',(-0.854433614213125,-0.519560582514394,-1.08385019353814E-15));
#3151=DIRECTION('center_axis',(1.,0.,0.));
#3152=DIRECTION('ref_axis',(0.,1.,2.10049771549329E-15));
#3153=DIRECTION('center_axis',(-0.970913709695779,-0.210741665110518,-0.113642064884561));
#3154=DIRECTION('ref_axis',(-0.239429673024837,0.85458067613321,0.460831096666583));
#3155=DIRECTION('center_axis',(0.854433614213125,0.519560582514394,-1.35515981644729E-16));
#3156=DIRECTION('ref_axis',(1.58603289232165E-16,0.,1.));
#3157=DIRECTION('center_axis',(-1.,0.,0.));
#3158=DIRECTION('ref_axis',(0.,1.,0.));
#3159=DIRECTION('center_axis',(0.,0.,1.));
#3160=DIRECTION('ref_axis',(-0.519560582514394,0.854433614213125,0.));
#3161=DIRECTION('center_axis',(1.,0.,-1.22464679914735E-16));
#3162=DIRECTION('ref_axis',(0.,0.707106781186548,0.707106781186547));
#3163=DIRECTION('',(1.,0.,-1.22464679914735E-16));
#3164=DIRECTION('',(-1.,0.,1.22464679914735E-16));
#3165=DIRECTION('',(1.,0.,-1.22464679914735E-16));
#3166=DIRECTION('center_axis',(0.,0.,-1.));
#3167=DIRECTION('ref_axis',(-0.269783603826173,0.96292097656379,0.));
#3168=DIRECTION('',(0.,0.,1.));
#3169=DIRECTION('',(0.,0.,-1.));
#3170=DIRECTION('center_axis',(0.854433614213125,0.519560582514394,-1.04637939073001E-16));
#3171=DIRECTION('ref_axis',(-0.367384811133161,0.604175802683831,0.707106781186548));
#3172=DIRECTION('',(0.854433614213125,0.519560582514394,-1.04637939073001E-16));
#3173=DIRECTION('',(-0.854433614213125,-0.519560582514394,1.04637939073001E-16));
#3174=DIRECTION('center_axis',(1.,0.,0.));
#3175=DIRECTION('ref_axis',(0.,1.,-2.71031963289457E-16));
#3176=DIRECTION('center_axis',(-1.,0.,-1.26850135049554E-15));
#3177=DIRECTION('ref_axis',(8.97195690676446E-16,0.70710678118655,-0.707106781186545));
#3178=DIRECTION('',(-1.,0.,-1.26850135049554E-15));
#3179=DIRECTION('',(1.,0.,1.26850135049554E-15));
#3180=DIRECTION('',(-1.,0.,-1.26850135049554E-15));
#3181=DIRECTION('center_axis',(-0.859596408366817,0.510973594937027,-1.09039920489443E-15));
#3182=DIRECTION('ref_axis',(0.36131289398724,0.607826449439777,-0.707106781186547));
#3183=DIRECTION('',(-0.859596408366817,0.510973594937027,-1.09039920489443E-15));
#3184=DIRECTION('',(0.859596408366817,-0.510973594937027,1.09039920489443E-15));
#3185=DIRECTION('center_axis',(-0.607826449439778,0.361312893987239,-0.707106781186547));
#3186=DIRECTION('ref_axis',(0.607826449439775,-0.36131289398724,-0.707106781186548));
#3187=DIRECTION('center_axis',(-1.,0.,0.));
#3188=DIRECTION('ref_axis',(0.,1.,-2.59036153780352E-15));
#3189=DIRECTION('center_axis',(0.,0.,-1.));
#3190=DIRECTION('ref_axis',(0.869187435176391,0.494482762623215,0.));
#3191=DIRECTION('',(0.,0.,-1.));
#3192=DIRECTION('',(0.,0.,1.));
#3193=DIRECTION('',(0.,0.,-1.));
#3194=DIRECTION('',(0.,0.,-1.));
#3195=DIRECTION('center_axis',(-1.22464679914735E-16,0.,-1.));
#3196=DIRECTION('ref_axis',(-1.,0.,1.22464679914735E-16));
#3197=DIRECTION('',(0.,1.,0.));
#3198=DIRECTION('center_axis',(-1.22464679914735E-16,0.,-1.));
#3199=DIRECTION('ref_axis',(-0.707106781186548,-0.707106781186547,0.));
#3200=DIRECTION('',(-1.,0.,0.));
#3201=DIRECTION('',(0.,-1.,0.));
#3202=DIRECTION('',(-1.,0.,1.22464679914735E-16));
#3203=DIRECTION('center_axis',(1.22464679914735E-16,0.,1.));
#3204=DIRECTION('ref_axis',(-0.804563666815992,-0.593866404201825,9.85306319276462E-17));
#3205=DIRECTION('',(-0.294645387920793,-0.955606663526896,3.60836531200729E-17));
#3206=DIRECTION('center_axis',(1.22464679914735E-16,0.,1.));
#3207=DIRECTION('ref_axis',(1.02647812273439E-32,1.,0.));
#3208=DIRECTION('center_axis',(1.22464679914735E-16,0.,1.));
#3209=DIRECTION('ref_axis',(0.259397103413744,0.965770750613498,-3.17669832403736E-17));
#3210=DIRECTION('',(4.67462326157961E-16,1.,-5.72476241451323E-32));
#3211=DIRECTION('center_axis',(1.22464679914735E-16,0.,1.));
#3212=DIRECTION('ref_axis',(0.707106781186548,-0.707106781186548,-8.65956056235494E-17));
#3213=DIRECTION('',(1.,0.,-1.22464679914735E-16));
#3214=DIRECTION('center_axis',(1.22464679914735E-16,0.,1.));
#3215=DIRECTION('ref_axis',(-0.866324497674428,-0.499481595986428,1.06094152309993E-16));
#3216=DIRECTION('',(-0.501036270541705,-0.865426285481126,6.13592464975626E-17));
#3217=DIRECTION('center_axis',(-1.22464679914735E-16,0.,-1.));
#3218=DIRECTION('ref_axis',(-1.,0.,1.22464679914735E-16));
#3219=DIRECTION('center_axis',(1.22464679914735E-16,0.,1.));
#3220=DIRECTION('ref_axis',(1.02647812273439E-32,1.,0.));
#3221=DIRECTION('',(-0.294645387920793,0.955606663526896,3.60836531200729E-17));
#3222=DIRECTION('center_axis',(1.22464679914735E-16,0.,1.));
#3223=DIRECTION('ref_axis',(0.804563666815992,-0.593866404201825,-9.85306319276462E-17));
#3224=DIRECTION('',(-1.,0.,1.7415263131375E-16));
#3225=DIRECTION('',(0.,1.,0.));
#3226=DIRECTION('',(1.,0.,0.));
#3227=DIRECTION('center_axis',(-1.22464679914735E-16,0.,-1.));
#3228=DIRECTION('ref_axis',(0.707106781186549,-0.707106781186546,0.));
#3229=DIRECTION('',(0.,1.,0.));
#3230=DIRECTION('',(-0.501036270541705,0.865426285481126,6.13592464975626E-17));
#3231=DIRECTION('center_axis',(1.22464679914735E-16,0.,1.));
#3232=DIRECTION('ref_axis',(0.866324497674431,-0.499481595986423,-1.06094152309993E-16));
#3233=DIRECTION('',(1.,0.,-1.22464679914735E-16));
#3234=DIRECTION('center_axis',(1.22464679914735E-16,0.,1.));
#3235=DIRECTION('ref_axis',(-0.707106781186546,-0.707106781186549,8.65956056235492E-17));
#3236=DIRECTION('',(4.67462326157961E-16,-1.,-5.72476241451323E-32));
#3237=DIRECTION('center_axis',(1.22464679914735E-16,0.,1.));
#3238=DIRECTION('ref_axis',(-0.25939710341376,0.965770750613494,3.17669832403756E-17));
#3239=DIRECTION('center_axis',(-1.,0.,0.));
#3240=DIRECTION('ref_axis',(0.,0.,1.));
#3241=DIRECTION('',(0.,-1.,0.));
#3242=DIRECTION('',(0.,0.,-1.));
#3243=DIRECTION('',(0.,-1.,0.));
#3244=DIRECTION('center_axis',(-1.,0.,0.));
#3245=DIRECTION('ref_axis',(0.,0.707106781186549,-0.707106781186546));
#3246=DIRECTION('',(0.,0.,-1.));
#3247=DIRECTION('center_axis',(-1.,0.,0.));
#3248=DIRECTION('ref_axis',(0.,0.707106781186549,0.707106781186546));
#3249=DIRECTION('',(0.,1.,0.));
#3250=DIRECTION('',(0.,0.,-1.));
#3251=DIRECTION('center_axis',(-1.,0.,0.));
#3252=DIRECTION('ref_axis',(0.,0.,1.));
#3253=DIRECTION('center_axis',(1.,0.,0.));
#3254=DIRECTION('ref_axis',(0.,0.707106781186549,-0.707106781186546));
#3255=DIRECTION('',(0.,1.,0.));
#3256=DIRECTION('',(0.,0.,1.));
#3257=DIRECTION('',(0.,-1.,0.));
#3258=DIRECTION('center_axis',(1.26850135049554E-15,0.,-1.));
#3259=DIRECTION('ref_axis',(-1.,0.,-1.26850135049554E-15));
#3260=DIRECTION('center_axis',(-1.26850135049554E-15,0.,1.));
#3261=DIRECTION('ref_axis',(0.707106781186549,-0.707106781186546,0.));
#3262=DIRECTION('',(1.,0.,0.));
#3263=DIRECTION('',(0.,-1.,0.));
#3264=DIRECTION('',(1.,0.,1.32018930189456E-15));
#3265=DIRECTION('center_axis',(1.26850135049554E-15,0.,-1.));
#3266=DIRECTION('ref_axis',(0.804563666815992,-0.593866404201824,1.02059009791573E-15));
#3267=DIRECTION('',(0.294645387920793,-0.955606663526896,3.73758072494809E-16));
#3268=DIRECTION('center_axis',(1.26850135049554E-15,0.,-1.));
#3269=DIRECTION('ref_axis',(0.,1.,0.));
#3270=DIRECTION('center_axis',(1.26850135049554E-15,0.,-1.));
#3271=DIRECTION('ref_axis',(-0.259397103413692,0.965770750613512,-3.290455759949E-16));
#3272=DIRECTION('',(-4.67462326157961E-16,1.,-5.92976592037161E-31));
#3273=DIRECTION('center_axis',(1.26850135049554E-15,0.,-1.));
#3274=DIRECTION('ref_axis',(-0.707106781186546,-0.707106781186549,-8.9696590687969E-16));
#3275=DIRECTION('',(-1.,0.,-1.26850135049554E-15));
#3276=DIRECTION('center_axis',(1.26850135049554E-15,0.,-1.));
#3277=DIRECTION('ref_axis',(0.866324497674429,-0.499481595986426,1.09893379526739E-15));
#3278=DIRECTION('',(0.501036270541705,-0.865426285481126,6.35565185829403E-16));
#3279=DIRECTION('center_axis',(1.26850135049554E-15,0.,-1.));
#3280=DIRECTION('ref_axis',(-1.,0.,-1.26850135049554E-15));
#3281=DIRECTION('center_axis',(1.26850135049554E-15,0.,-1.));
#3282=DIRECTION('ref_axis',(0.,1.,0.));
#3283=DIRECTION('',(0.294645387920793,0.955606663526896,3.73758072494809E-16));
#3284=DIRECTION('center_axis',(1.26850135049554E-15,0.,-1.));
#3285=DIRECTION('ref_axis',(-0.804563666815992,-0.593866404201825,-1.02059009791573E-15));
#3286=DIRECTION('',(1.,0.,1.26850135049554E-15));
#3287=DIRECTION('',(0.,1.,0.));
#3288=DIRECTION('',(-1.,0.,0.));
#3289=DIRECTION('center_axis',(-1.26850135049554E-15,0.,1.));
#3290=DIRECTION('ref_axis',(-0.707106781186548,-0.707106781186547,0.));
#3291=DIRECTION('',(-4.67462326157961E-16,-1.,-5.92976592037161E-31));
#3292=DIRECTION('center_axis',(1.26850135049554E-15,0.,-1.));
#3293=DIRECTION('ref_axis',(0.259397103413744,0.965770750613498,3.29045575994966E-16));
#3294=DIRECTION('',(0.501036270541705,0.865426285481126,6.35565185829403E-16));
#3295=DIRECTION('center_axis',(1.26850135049554E-15,0.,-1.));
#3296=DIRECTION('ref_axis',(-0.866324497674428,-0.499481595986428,-1.09893379526739E-15));
#3297=DIRECTION('',(-1.,0.,-1.26850135049554E-15));
#3298=DIRECTION('center_axis',(1.26850135049554E-15,0.,-1.));
#3299=DIRECTION('ref_axis',(0.707106781186547,-0.707106781186547,8.96965906879692E-16));
#3300=DIRECTION('center_axis',(-0.519560582514394,0.854433614213125,0.));
#3301=DIRECTION('ref_axis',(0.,0.,1.));
#3302=DIRECTION('center_axis',(0.510973594937027,0.859596408366817,0.));
#3303=DIRECTION('ref_axis',(0.,0.,-1.));
#3304=DIRECTION('center_axis',(0.,1.,0.));
#3305=DIRECTION('ref_axis',(0.,0.,1.));
#3306=DIRECTION('center_axis',(-1.,0.,0.));
#3307=DIRECTION('ref_axis',(0.,0.,1.));
#3308=DIRECTION('',(0.,0.,1.));
#3309=DIRECTION('',(0.,-1.,0.));
#3310=DIRECTION('center_axis',(1.,0.,0.));
#3311=DIRECTION('ref_axis',(0.,0.707106781186549,0.707106781186546));
#3312=DIRECTION('center_axis',(0.,1.,0.));
#3313=DIRECTION('ref_axis',(0.707106781186547,0.,0.707106781186548));
#3314=DIRECTION('center_axis',(0.,1.,0.));
#3315=DIRECTION('ref_axis',(0.707106781186547,0.,0.707106781186548));
#3316=DIRECTION('',(0.,-1.,0.));
#3317=DIRECTION('center_axis',(0.,-1.,0.));
#3318=DIRECTION('ref_axis',(0.707106781186547,0.,0.707106781186548));
#3319=DIRECTION('center_axis',(-1.,0.,0.));
#3320=DIRECTION('ref_axis',(0.,0.,1.));
#3321=DIRECTION('',(0.,0.,-1.));
#3322=DIRECTION('',(0.,-1.,0.));
#3323=DIRECTION('',(0.,0.,-1.));
#3324=DIRECTION('center_axis',(0.,-1.,0.));
#3325=DIRECTION('ref_axis',(-0.707106781186548,0.,0.707106781186547));
#3326=DIRECTION('center_axis',(0.,1.,0.));
#3327=DIRECTION('ref_axis',(-0.707106781186548,0.,0.707106781186547));
#3328=DIRECTION('center_axis',(0.,-1.,0.));
#3329=DIRECTION('ref_axis',(-0.707106781186548,0.,0.707106781186547));
#3330=DIRECTION('',(0.,1.,0.));
#3331=DIRECTION('center_axis',(0.,1.,0.));
#3332=DIRECTION('ref_axis',(-0.707106781186548,0.,-0.707106781186548));
#3333=DIRECTION('center_axis',(0.,1.,0.));
#3334=DIRECTION('ref_axis',(-0.707106781186548,0.,-0.707106781186548));
#3335=DIRECTION('',(0.,-1.,0.));
#3336=DIRECTION('center_axis',(0.,-1.,0.));
#3337=DIRECTION('ref_axis',(-0.707106781186548,0.,-0.707106781186548));
#3338=DIRECTION('center_axis',(1.,0.,-2.53765262771464E-16));
#3339=DIRECTION('ref_axis',(-2.53765262771464E-16,0.,-1.));
#3340=DIRECTION('',(0.,0.,1.));
#3341=DIRECTION('',(0.,-1.,0.));
#3342=DIRECTION('',(0.,0.,1.));
#3343=DIRECTION('center_axis',(0.,-1.,0.));
#3344=DIRECTION('ref_axis',(0.707106781186548,0.,-0.707106781186547));
#3345=DIRECTION('center_axis',(0.,1.,0.));
#3346=DIRECTION('ref_axis',(0.707106781186548,0.,-0.707106781186547));
#3347=DIRECTION('center_axis',(0.,-1.,0.));
#3348=DIRECTION('ref_axis',(0.707106781186548,0.,-0.707106781186547));
#3349=DIRECTION('',(0.,1.,0.));
#3350=DIRECTION('center_axis',(1.,-8.88178419700129E-15,0.));
#3351=DIRECTION('ref_axis',(-8.88178419700129E-15,-1.,0.));
#3352=DIRECTION('center_axis',(0.,-0.894427190999915,0.447213595499961));
#3353=DIRECTION('ref_axis',(0.,-0.447213595499961,-0.894427190999914));
#3354=DIRECTION('center_axis',(0.,0.447213595499957,-0.894427190999917));
#3355=DIRECTION('ref_axis',(0.,-0.894427190999916,-0.447213595499957));
#3356=DIRECTION('center_axis',(1.,0.,0.));
#3357=DIRECTION('ref_axis',(0.,1.38777878078145E-16,1.));
#3358=DIRECTION('center_axis',(-1.55158384577955E-17,0.447213595499957,
0.894427190999917));
#3359=DIRECTION('ref_axis',(0.,-0.894427190999916,0.447213595499957));
#3360=DIRECTION('center_axis',(0.,-0.894427190999915,-0.447213595499959));
#3361=DIRECTION('ref_axis',(0.,-0.447213595499959,0.894427190999915));
#3362=DIRECTION('center_axis',(0.,0.,1.));
#3363=DIRECTION('ref_axis',(0.707106781186549,-0.707106781186546,0.));
#3364=DIRECTION('',(0.,0.,-1.));
#3365=DIRECTION('center_axis',(0.,1.,0.));
#3366=DIRECTION('ref_axis',(0.707106781186551,0.,0.707106781186544));
#3367=DIRECTION('center_axis',(0.,-1.,0.));
#3368=DIRECTION('ref_axis',(1.,0.,0.));
#3369=DIRECTION('',(0.,-1.,0.));
#3370=DIRECTION('center_axis',(1.,0.,0.));
#3371=DIRECTION('ref_axis',(0.,0.,-1.));
#3372=DIRECTION('center_axis',(0.,0.,-1.));
#3373=DIRECTION('ref_axis',(1.,0.,0.));
#3374=DIRECTION('center_axis',(-1.,0.,0.));
#3375=DIRECTION('ref_axis',(0.,0.707106781186549,-0.707106781186546));
#3376=DIRECTION('center_axis',(0.,0.,1.));
#3377=DIRECTION('ref_axis',(0.707106781186549,-0.707106781186546,0.));
#3378=DIRECTION('center_axis',(0.,0.,-1.));
#3379=DIRECTION('ref_axis',(1.,0.,0.));
#3380=DIRECTION('',(0.,0.,-1.));
#3381=DIRECTION('center_axis',(1.,0.,0.));
#3382=DIRECTION('ref_axis',(0.,0.,-1.));
#3383=DIRECTION('center_axis',(0.,1.,0.));
#3384=DIRECTION('ref_axis',(1.,0.,0.));
#3385=DIRECTION('center_axis',(-1.,0.,0.));
#3386=DIRECTION('ref_axis',(0.,0.707106781186549,0.707106781186546));
#3387=DIRECTION('center_axis',(0.,-1.,0.));
#3388=DIRECTION('ref_axis',(0.707106781186548,0.,-0.707106781186548));
#3389=DIRECTION('',(0.,1.,0.));
#3390=DIRECTION('center_axis',(0.,0.,1.));
#3391=DIRECTION('ref_axis',(0.707106781186549,-0.707106781186546,0.));
#3392=DIRECTION('',(0.,0.,-1.));
#3393=DIRECTION('center_axis',(0.,-1.,0.));
#3394=DIRECTION('ref_axis',(0.,0.,-1.));
#3395=DIRECTION('',(1.,0.,0.));
#3396=DIRECTION('',(0.,0.,1.));
#3397=DIRECTION('',(1.,0.,0.));
#3398=DIRECTION('',(0.,0.,1.));
#3399=DIRECTION('center_axis',(-1.,0.,0.));
#3400=DIRECTION('ref_axis',(0.,-0.707106781186543,0.707106781186553));
#3401=DIRECTION('',(-1.,0.,0.));
#3402=DIRECTION('center_axis',(-1.,0.,4.44089209850064E-15));
#3403=DIRECTION('ref_axis',(0.,-1.,0.));
#3404=DIRECTION('center_axis',(0.,0.447213595499957,-0.894427190999917));
#3405=DIRECTION('ref_axis',(0.,-0.894427190999917,-0.447213595499957));
#3406=DIRECTION('center_axis',(0.,-0.894427190999915,0.447213595499959));
#3407=DIRECTION('ref_axis',(0.,-0.447213595499959,-0.894427190999915));
#3408=DIRECTION('center_axis',(-1.,0.,0.));
#3409=DIRECTION('ref_axis',(0.,-2.77555756156288E-16,-1.));
#3410=DIRECTION('center_axis',(1.24126707662363E-16,-0.894427190999915,
-0.447213595499959));
#3411=DIRECTION('ref_axis',(0.,-0.447213595499959,0.894427190999915));
#3412=DIRECTION('center_axis',(1.55158384577955E-17,0.447213595499957,0.894427190999917));
#3413=DIRECTION('ref_axis',(0.,-0.894427190999917,0.447213595499957));
#3414=DIRECTION('center_axis',(0.,0.,1.));
#3415=DIRECTION('ref_axis',(-0.707106781186548,-0.707106781186547,0.));
#3416=DIRECTION('center_axis',(0.,1.,0.));
#3417=DIRECTION('ref_axis',(-0.707106781186548,0.,0.707106781186547));
#3418=DIRECTION('',(0.,1.,0.));
#3419=DIRECTION('center_axis',(0.,-1.,0.));
#3420=DIRECTION('ref_axis',(-2.22044604925032E-15,0.,1.));
#3421=DIRECTION('center_axis',(1.,0.,0.));
#3422=DIRECTION('ref_axis',(0.,0.,-1.));
#3423=DIRECTION('center_axis',(0.,0.,-1.));
#3424=DIRECTION('ref_axis',(0.,-1.,0.));
#3425=DIRECTION('center_axis',(1.,0.,0.));
#3426=DIRECTION('ref_axis',(0.,0.707106781186549,-0.707106781186546));
#3427=DIRECTION('center_axis',(0.,0.,1.));
#3428=DIRECTION('ref_axis',(-0.707106781186548,-0.707106781186548,0.));
#3429=DIRECTION('center_axis',(0.,0.,-1.));
#3430=DIRECTION('ref_axis',(0.,-1.,0.));
#3431=DIRECTION('',(0.,0.,1.));
#3432=DIRECTION('center_axis',(1.,0.,0.));
#3433=DIRECTION('ref_axis',(0.,0.,-1.));
#3434=DIRECTION('center_axis',(0.,1.,0.));
#3435=DIRECTION('ref_axis',(0.,0.,-1.));
#3436=DIRECTION('center_axis',(1.,0.,0.));
#3437=DIRECTION('ref_axis',(0.,0.707106781186549,0.707106781186546));
#3438=DIRECTION('center_axis',(0.,-1.,0.));
#3439=DIRECTION('ref_axis',(-0.707106781186546,0.,-0.707106781186549));
#3440=DIRECTION('',(0.,-1.,0.));
#3441=DIRECTION('center_axis',(0.,0.,1.));
#3442=DIRECTION('ref_axis',(-0.707106781186548,-0.707106781186547,0.));
#3443=DIRECTION('',(0.,0.,1.));
#3444=DIRECTION('center_axis',(0.,0.,1.));
#3445=DIRECTION('ref_axis',(1.,0.,0.));
#3446=DIRECTION('',(1.,0.,0.));
#3447=DIRECTION('',(-1.,0.,0.));
#3448=DIRECTION('center_axis',(1.,0.,0.));
#3449=DIRECTION('ref_axis',(0.,0.707106781186542,0.707106781186553));
#3450=DIRECTION('',(1.,0.,0.));
#3451=DIRECTION('center_axis',(0.,1.,0.));
#3452=DIRECTION('ref_axis',(0.,0.,1.));
#3453=DIRECTION('',(-1.,0.,0.));
#3454=DIRECTION('center_axis',(0.,1.,0.));
#3455=DIRECTION('ref_axis',(1.,0.,0.));
#3456=DIRECTION('center_axis',(0.,1.,0.));
#3457=DIRECTION('ref_axis',(1.,0.,0.));
#3458=DIRECTION('center_axis',(0.,1.,0.));
#3459=DIRECTION('ref_axis',(1.,0.,0.));
#3460=DIRECTION('center_axis',(-1.,0.,0.));
#3461=DIRECTION('ref_axis',(0.,0.707106781186542,-0.707106781186553));
#3462=DIRECTION('',(1.,0.,0.));
#3463=DIRECTION('center_axis',(0.,0.,-1.));
#3464=DIRECTION('ref_axis',(-1.,0.,0.));
#3465=DIRECTION('center_axis',(-1.,0.,0.));
#3466=DIRECTION('ref_axis',(0.,0.,1.));
#3467=DIRECTION('',(0.,0.,-1.));
#3468=DIRECTION('',(0.,-1.,0.));
#3469=DIRECTION('',(0.,0.,-1.));
#3470=DIRECTION('center_axis',(1.,0.,-2.53765262771464E-16));
#3471=DIRECTION('ref_axis',(-2.53765262771464E-16,0.,-1.));
#3472=DIRECTION('',(0.,-1.,0.));
#3473=DIRECTION('',(0.,0.,1.));
#3474=DIRECTION('center_axis',(1.,0.,0.));
#3475=DIRECTION('ref_axis',(0.,-0.707106781186543,-0.707106781186553));
#3476=DIRECTION('',(1.,0.,0.));
#3477=DIRECTION('center_axis',(0.,-1.,0.));
#3478=DIRECTION('ref_axis',(1.,0.,0.));
#3479=DIRECTION('',(0.,1.,0.));
#3480=DIRECTION('center_axis',(0.,-1.,0.));
#3481=DIRECTION('ref_axis',(1.,0.,0.));
#3482=DIRECTION('center_axis',(0.,-1.,0.));
#3483=DIRECTION('ref_axis',(1.,0.,0.));
#3484=DIRECTION('center_axis',(0.,-1.,0.));
#3485=DIRECTION('ref_axis',(1.,0.,0.));
#3486=DIRECTION('',(0.,1.,0.));
#3487=DIRECTION('center_axis',(0.,-1.,0.));
#3488=DIRECTION('ref_axis',(1.,0.,0.));
#3489=DIRECTION('center_axis',(0.,-1.,0.));
#3490=DIRECTION('ref_axis',(1.,0.,0.));
#3491=DIRECTION('center_axis',(0.,-1.,0.));
#3492=DIRECTION('ref_axis',(1.,0.,0.));
#3493=DIRECTION('',(0.,1.,0.));
#3494=DIRECTION('center_axis',(0.,-1.,0.));
#3495=DIRECTION('ref_axis',(1.,0.,0.));
#3496=DIRECTION('center_axis',(0.,-1.,0.));
#3497=DIRECTION('ref_axis',(1.,0.,0.));
#3498=DIRECTION('center_axis',(0.,-1.,0.));
#3499=DIRECTION('ref_axis',(0.,0.,-1.));
#3500=DIRECTION('',(-1.,0.,0.));
#3501=DIRECTION('',(-1.7415263131375E-16,0.,-1.));
#3502=DIRECTION('',(1.,0.,-1.22464679914735E-16));
#3503=DIRECTION('',(1.22464679914735E-16,0.,1.));
#3504=DIRECTION('center_axis',(0.,-1.,0.));
#3505=DIRECTION('ref_axis',(0.,0.,-1.));
#3506=DIRECTION('',(-1.26850135049554E-15,0.,1.));
#3507=DIRECTION('',(-1.,0.,-5.73018335290404E-16));
#3508=DIRECTION('',(1.32018930189456E-15,0.,-1.));
#3509=DIRECTION('',(1.,0.,0.));
#3510=DIRECTION('center_axis',(0.,0.,1.));
#3511=DIRECTION('ref_axis',(-1.,0.,0.));
#3512=DIRECTION('',(-1.,0.,0.));
#3513=DIRECTION('center_axis',(0.,0.,-1.));
#3514=DIRECTION('ref_axis',(1.,0.,0.));
#3515=DIRECTION('center_axis',(0.,-1.,0.));
#3516=DIRECTION('ref_axis',(0.,0.,-1.));
#3517=DIRECTION('center_axis',(0.,0.,1.));
#3518=DIRECTION('ref_axis',(-0.259397103413692,0.965770750613512,-2.46784181996175E-16));
#3519=DIRECTION('',(-0.611948795080788,-0.354286144520457,-0.707106781186549));
#3520=DIRECTION('center_axis',(-1.26850135049554E-15,0.,1.));
#3521=DIRECTION('ref_axis',(-0.259397103413692,0.965770750613512,0.));
#3522=DIRECTION('',(-0.707106781186549,0.,0.707106781186546));
#3523=DIRECTION('center_axis',(0.611948795080783,0.354286144520453,-0.707106781186554));
#3524=DIRECTION('ref_axis',(-0.756153091003674,0.,-0.654394760802369));
#3525=DIRECTION('',(-0.611948795080796,-0.354286144520461,-0.707106781186539));
#3526=DIRECTION('',(-0.501036270541705,0.865426285481126,-6.35565185829403E-16));
#3527=DIRECTION('center_axis',(0.,0.,1.));
#3528=DIRECTION('ref_axis',(0.866324497674429,-0.499481595986426,8.2420034645054E-16));
#3529=DIRECTION('',(0.,0.707106781186548,-0.707106781186547));
#3530=DIRECTION('center_axis',(-1.26850135049554E-15,0.,1.));
#3531=DIRECTION('ref_axis',(0.866324497674429,-0.499481595986426,0.));
#3532=DIRECTION('center_axis',(8.96965906879701E-16,-0.70710678118654,-0.707106781186555));
#3533=DIRECTION('ref_axis',(-1.,0.,-1.26850135049554E-15));
#3534=DIRECTION('',(0.,0.707106781186555,-0.70710678118654));
#3535=DIRECTION('',(1.,0.,1.26850135049554E-15));
#3536=DIRECTION('center_axis',(0.,0.,1.));
#3537=DIRECTION('ref_axis',(-0.707106781186546,-0.707106781186549,-6.72724430159768E-16));
#3538=DIRECTION('',(0.707106781186551,5.88784672006415E-16,-0.707106781186544));
#3539=DIRECTION('center_axis',(-1.26850135049554E-15,0.,1.));
#3540=DIRECTION('ref_axis',(-0.707106781186546,-0.707106781186549,0.));
#3541=DIRECTION('center_axis',(-0.707106781186543,-3.3054578077553E-16,
-0.707106781186552));
#3542=DIRECTION('ref_axis',(-0.707106781186552,0.,0.707106781186543));
#3543=DIRECTION('',(4.67462326157961E-16,-1.,5.92976592037161E-31));
#3544=DIRECTION('center_axis',(-1.32018930189456E-15,0.,1.));
#3545=DIRECTION('ref_axis',(-0.707106781186546,-0.707106781186549,0.));
#3546=DIRECTION('',(1.32018930189456E-15,0.,-1.));
#3547=DIRECTION('center_axis',(0.,0.,1.));
#3548=DIRECTION('ref_axis',(-1.,0.,0.));
#3549=DIRECTION('',(-1.32018930189456E-15,0.,1.));
#3550=DIRECTION('center_axis',(-1.,-4.67462326157961E-16,-1.32018930189456E-15));
#3551=DIRECTION('ref_axis',(4.67462326157961E-16,-1.,5.92976592037161E-31));
#3552=DIRECTION('',(-1.32018930189456E-15,9.21906884424222E-47,1.));
#3553=DIRECTION('',(-4.67462326157961E-16,1.,-2.67864483946014E-31));
#3554=DIRECTION('center_axis',(-1.32018930189456E-15,0.,1.));
#3555=DIRECTION('ref_axis',(-0.259397103413692,0.965770750613512,0.));
#3556=DIRECTION('',(1.32018930189456E-15,-9.88119814820223E-32,-1.));
#3557=DIRECTION('center_axis',(0.,0.,-1.));
#3558=DIRECTION('ref_axis',(-1.,8.88178419700128E-15,0.));
#3559=DIRECTION('center_axis',(-2.22044604925034E-15,0.,1.));
#3560=DIRECTION('ref_axis',(-0.804563666815992,-0.593866404201825,-7.65442573436799E-16));
#3561=DIRECTION('',(0.675715951926926,-0.208345751844135,-0.707106781186541));
#3562=DIRECTION('center_axis',(-1.26850135049554E-15,0.,1.));
#3563=DIRECTION('ref_axis',(-0.804563666815992,-0.593866404201825,0.));
#3564=DIRECTION('center_axis',(-0.67571595192692,0.208345751844134,-0.707106781186546));
#3565=DIRECTION('ref_axis',(-0.722972235148705,0.,0.690877085453039));
#3566=DIRECTION('',(0.675715951926918,-0.208345751844133,-0.707106781186549));
#3567=DIRECTION('',(-0.294645387920793,-0.955606663526896,-3.73758072494809E-16));
#3568=DIRECTION('center_axis',(-2.22044604925032E-15,0.,1.));
#3569=DIRECTION('ref_axis',(0.,1.,0.));
#3570=DIRECTION('',(-0.67571595192692,-0.208345751844134,-0.707106781186547));
#3571=DIRECTION('center_axis',(-1.26850135049554E-15,0.,1.));
#3572=DIRECTION('ref_axis',(0.,1.,0.));
#3573=DIRECTION('center_axis',(0.67571595192692,0.208345751844134,-0.707106781186546));
#3574=DIRECTION('ref_axis',(-0.722972235148705,0.,-0.690877085453039));
#3575=DIRECTION('',(-0.67571595192692,-0.208345751844135,-0.707106781186547));
#3576=DIRECTION('',(-0.294645387920793,0.955606663526896,-3.73758072494809E-16));
#3577=DIRECTION('center_axis',(-2.22044604925032E-15,0.,1.));
#3578=DIRECTION('ref_axis',(0.804563666815992,-0.593866404201825,7.654425734368E-16));
#3579=DIRECTION('center_axis',(-1.26850135049554E-15,0.,1.));
#3580=DIRECTION('ref_axis',(0.804563666815992,-0.593866404201825,0.));
#3581=DIRECTION('center_axis',(0.707106781186547,-3.30545780775531E-16,
-0.707106781186548));
#3582=DIRECTION('ref_axis',(-0.707106781186548,0.,-0.707106781186547));
#3583=DIRECTION('',(0.707106781186548,-7.85046229341889E-16,0.707106781186547));
#3584=DIRECTION('',(-0.707106781186548,3.92523114670945E-16,-0.707106781186547));
#3585=DIRECTION('',(4.67462326157961E-16,1.,5.92976592037161E-31));
#3586=DIRECTION('center_axis',(-1.11022302462516E-15,0.,1.));
#3587=DIRECTION('ref_axis',(0.259397103413744,0.965770750613498,2.46784181996225E-16));
#3588=DIRECTION('center_axis',(-1.26850135049554E-15,0.,1.));
#3589=DIRECTION('ref_axis',(0.259397103413744,0.965770750613498,0.));
#3590=DIRECTION('',(-0.611948795080792,0.354286144520457,0.707106781186545));
#3591=DIRECTION('center_axis',(-0.611948795080787,0.354286144520457,-0.707106781186549));
#3592=DIRECTION('ref_axis',(-0.756153091003669,0.,0.654394760802374));
#3593=DIRECTION('',(-0.611948795080794,0.354286144520458,0.707106781186543));
#3594=DIRECTION('',(-0.501036270541705,-0.865426285481126,-6.35565185829403E-16));
#3595=DIRECTION('center_axis',(-1.11022302462517E-15,0.,1.));
#3596=DIRECTION('ref_axis',(-0.866324497674428,-0.499481595986428,-8.24200346450539E-16));
#3597=DIRECTION('center_axis',(-1.26850135049554E-15,0.,1.));
#3598=DIRECTION('ref_axis',(-0.866324497674428,-0.499481595986428,0.));
#3599=DIRECTION('',(-7.85046229341892E-16,-0.707106781186552,0.707106781186543));
#3600=DIRECTION('center_axis',(8.96965906879693E-16,-0.707106781186546,
-0.707106781186549));
#3601=DIRECTION('ref_axis',(-1.,0.,-1.26850135049554E-15));
#3602=DIRECTION('',(-7.85046229341889E-16,-0.707106781186549,0.707106781186546));
#3603=DIRECTION('',(1.,0.,1.26850135049554E-15));
#3604=DIRECTION('center_axis',(-1.11022302462516E-15,0.,1.));
#3605=DIRECTION('ref_axis',(0.707106781186548,-0.707106781186548,6.72724430159769E-16));
#3606=DIRECTION('center_axis',(-1.26850135049554E-15,0.,1.));
#3607=DIRECTION('ref_axis',(0.707106781186548,-0.707106781186548,0.));
#3608=DIRECTION('center_axis',(-0.865426285481126,0.501036270541705,-1.09779441188715E-15));
#3609=DIRECTION('ref_axis',(-0.501036270541705,-0.865426285481126,-6.35565185829403E-16));
#3610=DIRECTION('',(-1.26850135049554E-15,-9.88119814820223E-32,1.));
#3611=DIRECTION('',(0.501036270541705,0.865426285481126,2.8710296966592E-16));
#3612=DIRECTION('',(1.26850135049554E-15,0.,-1.));
#3613=DIRECTION('center_axis',(-1.26850135049554E-15,0.,1.));
#3614=DIRECTION('ref_axis',(0.259397103413744,0.965770750613498,0.));
#3615=DIRECTION('',(1.26850135049554E-15,9.21906884424222E-47,-1.));
#3616=DIRECTION('center_axis',(0.,0.,-1.));
#3617=DIRECTION('ref_axis',(-0.865426285481127,0.501036270541703,0.));
#3618=DIRECTION('center_axis',(1.,-4.67462326157961E-16,1.26850135049554E-15));
#3619=DIRECTION('ref_axis',(4.67462326157961E-16,1.,5.92976592037161E-31));
#3620=DIRECTION('',(-1.26850135049554E-15,0.,1.));
#3621=DIRECTION('',(-4.67462326157961E-16,-1.,-2.67864483946014E-31));
#3622=DIRECTION('center_axis',(0.,0.,-1.));
#3623=DIRECTION('ref_axis',(0.259397103413744,0.965770750613498,-3.17669832403737E-17));
#3624=DIRECTION('',(0.611948795080788,-0.354286144520457,0.707106781186548));
#3625=DIRECTION('center_axis',(-1.22464679914735E-16,0.,-1.));
#3626=DIRECTION('ref_axis',(0.259397103413744,0.965770750613498,-3.17669832403737E-17));
#3627=DIRECTION('',(0.707106781186546,0.,-0.707106781186549));
#3628=DIRECTION('center_axis',(-0.611948795080789,0.354286144520457,0.707106781186547));
#3629=DIRECTION('ref_axis',(0.756153091003668,0.,0.654394760802376));
#3630=DIRECTION('',(0.61194879508079,-0.354286144520456,0.707106781186547));
#3631=DIRECTION('',(0.501036270541705,0.865426285481126,-6.13592464975626E-17));
#3632=DIRECTION('center_axis',(0.,0.,-1.));
#3633=DIRECTION('ref_axis',(-0.866324497674428,-0.499481595986428,1.06094152309993E-16));
#3634=DIRECTION('',(0.,0.707106781186547,0.707106781186548));
#3635=DIRECTION('center_axis',(-1.22464679914735E-16,0.,-1.));
#3636=DIRECTION('ref_axis',(-0.866324497674428,-0.499481595986428,1.06094152309993E-16));
#3637=DIRECTION('center_axis',(8.65956056235493E-17,-0.707106781186548,
0.707106781186547));
#3638=DIRECTION('ref_axis',(1.,0.,-1.22464679914735E-16));
#3639=DIRECTION('',(0.,0.707106781186547,0.707106781186548));
#3640=DIRECTION('',(-1.,0.,1.22464679914735E-16));
#3641=DIRECTION('center_axis',(0.,0.,-1.));
#3642=DIRECTION('ref_axis',(0.707106781186547,-0.707106781186547,-8.65956056235494E-17));
#3643=DIRECTION('',(-0.707106781186547,1.96261557335472E-16,0.707106781186548));
#3644=DIRECTION('center_axis',(-1.22464679914735E-16,0.,-1.));
#3645=DIRECTION('ref_axis',(0.707106781186548,-0.707106781186548,-8.65956056235494E-17));
#3646=DIRECTION('center_axis',(0.707106781186548,-3.30545780775532E-16,
0.707106781186548));
#3647=DIRECTION('ref_axis',(0.707106781186548,0.,-0.707106781186548));
#3648=DIRECTION('',(-4.67462326157961E-16,-1.,5.72476241451323E-32));
#3649=DIRECTION('center_axis',(-1.22464679914735E-16,0.,-1.));
#3650=DIRECTION('ref_axis',(0.707106781186548,-0.707106781186548,-8.65956056235494E-17));
#3651=DIRECTION('',(1.22464679914735E-16,0.,1.));
#3652=DIRECTION('center_axis',(5.55111512312577E-16,-5.55111512312578E-16,
1.));
#3653=DIRECTION('ref_axis',(0.,-1.,-5.55111512312578E-16));
#3654=DIRECTION('',(-1.22464679914735E-16,0.,-1.));
#3655=DIRECTION('center_axis',(-1.,4.67462326157961E-16,1.22464679914735E-16));
#3656=DIRECTION('ref_axis',(4.67462326157961E-16,1.,-5.72476241451323E-32));
#3657=DIRECTION('',(-1.22464679914735E-16,0.,-1.));
#3658=DIRECTION('',(4.67462326157961E-16,1.,-5.72476241451323E-32));
#3659=DIRECTION('center_axis',(-1.22464679914735E-16,0.,-1.));
#3660=DIRECTION('ref_axis',(0.259397103413744,0.965770750613498,-3.17669832403737E-17));
#3661=DIRECTION('',(1.22464679914735E-16,0.,1.));
#3662=DIRECTION('center_axis',(-5.55111512312581E-16,-9.5882897581263E-16,
1.));
#3663=DIRECTION('ref_axis',(1.,-2.22044604925032E-15,5.55111512312579E-16));
#3664=DIRECTION('center_axis',(0.611948795080788,0.354286144520456,0.70710678118655));
#3665=DIRECTION('ref_axis',(0.75615309100367,0.,-0.654394760802374));
#3666=DIRECTION('',(-0.611948795080791,-0.354286144520457,0.707106781186546));
#3667=DIRECTION('',(0.501036270541705,-0.865426285481126,-6.13592464975626E-17));
#3668=DIRECTION('',(0.611948795080791,0.354286144520457,-0.707106781186546));
#3669=DIRECTION('center_axis',(0.,0.,-1.));
#3670=DIRECTION('ref_axis',(-0.25939710341376,0.965770750613494,3.5118909458949E-17));
#3671=DIRECTION('',(0.707106781186549,7.85046229341892E-16,0.707106781186546));
#3672=DIRECTION('center_axis',(-1.22464679914735E-16,0.,-1.));
#3673=DIRECTION('ref_axis',(-0.25939710341376,0.965770750613494,4.51746881146694E-17));
#3674=DIRECTION('center_axis',(-0.707106781186546,-3.30545780775531E-16,
0.707106781186549));
#3675=DIRECTION('ref_axis',(0.707106781186549,0.,0.707106781186546));
#3676=DIRECTION('',(0.707106781186549,-1.96261557335473E-16,0.707106781186546));
#3677=DIRECTION('',(-4.67462326157961E-16,1.,5.72476241451323E-32));
#3678=DIRECTION('center_axis',(0.,0.,-1.));
#3679=DIRECTION('ref_axis',(-0.707106781186546,-0.707106781186549,9.57328308585201E-17));
#3680=DIRECTION('',(0.,0.70710678118655,0.707106781186545));
#3681=DIRECTION('center_axis',(-1.22464679914735E-16,0.,-1.));
#3682=DIRECTION('ref_axis',(-0.707106781186546,-0.707106781186549,1.23144506563433E-16));
#3683=DIRECTION('center_axis',(8.65956056235495E-17,-0.707106781186546,
0.707106781186549));
#3684=DIRECTION('ref_axis',(1.,0.,-1.22464679914735E-16));
#3685=DIRECTION('',(0.,0.707106781186549,0.707106781186546));
#3686=DIRECTION('',(-1.,0.,1.22464679914735E-16));
#3687=DIRECTION('center_axis',(0.,0.,-1.));
#3688=DIRECTION('ref_axis',(0.866324497674431,-0.499481595986423,-1.17288786942886E-16));
#3689=DIRECTION('center_axis',(-1.22464679914735E-16,0.,-1.));
#3690=DIRECTION('ref_axis',(0.866324497674431,-0.499481595986423,-1.50872690841565E-16));
#3691=DIRECTION('center_axis',(0.,1.,0.));
#3692=DIRECTION('ref_axis',(1.,0.,-1.22464679914735E-16));
#3693=DIRECTION('',(-1.7415263131375E-16,0.,-1.));
#3694=DIRECTION('',(1.,0.,-1.22464679914735E-16));
#3695=DIRECTION('',(1.7415263131375E-16,0.,1.));
#3696=DIRECTION('center_axis',(-1.7415263131375E-16,0.,-1.));
#3697=DIRECTION('ref_axis',(0.866324497674431,-0.499481595986423,-1.50872690841565E-16));
#3698=DIRECTION('',(1.7415263131375E-16,0.,1.));
#3699=DIRECTION('center_axis',(9.6281165496748E-16,-5.55111512312575E-16,
1.));
#3700=DIRECTION('ref_axis',(0.,-1.,-5.55111512312575E-16));
#3701=DIRECTION('center_axis',(-0.865426285481126,-0.501036270541705,1.50716264824623E-16));
#3702=DIRECTION('ref_axis',(-0.501036270541705,0.865426285481126,6.13592464975626E-17));
#3703=DIRECTION('',(-1.7415263131375E-16,0.,-1.));
#3704=DIRECTION('',(-0.501036270541705,0.865426285481126,6.13592464975626E-17));
#3705=DIRECTION('center_axis',(0.,0.,-1.));
#3706=DIRECTION('ref_axis',(0.804563666815992,-0.593866404201825,-7.38979739457347E-17));
#3707=DIRECTION('',(-0.675715951926923,-0.208345751844134,0.707106781186544));
#3708=DIRECTION('center_axis',(-1.22464679914735E-16,0.,-1.));
#3709=DIRECTION('ref_axis',(0.804563666815992,-0.593866404201825,0.));
#3710=DIRECTION('center_axis',(0.675715951926921,0.208345751844134,0.707106781186546));
#3711=DIRECTION('ref_axis',(0.722972235148704,0.,-0.690877085453039));
#3712=DIRECTION('',(-0.675715951926918,-0.208345751844132,0.707106781186549));
#3713=DIRECTION('',(0.294645387920793,-0.955606663526896,-3.60836531200729E-17));
#3714=DIRECTION('center_axis',(0.,0.,-1.));
#3715=DIRECTION('ref_axis',(6.41548826708993E-33,1.,-3.14318623372386E-17));
#3716=DIRECTION('',(0.675715951926919,-0.208345751844134,0.707106781186548));
#3717=DIRECTION('center_axis',(-1.22464679914735E-16,0.,-1.));
#3718=DIRECTION('ref_axis',(0.,1.,-8.38182995659697E-17));
#3719=DIRECTION('center_axis',(-0.675715951926919,0.208345751844133,0.707106781186548));
#3720=DIRECTION('ref_axis',(0.722972235148707,0.,0.690877085453037));
#3721=DIRECTION('',(0.67571595192692,-0.208345751844133,0.707106781186547));
#3722=DIRECTION('',(0.294645387920793,0.955606663526896,-3.60836531200729E-17));
#3723=DIRECTION('center_axis',(0.,0.,-1.));
#3724=DIRECTION('ref_axis',(-0.804563666815992,-0.593866404201825,7.38979739457347E-17));
#3725=DIRECTION('center_axis',(-1.22464679914735E-16,0.,-1.));
#3726=DIRECTION('ref_axis',(-0.804563666815992,-0.593866404201825,0.));
#3727=DIRECTION('center_axis',(-0.927550703377958,0.373697327610267,2.05957629479493E-15));
#3728=DIRECTION('ref_axis',(0.373697327610266,0.927550703377958,0.));
#3729=DIRECTION('center_axis',(0.989962675157042,-0.141329055030851,5.23510542394218E-16));
#3730=DIRECTION('ref_axis',(0.141329055030851,0.989962675157042,0.));
#3731=DIRECTION('center_axis',(0.501036270541705,0.865426285481126,2.8710296966592E-16));
#3732=DIRECTION('ref_axis',(-0.611948795080792,0.354286144520458,-0.707106781186544));
#3733=DIRECTION('',(-0.501036270541705,-0.865426285481126,-2.8710296966592E-16));
#3734=DIRECTION('center_axis',(0.326842214032358,-0.945078921109992,1.66714625603793E-15));
#3735=DIRECTION('ref_axis',(-0.945078921109992,-0.326842214032357,0.));
#3736=DIRECTION('center_axis',(-4.67462326157961E-16,-1.,-2.67864483946014E-31));
#3737=DIRECTION('ref_axis',(0.707106781186551,-3.92523114670946E-16,-0.707106781186544));
#3738=DIRECTION('center_axis',(-0.554700196225229,-0.832050294337844,-3.07920464806677E-16));
#3739=DIRECTION('ref_axis',(0.832050294337843,-0.554700196225229,-9.85345487381346E-15));
#3740=DIRECTION('',(4.67462326157961E-16,1.,2.67864483946014E-31));
#3741=DIRECTION('center_axis',(4.10516035669679E-14,1.82305741911328E-28,
-1.));
#3742=DIRECTION('ref_axis',(4.44089209850063E-15,-1.,0.));
#3743=DIRECTION('center_axis',(-0.654136336208365,0.756376661228979,-6.12727658819422E-16));
#3744=DIRECTION('ref_axis',(-0.756376661228979,-0.654136336208365,0.));
#3745=DIRECTION('center_axis',(-1.26850135049554E-15,0.,1.));
#3746=DIRECTION('ref_axis',(-0.866324497674428,-0.499481595986428,0.));
#3747=DIRECTION('',(-1.26850135049554E-15,0.,1.));
#3748=DIRECTION('center_axis',(0.,-1.,0.));
#3749=DIRECTION('ref_axis',(1.,0.,1.26850135049554E-15));
#3750=DIRECTION('',(-1.,0.,-5.73018335290404E-16));
#3751=DIRECTION('',(1.26850135049554E-15,0.,-1.));
#3752=DIRECTION('center_axis',(-1.,0.,-5.73018335290404E-16));
#3753=DIRECTION('ref_axis',(0.,-0.707106781186543,-0.707106781186553));
#3754=DIRECTION('',(1.,0.,5.73018335290404E-16));
#3755=DIRECTION('center_axis',(0.832050294337844,0.554700196225229,8.21121239484454E-16));
#3756=DIRECTION('ref_axis',(0.554700196225229,-0.832050294337844,0.));
#3757=DIRECTION('center_axis',(7.88860905221015E-29,-3.5527136788005E-14,
-1.));
#3758=DIRECTION('ref_axis',(1.,2.22044604925032E-15,0.));
#3759=DIRECTION('center_axis',(-1.26850135049554E-15,0.,1.));
#3760=DIRECTION('ref_axis',(0.707106781186548,-0.707106781186548,0.));
#3761=DIRECTION('center_axis',(0.,0.,-1.));
#3762=DIRECTION('ref_axis',(0.,-1.,0.));
#3763=DIRECTION('center_axis',(0.421856343335821,-0.906662685670548,-5.0329889459996E-16));
#3764=DIRECTION('ref_axis',(-0.906662685670548,-0.421856343335821,0.));
#3765=DIRECTION('center_axis',(-0.742114878068937,0.670272711475506,-1.48830439411608E-15));
#3766=DIRECTION('ref_axis',(-0.670272711475506,-0.742114878068937,0.));
#3767=DIRECTION('center_axis',(1.26850135049554E-15,0.,-1.));
#3768=DIRECTION('ref_axis',(-0.804563666815992,-0.593866404201825,0.));
#3769=DIRECTION('',(1.26850135049554E-15,0.,-1.));
#3770=DIRECTION('center_axis',(-1.,0.,-5.73018335290404E-16));
#3771=DIRECTION('ref_axis',(0.,-0.707106781186551,-0.707106781186544));
#3772=DIRECTION('',(1.,0.,5.73018335290404E-16));
#3773=DIRECTION('center_axis',(0.742114878068936,0.670272711475506,-1.34660143175138E-15));
#3774=DIRECTION('ref_axis',(0.670272711475507,-0.742114878068936,0.));
#3775=DIRECTION('center_axis',(0.,0.,-1.));
#3776=DIRECTION('ref_axis',(0.955606663526895,0.294645387920793,0.));
#3777=DIRECTION('center_axis',(-0.42185634333582,-0.906662685670548,1.67766298199987E-16));
#3778=DIRECTION('ref_axis',(0.906662685670548,-0.42185634333582,0.));
#3779=DIRECTION('center_axis',(-1.32018930189456E-15,0.,1.));
#3780=DIRECTION('ref_axis',(0.804563666815992,-0.593866404201825,0.));
#3781=DIRECTION('',(-1.32018930189456E-15,0.,1.));
#3782=DIRECTION('center_axis',(0.955606663526896,0.294645387920793,1.26158169400736E-15));
#3783=DIRECTION('ref_axis',(-0.294645387920793,0.955606663526896,-3.73758072494809E-16));
#3784=DIRECTION('',(0.294645387920793,-0.955606663526896,1.68837209687368E-16));
#3785=DIRECTION('',(1.29434532619505E-15,8.38182995659697E-17,-1.));
#3786=DIRECTION('center_axis',(0.294645387920793,-0.955606663526896,1.68837209687368E-16));
#3787=DIRECTION('ref_axis',(0.675715951926923,0.208345751844134,-0.707106781186544));
#3788=DIRECTION('',(-0.294645387920793,0.955606663526896,-1.68837209687368E-16));
#3789=DIRECTION('center_axis',(-0.294645387920789,0.955606663526897,0.));
#3790=DIRECTION('ref_axis',(0.,0.,-1.));
#3791=DIRECTION('center_axis',(-0.989962675157042,-0.141329055030853,-2.09209027925025E-16));
#3792=DIRECTION('ref_axis',(-0.141329055030853,0.989962675157042,0.));
#3793=DIRECTION('center_axis',(0.92755070337796,0.373697327610263,0.));
#3794=DIRECTION('ref_axis',(-0.373697327610263,0.92755070337796,0.));
#3795=DIRECTION('center_axis',(-4.67462326157961E-16,1.,-2.67864483946014E-31));
#3796=DIRECTION('ref_axis',(-0.707106781186541,0.,-0.707106781186554));
#3797=DIRECTION('',(4.67462326157961E-16,-1.,2.67864483946014E-31));
#3798=DIRECTION('center_axis',(0.55470019622523,-0.832050294337843,-3.0792046480667E-16));
#3799=DIRECTION('ref_axis',(-0.832050294337843,-0.55470019622523,0.));
#3800=DIRECTION('center_axis',(-0.832050294337843,0.554700196225229,6.15840929613341E-16));
#3801=DIRECTION('ref_axis',(-0.55470019622523,-0.832050294337843,0.));
#3802=DIRECTION('center_axis',(0.,0.,-1.));
#3803=DIRECTION('ref_axis',(0.865426285481123,0.50103627054171,0.));
#3804=DIRECTION('center_axis',(0.654136336208364,0.75637666122898,-8.39746784585513E-16));
#3805=DIRECTION('ref_axis',(0.75637666122898,-0.654136336208364,0.));
#3806=DIRECTION('center_axis',(-0.326842214032358,-0.945078921109992,3.49749459434737E-16));
#3807=DIRECTION('ref_axis',(0.945078921109992,-0.326842214032358,0.));
#3808=DIRECTION('center_axis',(-1.32018930189456E-15,0.,1.));
#3809=DIRECTION('ref_axis',(0.86632449767443,-0.499481595986426,0.));
#3810=DIRECTION('',(1.32018930189456E-15,0.,-1.));
#3811=DIRECTION('',(-1.32018930189456E-15,0.,1.));
#3812=DIRECTION('center_axis',(0.865426285481126,0.501036270541705,1.14252652367053E-15));
#3813=DIRECTION('ref_axis',(-0.501036270541705,0.865426285481126,-6.35565185829403E-16));
#3814=DIRECTION('',(0.501036270541705,-0.865426285481126,2.8710296966592E-16));
#3815=DIRECTION('center_axis',(0.501036270541705,-0.865426285481126,2.8710296966592E-16));
#3816=DIRECTION('ref_axis',(0.611948795080783,0.354286144520455,-0.707106781186554));
#3817=DIRECTION('',(-0.501036270541705,0.865426285481126,-2.8710296966592E-16));
#3818=DIRECTION('center_axis',(-1.,0.,-5.73018335290404E-16));
#3819=DIRECTION('ref_axis',(0.,-0.707106781186543,-0.707106781186553));
#3820=DIRECTION('',(1.,0.,5.73018335290404E-16));
#3821=DIRECTION('',(-1.,0.,-5.73018335290404E-16));
#3822=DIRECTION('center_axis',(5.73018335290404E-16,0.,-1.));
#3823=DIRECTION('ref_axis',(-1.,0.,-5.73018335290404E-16));
#3824=DIRECTION('center_axis',(0.,-1.,0.));
#3825=DIRECTION('ref_axis',(1.,0.,1.26850135049554E-15));
#3826=DIRECTION('center_axis',(5.73018335290404E-16,0.,-1.));
#3827=DIRECTION('ref_axis',(-1.,0.,-5.73018335290404E-16));
#3828=DIRECTION('center_axis',(1.1842378929335E-15,-0.861536554170944,-0.507695544423286));
#3829=DIRECTION('ref_axis',(2.36847578586699E-15,0.507695544423289,-0.861536554170942));
#3830=DIRECTION('center_axis',(0.294645387920793,0.955606663526896,3.97261785946835E-15));
#3831=DIRECTION('ref_axis',(-0.955606663526895,0.294645387920793,0.));
#3832=DIRECTION('center_axis',(0.,0.,-1.));
#3833=DIRECTION('ref_axis',(0.955606663526895,0.294645387920793,0.));
#3834=DIRECTION('center_axis',(0.294645387920793,0.955606663526896,1.68837209687368E-16));
#3835=DIRECTION('ref_axis',(-0.675715951926923,0.208345751844135,-0.707106781186544));
#3836=DIRECTION('',(0.294645387920793,0.955606663526896,1.68837209687368E-16));
#3837=DIRECTION('',(-0.294645387920793,-0.955606663526896,-1.68837209687368E-16));
#3838=DIRECTION('center_axis',(1.29434532619505E-15,8.38182995659698E-17,
-1.));
#3839=DIRECTION('ref_axis',(0.,1.,0.));
#3840=DIRECTION('',(-1.29434532619505E-15,-8.38182995659698E-17,1.));
#3841=DIRECTION('center_axis',(5.73018335290404E-16,0.,-1.));
#3842=DIRECTION('ref_axis',(-1.,0.,-5.73018335290404E-16));
#3843=DIRECTION('center_axis',(-0.955606663526896,0.294645387920793,-1.21218834322641E-15));
#3844=DIRECTION('ref_axis',(-0.294645387920793,-0.955606663526896,-3.73758072494809E-16));
#3845=DIRECTION('center_axis',(1.1842378929335E-15,-0.861536554170945,0.507695544423283));
#3846=DIRECTION('ref_axis',(1.1842378929335E-15,0.507695544423283,0.861536554170946));
#3847=DIRECTION('center_axis',(9.68165971593033E-17,-3.13999774570715E-16,
1.));
#3848=DIRECTION('ref_axis',(0.955606663526896,0.294645387920791,0.));
#3849=DIRECTION('center_axis',(0.294645387920793,0.955606663526896,-3.60836531200729E-17));
#3850=DIRECTION('ref_axis',(-0.675715951926919,0.208345751844134,0.707106781186548));
#3851=DIRECTION('center_axis',(-0.294645387920793,0.955606663526896,3.60836531200729E-17));
#3852=DIRECTION('ref_axis',(0.675715951926919,0.208345751844134,0.707106781186547));
#3853=DIRECTION('center_axis',(-1.48308655614243E-16,-8.38182995659698E-17,
-1.));
#3854=DIRECTION('ref_axis',(0.,1.,-8.38182995659697E-17));
#3855=DIRECTION('',(1.48308655614243E-16,8.38182995659698E-17,1.));
#3856=DIRECTION('',(-1.48308655614243E-16,-8.38182995659698E-17,-1.));
#3857=DIRECTION('center_axis',(-0.955606663526896,-0.294645387920793,1.66421414954162E-16));
#3858=DIRECTION('ref_axis',(-0.294645387920793,0.955606663526896,3.60836531200729E-17));
#3859=DIRECTION('',(-0.294645387920793,0.955606663526896,3.60836531200729E-17));
#3860=DIRECTION('',(1.7415263131375E-16,0.,1.));
#3861=DIRECTION('center_axis',(-0.294645387920793,0.955606663526896,3.60836531200729E-17));
#3862=DIRECTION('ref_axis',(0.67571595192692,0.208345751844133,0.707106781186547));
#3863=DIRECTION('',(0.294645387920793,-0.955606663526896,-3.60836531200729E-17));
#3864=DIRECTION('center_axis',(-0.42185634333582,-0.906662685670548,-1.00659778919992E-15));
#3865=DIRECTION('ref_axis',(0.906662685670548,-0.42185634333582,-1.37318837424837E-16));
#3866=DIRECTION('center_axis',(0.742114878068938,0.670272711475505,2.4805073235268E-16));
#3867=DIRECTION('ref_axis',(0.670272711475505,-0.742114878068937,-1.37318837424837E-16));
#3868=DIRECTION('center_axis',(-1.03737948896364E-16,2.22044604925031E-15,
1.));
#3869=DIRECTION('ref_axis',(0.,-1.,2.22044604925031E-15));
#3870=DIRECTION('center_axis',(-0.742114878068937,0.670272711475506,7.44152197058043E-16));
#3871=DIRECTION('ref_axis',(-0.670272711475506,-0.742114878068937,0.));
#3872=DIRECTION('center_axis',(0.421856343335819,-0.906662685670548,1.2117393934084E-16));
#3873=DIRECTION('ref_axis',(-0.906662685670548,-0.421856343335819,0.));
#3874=DIRECTION('center_axis',(-1.57153936590442E-15,5.55111512312578E-16,
1.));
#3875=DIRECTION('ref_axis',(-0.955606663526895,0.294645387920794,-1.66533453693774E-15));
#3876=DIRECTION('center_axis',(-0.294645387920793,-0.955606663526896,3.60836531200729E-17));
#3877=DIRECTION('ref_axis',(-0.675715951926919,0.208345751844134,0.707106781186547));
#3878=DIRECTION('',(-0.294645387920793,-0.955606663526896,3.60836531200729E-17));
#3879=DIRECTION('',(0.294645387920793,0.955606663526896,-3.60836531200729E-17));
#3880=DIRECTION('center_axis',(1.,0.,-1.22464679914735E-16));
#3881=DIRECTION('ref_axis',(0.,-0.707106781186547,0.707106781186548));
#3882=DIRECTION('',(-1.,0.,1.22464679914735E-16));
#3883=DIRECTION('center_axis',(1.7415263131375E-16,0.,1.));
#3884=DIRECTION('ref_axis',(0.804563666815992,-0.593866404201825,0.));
#3885=DIRECTION('center_axis',(-1.22464679914735E-16,0.,-1.));
#3886=DIRECTION('ref_axis',(-0.804563666815992,-0.593866404201825,0.));
#3887=DIRECTION('',(-1.22464679914735E-16,0.,-1.));
#3888=DIRECTION('center_axis',(1.22464679914735E-16,0.,1.));
#3889=DIRECTION('ref_axis',(1.,0.,-1.22464679914735E-16));
#3890=DIRECTION('center_axis',(-5.5511151231258E-16,-5.55111512312578E-16,
1.));
#3891=DIRECTION('ref_axis',(-1.,-5.5511151231258E-16,-5.5511151231258E-16));
#3892=DIRECTION('center_axis',(-0.832050294337843,0.55470019622523,2.05280309871114E-16));
#3893=DIRECTION('ref_axis',(-0.55470019622523,-0.832050294337843,1.53960232403335E-16));
#3894=DIRECTION('center_axis',(0.55470019622523,-0.832050294337843,0.));
#3895=DIRECTION('ref_axis',(-0.832050294337843,-0.55470019622523,1.53960232403335E-16));
#3896=DIRECTION('center_axis',(-0.326842214032358,-0.945078921109992,-3.49749459434738E-16));
#3897=DIRECTION('ref_axis',(0.945078921109992,-0.326842214032358,-3.63118610851235E-16));
#3898=DIRECTION('center_axis',(0.654136336208365,0.756376661228979,-1.39957797430919E-15));
#3899=DIRECTION('ref_axis',(0.756376661228978,-0.654136336208365,-3.63118610851234E-16));
#3900=DIRECTION('center_axis',(5.55111512312585E-16,-2.06675577662571E-15,
1.));
#3901=DIRECTION('ref_axis',(0.865426285481126,0.501036270541705,5.55111512312583E-16));
#3902=DIRECTION('center_axis',(0.927550703377959,0.373697327610265,0.));
#3903=DIRECTION('ref_axis',(-0.373697327610265,0.927550703377959,6.91478962256344E-17));
#3904=DIRECTION('center_axis',(-0.989962675157042,-0.141329055030853,0.));
#3905=DIRECTION('ref_axis',(-0.141329055030853,0.989962675157042,6.91478962256344E-17));
#3906=DIRECTION('center_axis',(4.67462326157961E-16,-1.,-5.72476241451323E-32));
#3907=DIRECTION('ref_axis',(-0.707106781186546,0.,0.707106781186549));
#3908=DIRECTION('',(-4.67462326157961E-16,1.,5.72476241451323E-32));
#3909=DIRECTION('',(4.67462326157961E-16,-1.,-5.72476241451323E-32));
#3910=DIRECTION('center_axis',(-0.501036270541705,0.865426285481126,6.13592464975626E-17));
#3911=DIRECTION('ref_axis',(0.61194879508079,0.354286144520457,0.707106781186547));
#3912=DIRECTION('',(0.501036270541705,-0.865426285481126,-6.13592464975626E-17));
#3913=DIRECTION('center_axis',(1.,0.,-1.22464679914735E-16));
#3914=DIRECTION('ref_axis',(0.,-0.707106781186548,0.707106781186548));
#3915=DIRECTION('',(-1.,0.,1.22464679914735E-16));
#3916=DIRECTION('center_axis',(-1.7415263131375E-16,0.,-1.));
#3917=DIRECTION('ref_axis',(-0.707106781186546,-0.707106781186549,1.23144506563433E-16));
#3918=DIRECTION('',(-1.7415263131375E-16,0.,-1.));
#3919=DIRECTION('center_axis',(1.,4.67462326157961E-16,-1.7415263131375E-16));
#3920=DIRECTION('ref_axis',(4.67462326157961E-16,-1.,-5.72476241451323E-32));
#3921=DIRECTION('',(1.7415263131375E-16,0.,1.));
#3922=DIRECTION('center_axis',(-1.7415263131375E-16,0.,-1.));
#3923=DIRECTION('ref_axis',(-0.25939710341376,0.965770750613494,4.51746881146694E-17));
#3924=DIRECTION('center_axis',(1.22464679914735E-16,0.,1.));
#3925=DIRECTION('ref_axis',(1.,0.,-1.22464679914735E-16));
#3926=DIRECTION('center_axis',(0.,0.,1.));
#3927=DIRECTION('ref_axis',(-0.865426285481127,0.501036270541703,0.));
#3928=DIRECTION('center_axis',(-0.654136336208364,0.756376661228979,2.79915594861838E-16));
#3929=DIRECTION('ref_axis',(-0.756376661228979,-0.654136336208364,1.21039536950411E-16));
#3930=DIRECTION('center_axis',(0.326842214032358,-0.945078921109992,-1.64090967203108E-15));
#3931=DIRECTION('ref_axis',(-0.945078921109992,-0.326842214032358,1.21039536950411E-16));
#3932=DIRECTION('center_axis',(-0.554700196225229,-0.832050294337844,0.));
#3933=DIRECTION('ref_axis',(0.832050294337843,-0.554700196225229,0.));
#3934=DIRECTION('center_axis',(0.832050294337844,0.554700196225229,2.05280309871114E-16));
#3935=DIRECTION('ref_axis',(0.554700196225229,-0.832050294337844,0.));
#3936=DIRECTION('center_axis',(0.989962675157042,-0.141329055030853,1.04604513962512E-16));
#3937=DIRECTION('ref_axis',(0.141329055030853,0.989962675157042,-6.91478962256344E-17));
#3938=DIRECTION('center_axis',(-0.927550703377959,0.373697327610266,0.));
#3939=DIRECTION('ref_axis',(0.373697327610266,0.927550703377959,-1.38295792451269E-16));
#3940=DIRECTION('center_axis',(-0.501036270541705,-0.865426285481126,6.13592464975626E-17));
#3941=DIRECTION('ref_axis',(-0.611948795080789,0.354286144520457,0.707106781186547));
#3942=DIRECTION('',(0.501036270541705,0.865426285481126,-6.13592464975626E-17));
#3943=DIRECTION('',(-0.501036270541705,-0.865426285481126,6.13592464975626E-17));
#3944=DIRECTION('center_axis',(4.67462326157961E-16,1.,-5.72476241451323E-32));
#3945=DIRECTION('ref_axis',(0.707106781186547,-3.92523114670944E-16,0.707106781186548));
#3946=DIRECTION('',(-4.67462326157961E-16,-1.,5.72476241451323E-32));
#3947=DIRECTION('center_axis',(1.,0.,-1.22464679914735E-16));
#3948=DIRECTION('ref_axis',(0.,-0.707106781186548,0.707106781186547));
#3949=DIRECTION('',(1.,0.,-1.22464679914735E-16));
#3950=DIRECTION('',(-1.,0.,1.22464679914735E-16));
#3951=DIRECTION('center_axis',(-1.22464679914735E-16,0.,-1.));
#3952=DIRECTION('ref_axis',(-0.866324497674428,-0.499481595986428,1.06094152309993E-16));
#3953=DIRECTION('',(1.22464679914735E-16,0.,1.));
#3954=DIRECTION('',(-1.22464679914735E-16,0.,-1.));
#3955=DIRECTION('center_axis',(0.865426285481126,-0.501036270541705,-1.05984153041244E-16));
#3956=DIRECTION('ref_axis',(-0.501036270541705,-0.865426285481126,6.13592464975626E-17));
#3957=DIRECTION('center_axis',(1.22464679914735E-16,0.,1.));
#3958=DIRECTION('ref_axis',(1.,0.,-1.22464679914735E-16));
#3959=DIRECTION('center_axis',(0.,1.,0.));
#3960=DIRECTION('ref_axis',(1.,0.,-1.22464679914735E-16));
#3961=DIRECTION('center_axis',(0.955606663526896,-0.294645387920793,-1.17028064173209E-16));
#3962=DIRECTION('ref_axis',(-0.294645387920793,-0.955606663526896,3.60836531200729E-17));
#3963=CARTESIAN_POINT('',(0.,0.,0.));
#3964=CARTESIAN_POINT('Origin',(52.6765637379884,23.,-117.));
#3965=CARTESIAN_POINT('',(52.6765637379884,23.,-124.));
#3966=CARTESIAN_POINT('',(56.2533789025476,29.0171748585677,-117.));
#3967=CARTESIAN_POINT('Origin',(52.6765637379884,23.,-117.));
#3968=CARTESIAN_POINT('',(52.6765637379884,30.,-117.));
#3969=CARTESIAN_POINT('Origin',(52.6765637379884,23.,-117.));
#3970=CARTESIAN_POINT('Origin',(52.6765637379884,23.,-117.));
#3971=CARTESIAN_POINT('Origin',(-13.,13.2639704870502,-87.5));
#3972=CARTESIAN_POINT('',(-16.6369240776008,19.2450057865421,-58.));
#3973=CARTESIAN_POINT('',(-16.6369240776008,19.2450057865421,-117.));
#3974=CARTESIAN_POINT('',(-16.6369240776008,19.2450057865421,-87.5));
#3975=CARTESIAN_POINT('',(-20.,13.2639704870502,-122.981035299492));
#3976=CARTESIAN_POINT('Origin',(-13.,13.2639704870502,-117.));
#3977=CARTESIAN_POINT('',(-20.,13.2639704870502,-52.0189647005081));
#3978=CARTESIAN_POINT('',(-20.,13.2639704870502,-87.5));
#3979=CARTESIAN_POINT('Origin',(-13.,13.2639704870502,-58.));
#3980=CARTESIAN_POINT('Origin',(52.6765637379884,23.,-58.));
#3981=CARTESIAN_POINT('',(52.6765637379884,23.,-51.));
#3982=CARTESIAN_POINT('',(52.6765637379884,30.,-58.));
#3983=CARTESIAN_POINT('Origin',(52.6765637379884,23.,-58.));
#3984=CARTESIAN_POINT('',(56.2533789025476,29.0171748585677,-58.));
#3985=CARTESIAN_POINT('Origin',(52.6765637379884,23.,-58.));
#3986=CARTESIAN_POINT('Origin',(52.6765637379884,23.,-58.));
#3987=CARTESIAN_POINT('Origin',(46.721805825609,26.5397123904336,-58.));
#3988=CARTESIAN_POINT('',(78.5768151645592,15.7473585039139,-58.));
#3989=CARTESIAN_POINT('',(50.2986209901682,32.5568872490013,-58.));
#3990=CARTESIAN_POINT('',(82.,5.56914349936083,-51.));
#3991=CARTESIAN_POINT('',(46.721805825609,26.5397123904336,-51.));
#3992=CARTESIAN_POINT('',(82.,9.73018364534623,-51.9828251414323));
#3993=CARTESIAN_POINT('Origin',(82.,5.56914349936083,-58.));
#3994=CARTESIAN_POINT('Origin',(75.,9.73018364534623,-58.));
#3995=CARTESIAN_POINT('Origin',(52.6765637379884,23.,-87.5));
#3996=CARTESIAN_POINT('',(56.2533789025476,29.0171748585677,-87.5));
#3997=CARTESIAN_POINT('',(52.6765637379884,30.,-87.5));
#3998=CARTESIAN_POINT('Origin',(3.01120478496825,23.,-117.));
#3999=CARTESIAN_POINT('',(3.01120478496826,23.,-124.));
#4000=CARTESIAN_POINT('',(3.01120478496825,30.,-117.));
#4001=CARTESIAN_POINT('Origin',(3.01120478496825,23.,-117.));
#4002=CARTESIAN_POINT('',(-0.625719292632506,28.9810352994919,-117.));
#4003=CARTESIAN_POINT('Origin',(3.01120478496825,23.,-117.));
#4004=CARTESIAN_POINT('Origin',(3.01120478496825,23.,-117.));
#4005=CARTESIAN_POINT('Origin',(1.36960926812542,22.0017851489032,-117.));
#4006=CARTESIAN_POINT('',(-2.26731480947534,27.982820448395,-117.));
#4007=CARTESIAN_POINT('',(-20.,9.00743842054186,-124.));
#4008=CARTESIAN_POINT('',(1.36960926812543,22.0017851489032,-124.));
#4009=CARTESIAN_POINT('Origin',(-20.,9.00743842054186,-117.));
#4010=CARTESIAN_POINT('Origin',(3.01120478496825,23.,-58.));
#4011=CARTESIAN_POINT('',(3.01120478496825,23.,-51.));
#4012=CARTESIAN_POINT('',(-0.625719292632506,28.9810352994919,-58.));
#4013=CARTESIAN_POINT('Origin',(3.01120478496825,23.,-58.));
#4014=CARTESIAN_POINT('',(3.01120478496825,30.,-58.));
#4015=CARTESIAN_POINT('Origin',(3.01120478496825,23.,-58.));
#4016=CARTESIAN_POINT('Origin',(3.01120478496825,23.,-58.));
#4017=CARTESIAN_POINT('Origin',(23.25,23.,-58.));
#4018=CARTESIAN_POINT('',(34.8570182234108,23.,-51.));
#4019=CARTESIAN_POINT('',(27.1429817765891,23.,-51.));
#4020=CARTESIAN_POINT('Ctrl Pts',(34.85701822341,23.000000000001,-51.));
#4021=CARTESIAN_POINT('Ctrl Pts',(34.6442369976257,23.2579417102397,-51.));
#4022=CARTESIAN_POINT('Ctrl Pts',(34.4174339572512,23.5027114061984,-51.0143036841989));
#4023=CARTESIAN_POINT('Ctrl Pts',(33.7768681181863,24.1036029324994,-51.0773954200347));
#4024=CARTESIAN_POINT('Ctrl Pts',(33.346191120609,24.4287047680723,-51.1421091906364));
#4025=CARTESIAN_POINT('Ctrl Pts',(32.5874763241798,24.8191403588905,-51.2391753108363));
#4026=CARTESIAN_POINT('Ctrl Pts',(32.3164574850242,24.9321383650452,-51.2713518766952));
#4027=CARTESIAN_POINT('Ctrl Pts',(31.713107676254,25.1019829183146,-51.3224605417741));
#4028=CARTESIAN_POINT('Ctrl Pts',(31.381059965824,25.1597943415257,-51.3415250693335));
#4029=CARTESIAN_POINT('Ctrl Pts',(31.,25.1597943415257,-51.3415250693335));
#4030=CARTESIAN_POINT('Ctrl Pts',(30.6189400341759,25.1597943415257,-51.3415250693335));
#4031=CARTESIAN_POINT('Ctrl Pts',(30.286892323746,25.1019829183146,-51.3224605417741));
#4032=CARTESIAN_POINT('Ctrl Pts',(29.6835425149758,24.9321383650452,-51.2713518766952));
#4033=CARTESIAN_POINT('Ctrl Pts',(29.4125236758202,24.8191403588905,-51.2391753108363));
#4034=CARTESIAN_POINT('Ctrl Pts',(28.6538088793909,24.4287047680723,-51.1421091906364));
#4035=CARTESIAN_POINT('Ctrl Pts',(28.2231318818136,24.1036029324994,-51.0773954200347));
#4036=CARTESIAN_POINT('Ctrl Pts',(27.5825660427488,23.5027114061984,-51.0143036841989));
#4037=CARTESIAN_POINT('Ctrl Pts',(27.3557630023743,23.2579417102397,-51.));
#4038=CARTESIAN_POINT('Ctrl Pts',(27.14298177659,23.000000000001,-51.));
#4039=CARTESIAN_POINT('',(23.25,23.,-51.));
#4040=CARTESIAN_POINT('',(23.25,30.,-58.));
#4041=CARTESIAN_POINT('',(23.25,23.,-51.));
#4042=CARTESIAN_POINT('Origin',(3.01120478496825,23.,-87.5));
#4043=CARTESIAN_POINT('',(-0.625719292632506,28.9810352994919,-87.5));
#4044=CARTESIAN_POINT('',(3.01120478496825,30.,-87.5));
#4045=CARTESIAN_POINT('Origin',(1.3696092681254,22.0017851489032,-58.));
#4046=CARTESIAN_POINT('',(-20.,9.00743842054187,-51.));
#4047=CARTESIAN_POINT('',(1.3696092681254,22.0017851489032,-51.));
#4048=CARTESIAN_POINT('',(-2.26731480947536,27.982820448395,-58.));
#4049=CARTESIAN_POINT('Origin',(-20.,9.00743842054187,-58.));
#4050=CARTESIAN_POINT('Origin',(23.25,23.,-117.));
#4051=CARTESIAN_POINT('',(27.1429817765892,23.,-124.));
#4052=CARTESIAN_POINT('',(34.8570182234109,23.,-124.));
#4053=CARTESIAN_POINT('Ctrl Pts',(27.14298177659,23.000000000001,-124.));
#4054=CARTESIAN_POINT('Ctrl Pts',(27.3557630023744,23.2579417102396,-124.));
#4055=CARTESIAN_POINT('Ctrl Pts',(27.5825660427488,23.5027114061983,-123.985696315801));
#4056=CARTESIAN_POINT('Ctrl Pts',(28.2231318818137,24.1036029324993,-123.922604579965));
#4057=CARTESIAN_POINT('Ctrl Pts',(28.653808879391,24.4287047680723,-123.857890809364));
#4058=CARTESIAN_POINT('Ctrl Pts',(29.4125236758202,24.8191403588905,-123.760824689164));
#4059=CARTESIAN_POINT('Ctrl Pts',(29.6835425149758,24.9321383650452,-123.728648123305));
#4060=CARTESIAN_POINT('Ctrl Pts',(30.286892323746,25.1019829183145,-123.677539458226));
#4061=CARTESIAN_POINT('Ctrl Pts',(30.618940034176,25.1597943415257,-123.658474930666));
#4062=CARTESIAN_POINT('Ctrl Pts',(31.,25.1597943415257,-123.658474930666));
#4063=CARTESIAN_POINT('Ctrl Pts',(31.3810599658241,25.1597943415257,-123.658474930666));
#4064=CARTESIAN_POINT('Ctrl Pts',(31.713107676254,25.1019829183146,-123.677539458226));
#4065=CARTESIAN_POINT('Ctrl Pts',(32.3164574850243,24.9321383650452,-123.728648123305));
#4066=CARTESIAN_POINT('Ctrl Pts',(32.5874763241798,24.8191403588905,-123.760824689164));
#4067=CARTESIAN_POINT('Ctrl Pts',(33.3461911206091,24.4287047680723,-123.857890809364));
#4068=CARTESIAN_POINT('Ctrl Pts',(33.7768681181864,24.1036029324993,-123.922604579965));
#4069=CARTESIAN_POINT('Ctrl Pts',(34.4174339572512,23.5027114061983,-123.985696315801));
#4070=CARTESIAN_POINT('Ctrl Pts',(34.6442369976257,23.2579417102397,-124.));
#4071=CARTESIAN_POINT('Ctrl Pts',(34.85701822341,23.000000000001,-124.));
#4072=CARTESIAN_POINT('',(23.25,23.,-124.));
#4073=CARTESIAN_POINT('',(23.25,30.,-117.));
#4074=CARTESIAN_POINT('',(23.25,23.,-124.));
#4075=CARTESIAN_POINT('Origin',(46.721805825609,26.5397123904336,-117.));
#4076=CARTESIAN_POINT('',(82.,5.56914349936084,-124.));
#4077=CARTESIAN_POINT('',(46.721805825609,26.5397123904336,-124.));
#4078=CARTESIAN_POINT('',(78.5768151645592,15.747358503914,-117.));
#4079=CARTESIAN_POINT('',(50.2986209901682,32.5568872490013,-117.));
#4080=CARTESIAN_POINT('',(82.,9.73018364534623,-123.017174858568));
#4081=CARTESIAN_POINT('Origin',(75.,9.73018364534623,-117.));
#4082=CARTESIAN_POINT('Origin',(82.,5.56914349936084,-117.));
#4083=CARTESIAN_POINT('Origin',(75.,9.73018364534623,-87.5));
#4084=CARTESIAN_POINT('',(81.7221019173737,11.6829626426833,-93.5));
#4085=CARTESIAN_POINT('',(82.,9.73018364534623,-96.4998481540828));
#4086=CARTESIAN_POINT('Ctrl Pts',(81.7221019173737,11.6829626426833,-93.5));
#4087=CARTESIAN_POINT('Ctrl Pts',(81.7221019173737,11.6829626426833,-93.8684324807514));
#4088=CARTESIAN_POINT('Ctrl Pts',(81.7429939907759,11.6143476840494,-94.229128456934));
#4089=CARTESIAN_POINT('Ctrl Pts',(81.8192253041157,11.319846419729,-95.0056615782884));
#4090=CARTESIAN_POINT('Ctrl Pts',(81.8796811818974,11.062543799466,-95.3965524523146));
#4091=CARTESIAN_POINT('Ctrl Pts',(81.968932769888,10.4513207827658,-96.0351305415746));
#4092=CARTESIAN_POINT('Ctrl Pts',(81.9994619732241,10.1110765855019,-96.291137363182));
#4093=CARTESIAN_POINT('Ctrl Pts',(81.999997606316,9.73686573369531,-96.4962033671502));
#4094=CARTESIAN_POINT('Ctrl Pts',(82.,9.73352587491314,-96.4980279382117));
#4095=CARTESIAN_POINT('Ctrl Pts',(82.,9.73018364534623,-96.4998481540828));
#4096=CARTESIAN_POINT('',(82.,9.73018364534623,-87.5));
#4097=CARTESIAN_POINT('',(78.5768151645592,15.747358503914,-87.5));
#4098=CARTESIAN_POINT('',(82.,9.73018364534623,-78.5001518459173));
#4099=CARTESIAN_POINT('',(82.,9.73018364534623,-87.5));
#4100=CARTESIAN_POINT('',(81.7221019173737,11.6829626426833,-81.5));
#4101=CARTESIAN_POINT('Ctrl Pts',(82.,9.73018364534623,-78.5001518459173));
#4102=CARTESIAN_POINT('Ctrl Pts',(82.,9.7335258749164,-78.5019720617901));
#4103=CARTESIAN_POINT('Ctrl Pts',(81.999997606316,9.73686573369205,-78.5037966328481));
#4104=CARTESIAN_POINT('Ctrl Pts',(81.9999512861679,9.76922650888442,-78.5215302042343));
#4105=CARTESIAN_POINT('Ctrl Pts',(81.999729473464,9.79806884346255,-78.5377635352992));
#4106=CARTESIAN_POINT('Ctrl Pts',(81.9946821883965,10.1640167025647,-78.7492597174374));
#4107=CARTESIAN_POINT('Ctrl Pts',(81.9656115476611,10.4740655597985,-78.9886321700074));
#4108=CARTESIAN_POINT('Ctrl Pts',(81.8796811818974,11.062543799466,-79.6034475476855));
#4109=CARTESIAN_POINT('Ctrl Pts',(81.8192253041157,11.319846419729,-79.9943384217117));
#4110=CARTESIAN_POINT('Ctrl Pts',(81.7429939907759,11.6143476840494,-80.7708715430661));
#4111=CARTESIAN_POINT('Ctrl Pts',(81.7221019173737,11.6829626426833,-81.1315675192487));
#4112=CARTESIAN_POINT('Ctrl Pts',(81.7221019173737,11.6829626426833,-81.5));
#4113=CARTESIAN_POINT('',(81.7221019173737,11.6829626426833,-87.5));
#4114=CARTESIAN_POINT('Origin',(15.5,15.,-51.));
#4115=CARTESIAN_POINT('',(-20.,0.,-51.));
#4116=CARTESIAN_POINT('',(-20.,-2.,-51.));
#4117=CARTESIAN_POINT('',(-18.,-2.,-51.));
#4118=CARTESIAN_POINT('Origin',(-18.,0.,-51.));
#4119=CARTESIAN_POINT('',(-7.,-2.,-51.));
#4120=CARTESIAN_POINT('',(0.,-2.,-51.));
#4121=CARTESIAN_POINT('',(-7.,0.,-51.));
#4122=CARTESIAN_POINT('',(-7.,7.5,-51.));
#4123=CARTESIAN_POINT('',(20.2763618667229,0.,-51.));
#4124=CARTESIAN_POINT('',(23.25,0.,-51.));
#4125=CARTESIAN_POINT('',(20.2379690008884,1.88393616376238,-51.));
#4126=CARTESIAN_POINT('Origin',(23.1047889914691,1.,-51.));
#4127=CARTESIAN_POINT('',(26.2219666823655,21.2914962117961,-51.));
#4128=CARTESIAN_POINT('',(26.3042251915587,21.5582805659361,-51.));
#4129=CARTESIAN_POINT('Origin',(31.,19.8182692721921,-51.));
#4130=CARTESIAN_POINT('',(19.,19.2768637818091,-51.));
#4131=CARTESIAN_POINT('',(13.4037211435566,20.7799725934342,-51.));
#4132=CARTESIAN_POINT('Origin',(16.,19.2768637818091,-51.));
#4133=CARTESIAN_POINT('',(19.,5.,-51.));
#4134=CARTESIAN_POINT('',(19.,9.5,-51.));
#4135=CARTESIAN_POINT('',(16.,2.,-51.));
#4136=CARTESIAN_POINT('Origin',(16.,5.,-51.));
#4137=CARTESIAN_POINT('',(7.73444728421579,2.,-51.));
#4138=CARTESIAN_POINT('',(10.75,2.,-51.));
#4139=CARTESIAN_POINT('',(5.13816842777241,6.50310881162511,-51.));
#4140=CARTESIAN_POINT('Origin',(7.73444728421579,5.,-51.));
#4141=CARTESIAN_POINT('',(13.3464295867141,20.6810144497971,-51.));
#4142=CARTESIAN_POINT('Origin',(15.5,15.,-51.));
#4143=CARTESIAN_POINT('',(35.7780333176345,21.2914962117961,-51.));
#4144=CARTESIAN_POINT('Origin',(31.,19.8182692721921,-51.));
#4145=CARTESIAN_POINT('',(41.7620309991115,1.88393616376238,-51.));
#4146=CARTESIAN_POINT('',(38.9751282867849,10.922539555092,-51.));
#4147=CARTESIAN_POINT('',(41.723638133277,0.,-51.));
#4148=CARTESIAN_POINT('Origin',(38.8952110085309,1.,-51.));
#4149=CARTESIAN_POINT('',(69.,0.,-51.));
#4150=CARTESIAN_POINT('',(38.75,0.,-51.));
#4151=CARTESIAN_POINT('',(69.,-2.,-51.));
#4152=CARTESIAN_POINT('',(69.,7.5,-51.));
#4153=CARTESIAN_POINT('',(80.,-2.,-51.));
#4154=CARTESIAN_POINT('',(62.,-2.,-51.));
#4155=CARTESIAN_POINT('',(82.,0.,-51.));
#4156=CARTESIAN_POINT('Origin',(80.,0.,-51.));
#4157=CARTESIAN_POINT('',(82.,-2.,-51.));
#4158=CARTESIAN_POINT('',(56.8618315722276,6.50310881162512,-51.));
#4159=CARTESIAN_POINT('',(48.5962788564434,20.7799725934342,-51.));
#4160=CARTESIAN_POINT('',(50.2624915751116,17.9019688066436,-51.));
#4161=CARTESIAN_POINT('',(54.2655527157842,2.,-51.));
#4162=CARTESIAN_POINT('Origin',(54.2655527157842,5.,-51.));
#4163=CARTESIAN_POINT('',(46.,2.,-51.));
#4164=CARTESIAN_POINT('',(30.25,2.,-51.));
#4165=CARTESIAN_POINT('',(43.,5.,-51.));
#4166=CARTESIAN_POINT('Origin',(46.,5.,-51.));
#4167=CARTESIAN_POINT('',(43.,19.2768637818091,-51.));
#4168=CARTESIAN_POINT('',(43.,19.,-51.));
#4169=CARTESIAN_POINT('Origin',(46.,19.2768637818091,-51.));
#4170=CARTESIAN_POINT('Origin',(-20.,14.,-87.5));
#4171=CARTESIAN_POINT('',(-20.,0.,-124.));
#4172=CARTESIAN_POINT('',(-20.,30.,-124.));
#4173=CARTESIAN_POINT('',(-20.,-1.08586892106921E-16,-96.5));
#4174=CARTESIAN_POINT('',(-20.,0.,-87.6099793541126));
#4175=CARTESIAN_POINT('',(-20.,9.7,-96.5));
#4176=CARTESIAN_POINT('',(-20.,6.,-96.5));
#4177=CARTESIAN_POINT('',(-20.,12.7,-93.5));
#4178=CARTESIAN_POINT('Origin',(-20.,9.7,-93.5));
#4179=CARTESIAN_POINT('',(-20.,12.7,-81.5));
#4180=CARTESIAN_POINT('',(-20.,12.7,-87.5));
#4181=CARTESIAN_POINT('',(-20.,9.7,-78.5));
#4182=CARTESIAN_POINT('Origin',(-20.,9.7,-81.5));
#4183=CARTESIAN_POINT('',(-20.,-6.12323399573679E-17,-78.5));
#4184=CARTESIAN_POINT('',(-20.,6.,-78.5));
#4185=CARTESIAN_POINT('',(-20.,0.,-87.6099793541126));
#4186=CARTESIAN_POINT('Origin',(82.,14.,-87.5));
#4187=CARTESIAN_POINT('',(82.,9.7,-96.5));
#4188=CARTESIAN_POINT('Origin',(82.,9.7,-93.5));
#4189=CARTESIAN_POINT('',(82.,-1.08586892106921E-16,-96.5));
#4190=CARTESIAN_POINT('',(82.,6.,-96.5));
#4191=CARTESIAN_POINT('',(82.,0.,-124.));
#4192=CARTESIAN_POINT('',(82.,0.,-87.6099793541126));
#4193=CARTESIAN_POINT('',(82.,30.,-124.));
#4194=CARTESIAN_POINT('Origin',(15.5,15.,-124.));
#4195=CARTESIAN_POINT('',(80.,-2.,-124.));
#4196=CARTESIAN_POINT('Origin',(80.,0.,-124.));
#4197=CARTESIAN_POINT('',(69.,-2.,-124.));
#4198=CARTESIAN_POINT('',(62.,-2.,-124.));
#4199=CARTESIAN_POINT('',(69.,0.,-124.));
#4200=CARTESIAN_POINT('',(69.,7.5,-124.));
#4201=CARTESIAN_POINT('',(41.7236381332771,0.,-124.));
#4202=CARTESIAN_POINT('',(38.75,0.,-124.));
#4203=CARTESIAN_POINT('',(41.7620309991116,1.88393616376238,-124.));
#4204=CARTESIAN_POINT('Origin',(38.8952110085309,1.,-124.));
#4205=CARTESIAN_POINT('',(35.7780333176345,21.2914962117961,-124.));
#4206=CARTESIAN_POINT('',(38.9751282867849,10.922539555092,-124.));
#4207=CARTESIAN_POINT('Origin',(31.,19.8182692721921,-124.));
#4208=CARTESIAN_POINT('',(43.,19.2768637818091,-124.));
#4209=CARTESIAN_POINT('',(48.5962788564434,20.7799725934342,-124.));
#4210=CARTESIAN_POINT('Origin',(46.,19.2768637818091,-124.));
#4211=CARTESIAN_POINT('',(43.,5.,-124.));
#4212=CARTESIAN_POINT('',(43.,19.,-124.));
#4213=CARTESIAN_POINT('',(46.,2.,-124.));
#4214=CARTESIAN_POINT('Origin',(46.,5.,-124.));
#4215=CARTESIAN_POINT('',(54.2655527157842,2.,-124.));
#4216=CARTESIAN_POINT('',(30.25,2.,-124.));
#4217=CARTESIAN_POINT('',(56.8618315722276,6.50310881162511,-124.));
#4218=CARTESIAN_POINT('Origin',(54.2655527157842,5.,-124.));
#4219=CARTESIAN_POINT('',(50.2624915751117,17.9019688066436,-124.));
#4220=CARTESIAN_POINT('Origin',(15.5,15.,-124.));
#4221=CARTESIAN_POINT('',(26.2219666823655,21.2914962117961,-124.));
#4222=CARTESIAN_POINT('Origin',(31.,19.8182692721921,-124.));
#4223=CARTESIAN_POINT('',(20.2379690008885,1.88393616376238,-124.));
#4224=CARTESIAN_POINT('',(26.3042251915587,21.5582805659361,-124.));
#4225=CARTESIAN_POINT('',(20.276361866723,0.,-124.));
#4226=CARTESIAN_POINT('Origin',(23.1047889914692,1.,-124.));
#4227=CARTESIAN_POINT('',(-7.00000000000001,0.,-124.));
#4228=CARTESIAN_POINT('',(23.25,0.,-124.));
#4229=CARTESIAN_POINT('',(-7.00000000000001,-2.,-124.));
#4230=CARTESIAN_POINT('',(-7.00000000000001,7.5,-124.));
#4231=CARTESIAN_POINT('',(-18.,-2.,-124.));
#4232=CARTESIAN_POINT('',(0.,-2.,-124.));
#4233=CARTESIAN_POINT('Origin',(-18.,0.,-124.));
#4234=CARTESIAN_POINT('',(19.,19.2768637818091,-124.));
#4235=CARTESIAN_POINT('',(19.,5.,-124.));
#4236=CARTESIAN_POINT('',(19.,9.5,-124.));
#4237=CARTESIAN_POINT('',(13.4037211435567,20.7799725934342,-124.));
#4238=CARTESIAN_POINT('Origin',(16.,19.2768637818091,-124.));
#4239=CARTESIAN_POINT('',(5.13816842777245,6.50310881162511,-124.));
#4240=CARTESIAN_POINT('',(13.3464295867141,20.6810144497971,-124.));
#4241=CARTESIAN_POINT('',(7.73444728421583,2.,-124.));
#4242=CARTESIAN_POINT('Origin',(7.73444728421583,5.,-124.));
#4243=CARTESIAN_POINT('',(16.,2.,-124.));
#4244=CARTESIAN_POINT('',(10.75,2.,-124.));
#4245=CARTESIAN_POINT('Origin',(16.,5.,-124.));
#4246=CARTESIAN_POINT('Origin',(-9.475,23.6,-87.5));
#4247=CARTESIAN_POINT('Origin',(68.3,21.85625,-87.5));
#4248=CARTESIAN_POINT('Origin',(31.,30.,-87.5));
#4249=CARTESIAN_POINT('Origin',(82.,14.,-87.5));
#4250=CARTESIAN_POINT('',(82.,-6.12323399573679E-17,-78.5));
#4251=CARTESIAN_POINT('',(82.,0.,-87.6099793541126));
#4252=CARTESIAN_POINT('',(82.,9.7,-78.5));
#4253=CARTESIAN_POINT('',(82.,6.,-78.5));
#4254=CARTESIAN_POINT('Origin',(82.,9.7,-81.5));
#4255=CARTESIAN_POINT('Origin',(-7.,7.5,-131.));
#4256=CARTESIAN_POINT('',(0.,0.,-131.));
#4257=CARTESIAN_POINT('Origin',(-7.,0.,-131.));
#4258=CARTESIAN_POINT('',(0.,-2.,-131.));
#4259=CARTESIAN_POINT('',(0.,7.5,-131.));
#4260=CARTESIAN_POINT('Origin',(-7.,-2.,-131.));
#4261=CARTESIAN_POINT('Origin',(0.,0.,-175.));
#4262=CARTESIAN_POINT('',(0.,0.,-175.43991741645));
#4263=CARTESIAN_POINT('',(0.,0.,0.));
#4264=CARTESIAN_POINT('',(0.,-2.,-175.43991741645));
#4265=CARTESIAN_POINT('',(0.,0.,-175.43991741645));
#4266=CARTESIAN_POINT('',(0.,-2.,0.));
#4267=CARTESIAN_POINT('Origin',(69.,7.5,-131.));
#4268=CARTESIAN_POINT('',(62.,0.,-131.));
#4269=CARTESIAN_POINT('Origin',(69.,0.,-131.));
#4270=CARTESIAN_POINT('',(62.,-2.,-131.));
#4271=CARTESIAN_POINT('Origin',(69.,-2.,-131.));
#4272=CARTESIAN_POINT('',(62.,7.5,-131.));
#4273=CARTESIAN_POINT('Origin',(69.,7.5,-44.));
#4274=CARTESIAN_POINT('',(62.,0.,-44.));
#4275=CARTESIAN_POINT('Origin',(69.,0.,-44.));
#4276=CARTESIAN_POINT('',(62.,-2.,-44.));
#4277=CARTESIAN_POINT('',(62.,7.5,-44.));
#4278=CARTESIAN_POINT('Origin',(69.,-2.,-44.));
#4279=CARTESIAN_POINT('Origin',(62.,0.,-7.59281015471359E-15));
#4280=CARTESIAN_POINT('',(62.,0.,0.));
#4281=CARTESIAN_POINT('',(62.,0.,-175.43991741645));
#4282=CARTESIAN_POINT('',(62.,-2.,0.));
#4283=CARTESIAN_POINT('',(62.,0.,0.));
#4284=CARTESIAN_POINT('',(62.,-2.,-175.43991741645));
#4285=CARTESIAN_POINT('Origin',(-7.,7.5,-44.));
#4286=CARTESIAN_POINT('',(0.,0.,-44.));
#4287=CARTESIAN_POINT('Origin',(-7.,0.,-44.));
#4288=CARTESIAN_POINT('',(0.,-2.,-44.));
#4289=CARTESIAN_POINT('Origin',(-7.,-2.,-44.));
#4290=CARTESIAN_POINT('',(0.,7.5,-44.));
#4291=CARTESIAN_POINT('Ctrl Pts',(82.,0.,-78.5));
#4292=CARTESIAN_POINT('Ctrl Pts',(82.,-0.448798950512836,-78.7243994752564));
#4293=CARTESIAN_POINT('Ctrl Pts',(81.7376477256692,-1.19402779879744,-79.0970138993987));
#4294=CARTESIAN_POINT('Ctrl Pts',(80.8964885278342,-1.86311582536567,-79.4315579126828));
#4295=CARTESIAN_POINT('Ctrl Pts',(80.2991993003419,-2.,-79.5));
#4296=CARTESIAN_POINT('Ctrl Pts',(80.,-2.,-79.5));
#4297=CARTESIAN_POINT('Ctrl Pts',(82.,1.03633373197981E-31,-78.5));
#4298=CARTESIAN_POINT('Ctrl Pts',(82.,-0.406056193321136,-78.7671422324482));
#4299=CARTESIAN_POINT('Ctrl Pts',(81.7975469431731,-1.08097570602279,-79.2098685177864));
#4300=CARTESIAN_POINT('Ctrl Pts',(81.0202778785189,-1.81238605414888,-79.677718514553));
#4301=CARTESIAN_POINT('Ctrl Pts',(80.3446314438418,-2.,-79.7991993003419));
#4302=CARTESIAN_POINT('Ctrl Pts',(80.,-2.,-79.7991993003419));
#4303=CARTESIAN_POINT('Ctrl Pts',(82.,2.86250757747709E-31,-78.5));
#4304=CARTESIAN_POINT('Ctrl Pts',(82.,-0.331256368235662,-78.8419420575336));
#4305=CARTESIAN_POINT('Ctrl Pts',(81.8414159288684,-0.881475697371902,-79.4102940974676));
#4306=CARTESIAN_POINT('Ctrl Pts',(81.1240188982103,-1.54813101290441,-80.1071038288867));
#4307=CARTESIAN_POINT('Ctrl Pts',(80.383663442962,-1.74870643416269,-80.3170026897519));
#4308=CARTESIAN_POINT('Ctrl Pts',(80.,-1.74870643416269,-80.3170026897519));
#4309=CARTESIAN_POINT('Ctrl Pts',(82.,4.69239074307489E-31,-78.5));
#4310=CARTESIAN_POINT('Ctrl Pts',(82.,-0.256456543150187,-78.9167418826191));
#4311=CARTESIAN_POINT('Ctrl Pts',(81.7827490717845,-0.682520382260349,-79.6101982277321));
#4312=CARTESIAN_POINT('Ctrl Pts',(80.9884622967773,-1.11644204217821,-80.3253526343684));
#4313=CARTESIAN_POINT('Ctrl Pts',(80.3328222997077,-1.22439947525642,-80.5));
#4314=CARTESIAN_POINT('Ctrl Pts',(80.,-1.22439947525642,-80.5));
#4315=CARTESIAN_POINT('Ctrl Pts',(82.,5.46964104205975E-31,-78.5));
#4316=CARTESIAN_POINT('Ctrl Pts',(82.,-0.224399475256413,-78.9487989505129));
#4317=CARTESIAN_POINT('Ctrl Pts',(81.7376477256692,-0.597013899398707,-79.6940277987975));
#4318=CARTESIAN_POINT('Ctrl Pts',(80.8964885278342,-0.931557912682825,-80.3631158253657));
#4319=CARTESIAN_POINT('Ctrl Pts',(80.2991993003419,-1.,-80.5));
#4320=CARTESIAN_POINT('Ctrl Pts',(80.,-1.,-80.5));
#4321=CARTESIAN_POINT('',(80.,-2.,-79.5));
#4322=CARTESIAN_POINT('',(80.,-1.,-80.5));
#4323=CARTESIAN_POINT('Origin',(80.,-1.,-79.5));
#4324=CARTESIAN_POINT('Origin',(80.,0.,-78.5));
#4325=CARTESIAN_POINT('Origin',(80.,0.,-78.5));
#4326=CARTESIAN_POINT('Ctrl Pts',(82.,0.,-96.5));
#4327=CARTESIAN_POINT('Ctrl Pts',(82.,-0.224399475256414,-96.0512010494872));
#4328=CARTESIAN_POINT('Ctrl Pts',(81.7376345070843,-0.597011121946003,-95.305977756108));
#4329=CARTESIAN_POINT('Ctrl Pts',(80.8964821298232,-0.931555922753906,-94.6368881544922));
#4330=CARTESIAN_POINT('Ctrl Pts',(80.2991993003419,-1.,-94.5));
#4331=CARTESIAN_POINT('Ctrl Pts',(80.,-1.,-94.5));
#4332=CARTESIAN_POINT('Ctrl Pts',(82.,0.,-96.5));
#4333=CARTESIAN_POINT('Ctrl Pts',(82.,-0.26714223244811,-96.0939438066789));
#4334=CARTESIAN_POINT('Ctrl Pts',(81.7975429266136,-0.709847651025872,-95.4190601927034));
#4335=CARTESIAN_POINT('Ctrl Pts',(81.0202750579603,-1.17770279628848,-94.6876402958014));
#4336=CARTESIAN_POINT('Ctrl Pts',(80.3446314438418,-1.29919930034188,-94.5));
#4337=CARTESIAN_POINT('Ctrl Pts',(80.,-1.29919930034188,-94.5));
#4338=CARTESIAN_POINT('Ctrl Pts',(82.,0.,-96.5));
#4339=CARTESIAN_POINT('Ctrl Pts',(82.,-0.341942057533581,-96.1687436317643));
#4340=CARTESIAN_POINT('Ctrl Pts',(81.8413981007592,-0.910268292732301,-95.6185464215806));
#4341=CARTESIAN_POINT('Ctrl Pts',(81.1239886744846,-1.60707790858669,-94.9518920015111));
#4342=CARTESIAN_POINT('Ctrl Pts',(80.383663442962,-1.8169964686094,-94.7512987507321));
#4343=CARTESIAN_POINT('Ctrl Pts',(80.,-1.8169964686094,-94.7512987507321));
#4344=CARTESIAN_POINT('Ctrl Pts',(82.,0.,-96.5));
#4345=CARTESIAN_POINT('Ctrl Pts',(82.,-0.416741882619049,-96.2435434568498));
#4346=CARTESIAN_POINT('Ctrl Pts',(81.7827387094064,-1.11018117108216,-95.8174857614052));
#4347=CARTESIAN_POINT('Ctrl Pts',(80.9884512628257,-1.82533822211575,-95.3835644635345));
#4348=CARTESIAN_POINT('Ctrl Pts',(80.3328222997077,-2.,-95.2756005247436));
#4349=CARTESIAN_POINT('Ctrl Pts',(80.,-2.,-95.2756005247436));
#4350=CARTESIAN_POINT('Ctrl Pts',(82.,0.,-96.5));
#4351=CARTESIAN_POINT('Ctrl Pts',(82.,-0.448798950512822,-96.2756005247436));
#4352=CARTESIAN_POINT('Ctrl Pts',(81.7376345070843,-1.19402224389201,-95.902988878054));
#4353=CARTESIAN_POINT('Ctrl Pts',(80.8964821298232,-1.86311184550781,-95.5684440772461));
#4354=CARTESIAN_POINT('Ctrl Pts',(80.2991993003419,-2.,-95.5));
#4355=CARTESIAN_POINT('Ctrl Pts',(80.,-2.,-95.5));
#4356=CARTESIAN_POINT('',(80.,-1.,-94.5));
#4357=CARTESIAN_POINT('',(80.,-2.,-95.5));
#4358=CARTESIAN_POINT('Origin',(80.,-1.,-95.5));
#4359=CARTESIAN_POINT('Origin',(80.,0.,-96.5));
#4360=CARTESIAN_POINT('Origin',(80.,0.,-96.5));
#4361=CARTESIAN_POINT('Origin',(80.,0.,-87.6099793541126));
#4362=CARTESIAN_POINT('',(80.,-2.,-87.6099793541126));
#4363=CARTESIAN_POINT('Origin',(80.,6.,-96.5));
#4364=CARTESIAN_POINT('',(80.,9.7,-94.5));
#4365=CARTESIAN_POINT('Origin',(80.,9.7,-96.5));
#4366=CARTESIAN_POINT('',(80.,6.,-94.5));
#4367=CARTESIAN_POINT('Origin',(80.,9.7,-93.5));
#4368=CARTESIAN_POINT('',(80.,10.7,-93.5));
#4369=CARTESIAN_POINT('Origin',(80.,12.7,-93.5));
#4370=CARTESIAN_POINT('Origin',(80.,9.7,-93.5));
#4371=CARTESIAN_POINT('Origin',(80.,12.7,-87.5));
#4372=CARTESIAN_POINT('',(80.,10.7,-81.5));
#4373=CARTESIAN_POINT('Origin',(80.,12.7,-81.5));
#4374=CARTESIAN_POINT('',(80.,10.7,-87.5));
#4375=CARTESIAN_POINT('Origin',(80.,9.7,-81.5));
#4376=CARTESIAN_POINT('',(80.,9.7,-80.5));
#4377=CARTESIAN_POINT('Origin',(80.,9.7,-78.5));
#4378=CARTESIAN_POINT('Origin',(80.,9.7,-81.5));
#4379=CARTESIAN_POINT('Origin',(80.,6.,-78.5));
#4380=CARTESIAN_POINT('',(80.,6.,-80.5));
#4381=CARTESIAN_POINT('Origin',(80.,0.,-87.6099793541126));
#4382=CARTESIAN_POINT('',(80.,-2.,-87.6099793541126));
#4383=CARTESIAN_POINT('Origin',(31.,-2.,-87.7199587082251));
#4384=CARTESIAN_POINT('',(-18.,-2.,-95.5));
#4385=CARTESIAN_POINT('',(62.,-2.,-95.5));
#4386=CARTESIAN_POINT('',(-18.,-2.,-87.6099793541126));
#4387=CARTESIAN_POINT('',(62.,-2.,-175.43991741645));
#4388=CARTESIAN_POINT('',(0.,-2.,-175.43991741645));
#4389=CARTESIAN_POINT('',(62.,-2.,-175.43991741645));
#4390=CARTESIAN_POINT('Origin',(51.,-1.,-95.5));
#4391=CARTESIAN_POINT('',(-18.,-1.,-94.5));
#4392=CARTESIAN_POINT('',(51.,-1.,-94.5));
#4393=CARTESIAN_POINT('Origin',(-18.,-1.,-95.5));
#4394=CARTESIAN_POINT('Ctrl Pts',(-18.,-2.,-79.5));
#4395=CARTESIAN_POINT('Ctrl Pts',(-18.2991993003419,-2.,-79.5));
#4396=CARTESIAN_POINT('Ctrl Pts',(-18.7457184786454,-1.89619010453199,-79.448095052266));
#4397=CARTESIAN_POINT('Ctrl Pts',(-19.6423880070399,-1.33769537217307,-79.1688476860866));
#4398=CARTESIAN_POINT('Ctrl Pts',(-20.,-0.598398600683771,-78.7991993003419));
#4399=CARTESIAN_POINT('Ctrl Pts',(-20.,2.77555756156289E-16,-78.5));
#4400=CARTESIAN_POINT('Ctrl Pts',(-18.,-2.,-79.7991993003419));
#4401=CARTESIAN_POINT('Ctrl Pts',(-18.3446314438419,-2.,-79.7991993003419));
#4402=CARTESIAN_POINT('Ctrl Pts',(-18.851222197028,-1.86225923579527,-79.709703191303));
#4403=CARTESIAN_POINT('Ctrl Pts',(-19.7297468977822,-1.22365556503147,-79.3015228385658));
#4404=CARTESIAN_POINT('Ctrl Pts',(-20.,-0.541408257761507,-78.8561896432642));
#4405=CARTESIAN_POINT('Ctrl Pts',(-20.,2.77555756156289E-16,-78.5));
#4406=CARTESIAN_POINT('Ctrl Pts',(-18.,-1.74874005822187,-80.317043033881));
#4407=CARTESIAN_POINT('Ctrl Pts',(-18.3836634429621,-1.74874005822187,-80.317043033881));
#4408=CARTESIAN_POINT('Ctrl Pts',(-18.9410555453584,-1.60288813343216,-80.1645986561692));
#4409=CARTESIAN_POINT('Ctrl Pts',(-19.796854903727,-1.00342313214272,-79.5373119073772));
#4410=CARTESIAN_POINT('Ctrl Pts',(-20.,-0.441675157647548,-78.9559227433781));
#4411=CARTESIAN_POINT('Ctrl Pts',(-20.,2.77555756156289E-16,-78.5));
#4412=CARTESIAN_POINT('Ctrl Pts',(-18.,-1.22439947525642,-80.5));
#4413=CARTESIAN_POINT('Ctrl Pts',(-18.3328222997077,-1.22439947525642,-80.5));
#4414=CARTESIAN_POINT('Ctrl Pts',(-18.8240772294294,-1.14438005333336,-80.3708232903865));
#4415=CARTESIAN_POINT('Ctrl Pts',(-19.7079257357591,-0.769400616607767,
-79.7533231705401));
#4416=CARTESIAN_POINT('Ctrl Pts',(-20.,-0.341942057533586,-79.0556558434921));
#4417=CARTESIAN_POINT('Ctrl Pts',(-20.,2.77555756156289E-16,-78.5));
#4418=CARTESIAN_POINT('Ctrl Pts',(-18.,-1.,-80.5));
#4419=CARTESIAN_POINT('Ctrl Pts',(-18.2991993003419,-1.,-80.5));
#4420=CARTESIAN_POINT('Ctrl Pts',(-18.7457184786454,-0.948095052265999,
-80.396190104532));
#4421=CARTESIAN_POINT('Ctrl Pts',(-19.6423880070399,-0.66884768608653,-79.8376953721731));
#4422=CARTESIAN_POINT('Ctrl Pts',(-20.,-0.299199300341889,-79.0983986006838));
#4423=CARTESIAN_POINT('Ctrl Pts',(-20.,2.77555756156289E-16,-78.5));
#4424=CARTESIAN_POINT('',(-18.,-2.,-79.5));
#4425=CARTESIAN_POINT('Origin',(-18.,0.,-78.5));
#4426=CARTESIAN_POINT('',(-18.,-1.,-80.5));
#4427=CARTESIAN_POINT('Origin',(-18.,0.,-78.5));
#4428=CARTESIAN_POINT('Origin',(-18.,-1.,-79.5));
#4429=CARTESIAN_POINT('Ctrl Pts',(-18.,-1.,-94.5));
#4430=CARTESIAN_POINT('Ctrl Pts',(-18.2991993003419,-1.,-94.5));
#4431=CARTESIAN_POINT('Ctrl Pts',(-18.8965138090614,-0.931565896258643,
-94.6368682074827));
#4432=CARTESIAN_POINT('Ctrl Pts',(-19.7377009836578,-0.597025003683398,
-95.3059499926332));
#4433=CARTESIAN_POINT('Ctrl Pts',(-20.,-0.224399475256414,-96.0512010494872));
#4434=CARTESIAN_POINT('Ctrl Pts',(-20.,0.,-96.5));
#4435=CARTESIAN_POINT('Ctrl Pts',(-18.,-1.29919930034188,-94.5));
#4436=CARTESIAN_POINT('Ctrl Pts',(-18.3446314438419,-1.29919930034188,-94.5));
#4437=CARTESIAN_POINT('Ctrl Pts',(-19.0202891873666,-1.1777816729578,-94.6875081506413));
#4438=CARTESIAN_POINT('Ctrl Pts',(-19.7975630090432,-0.709951840828445,
-95.4188808545564));
#4439=CARTESIAN_POINT('Ctrl Pts',(-20.,-0.267142232448112,-96.0939438066789));
#4440=CARTESIAN_POINT('Ctrl Pts',(-20.,0.,-96.5));
#4441=CARTESIAN_POINT('Ctrl Pts',(-18.,-1.81702866063086,-94.7512719208943));
#4442=CARTESIAN_POINT('Ctrl Pts',(-18.383663442962,-1.81702866063086,-94.7512719208943));
#4443=CARTESIAN_POINT('Ctrl Pts',(-19.1241430351818,-1.60720870052503,-94.9517758033176));
#4444=CARTESIAN_POINT('Ctrl Pts',(-19.8414853122166,-0.910396139836067,
-95.6184369424187));
#4445=CARTESIAN_POINT('Ctrl Pts',(-20.,-0.341942057533584,-96.1687436317643));
#4446=CARTESIAN_POINT('Ctrl Pts',(-20.,0.,-96.5));
#4447=CARTESIAN_POINT('Ctrl Pts',(-18.,-2.,-95.2756005247436));
#4448=CARTESIAN_POINT('Ctrl Pts',(-18.3328222997077,-2.,-95.2756005247436));
#4449=CARTESIAN_POINT('Ctrl Pts',(-18.988507020171,-1.82541073264258,-95.3835315915894));
#4450=CARTESIAN_POINT('Ctrl Pts',(-19.7827900190573,-1.11026612794857,-95.8174553360278));
#4451=CARTESIAN_POINT('Ctrl Pts',(-20.,-0.416741882619057,-96.2435434568498));
#4452=CARTESIAN_POINT('Ctrl Pts',(-20.,0.,-96.5));
#4453=CARTESIAN_POINT('Ctrl Pts',(-18.,-2.,-95.5));
#4454=CARTESIAN_POINT('Ctrl Pts',(-18.2991993003419,-2.,-95.5));
#4455=CARTESIAN_POINT('Ctrl Pts',(-18.8965138090614,-1.86313179251729,-95.5684341037414));
#4456=CARTESIAN_POINT('Ctrl Pts',(-19.7377009836578,-1.1940500073668,-95.9029749963166));
#4457=CARTESIAN_POINT('Ctrl Pts',(-20.,-0.44879895051283,-96.2756005247436));
#4458=CARTESIAN_POINT('Ctrl Pts',(-20.,0.,-96.5));
#4459=CARTESIAN_POINT('Origin',(-18.,2.77555756156289E-16,-96.5));
#4460=CARTESIAN_POINT('Origin',(-18.,0.,-96.5));
#4461=CARTESIAN_POINT('Origin',(-18.,0.,-87.6099793541126));
#4462=CARTESIAN_POINT('Origin',(-18.,6.,-96.5));
#4463=CARTESIAN_POINT('',(-18.,9.7,-94.5));
#4464=CARTESIAN_POINT('',(-18.,6.,-94.5));
#4465=CARTESIAN_POINT('Origin',(-18.,9.7,-96.5));
#4466=CARTESIAN_POINT('Origin',(-18.,9.7,-93.5));
#4467=CARTESIAN_POINT('',(-18.,10.7,-93.5));
#4468=CARTESIAN_POINT('Origin',(-18.,12.7,-93.5));
#4469=CARTESIAN_POINT('Origin',(-18.,9.7,-93.5));
#4470=CARTESIAN_POINT('Origin',(-18.,12.7,-87.5));
#4471=CARTESIAN_POINT('',(-18.,10.7,-81.5));
#4472=CARTESIAN_POINT('Origin',(-18.,12.7,-81.5));
#4473=CARTESIAN_POINT('',(-18.,10.7,-87.5));
#4474=CARTESIAN_POINT('Origin',(-18.,9.7,-81.5));
#4475=CARTESIAN_POINT('',(-18.,9.7,-80.5));
#4476=CARTESIAN_POINT('Origin',(-18.,9.7,-78.5));
#4477=CARTESIAN_POINT('Origin',(-18.,9.7,-81.5));
#4478=CARTESIAN_POINT('Origin',(-18.,6.,-78.5));
#4479=CARTESIAN_POINT('',(-18.,6.,-80.5));
#4480=CARTESIAN_POINT('Origin',(-18.,0.,-87.6099793541126));
#4481=CARTESIAN_POINT('',(-18.,-2.,-87.6099793541126));
#4482=CARTESIAN_POINT('Origin',(-8.99999999999997,-2.,-80.5));
#4483=CARTESIAN_POINT('',(11.,-1.,-80.5));
#4484=CARTESIAN_POINT('',(11.,9.7,-80.5));
#4485=CARTESIAN_POINT('Origin',(11.,9.7,-81.5));
#4486=CARTESIAN_POINT('',(11.,10.7,-81.5));
#4487=CARTESIAN_POINT('Origin',(31.,10.7,-87.5));
#4488=CARTESIAN_POINT('',(51.,10.7,-93.5));
#4489=CARTESIAN_POINT('',(13.2,10.7,-87.5));
#4490=CARTESIAN_POINT('Origin',(16.,10.7,-87.5));
#4491=CARTESIAN_POINT('',(28.2,10.7,-87.5));
#4492=CARTESIAN_POINT('Origin',(31.,10.7,-87.5));
#4493=CARTESIAN_POINT('',(43.2,10.7,-87.5));
#4494=CARTESIAN_POINT('Origin',(46.,10.7,-87.5));
#4495=CARTESIAN_POINT('Origin',(51.,9.7,-93.5));
#4496=CARTESIAN_POINT('',(51.,9.7,-94.5));
#4497=CARTESIAN_POINT('Origin',(71.,-2.,-94.5));
#4498=CARTESIAN_POINT('Origin',(0.,0.,-175.));
#4499=CARTESIAN_POINT('',(0.,-2.,0.));
#4500=CARTESIAN_POINT('',(0.,-2.,0.));
#4501=CARTESIAN_POINT('',(0.,0.,0.));
#4502=CARTESIAN_POINT('',(0.,0.,0.));
#4503=CARTESIAN_POINT('',(0.,0.,0.));
#4504=CARTESIAN_POINT('Origin',(62.,0.,-7.59281015471359E-15));
#4505=CARTESIAN_POINT('',(62.,0.,-175.43991741645));
#4506=CARTESIAN_POINT('',(62.,0.,-175.43991741645));
#4507=CARTESIAN_POINT('',(62.,0.,-175.43991741645));
#4508=CARTESIAN_POINT('Origin',(11.,-1.,-79.5));
#4509=CARTESIAN_POINT('',(62.,-2.,-79.5));
#4510=CARTESIAN_POINT('Origin',(46.,13.7,-87.5));
#4511=CARTESIAN_POINT('',(43.2,16.7,-87.5));
#4512=CARTESIAN_POINT('',(43.2,13.7,-87.5));
#4513=CARTESIAN_POINT('Origin',(46.,16.7,-87.5));
#4514=CARTESIAN_POINT('Origin',(46.,16.7,-87.5));
#4515=CARTESIAN_POINT('Origin',(31.,13.7,-87.5));
#4516=CARTESIAN_POINT('',(28.2,16.7,-87.5));
#4517=CARTESIAN_POINT('',(28.2,13.7,-87.5));
#4518=CARTESIAN_POINT('Origin',(31.,16.7,-87.5));
#4519=CARTESIAN_POINT('Origin',(31.,16.7,-87.5));
#4520=CARTESIAN_POINT('Origin',(16.,13.7,-87.5));
#4521=CARTESIAN_POINT('',(13.2,16.7,-87.5));
#4522=CARTESIAN_POINT('',(13.2,13.7,-87.5));
#4523=CARTESIAN_POINT('Origin',(16.,16.7,-87.5));
#4524=CARTESIAN_POINT('Origin',(16.,16.7,-87.5));
#4525=CARTESIAN_POINT('Origin',(31.,0.,-87.7199587082251));
#4526=CARTESIAN_POINT('',(62.,0.,0.));
#4527=CARTESIAN_POINT('',(38.8952110085309,0.,-49.));
#4528=CARTESIAN_POINT('Ctrl Pts',(38.8952110085309,0.,-49.));
#4529=CARTESIAN_POINT('Ctrl Pts',(39.6023177897174,0.,-49.));
#4530=CARTESIAN_POINT('Ctrl Pts',(41.7236381332771,0.,-51.));
#4531=CARTESIAN_POINT('',(38.8952110085308,-1.45141559614524E-30,-3.));
#4532=CARTESIAN_POINT('',(38.8952110085309,0.,-43.75));
#4533=CARTESIAN_POINT('',(23.1047889914691,1.8576096644478E-30,-3.00000000000001));
#4534=CARTESIAN_POINT('',(15.5,0.,-3.00000000000001));
#4535=CARTESIAN_POINT('',(23.1047889914691,0.,-49.));
#4536=CARTESIAN_POINT('',(23.1047889914691,0.,-43.75));
#4537=CARTESIAN_POINT('Ctrl Pts',(20.2763618667229,-6.93889390390723E-17,
-51.));
#4538=CARTESIAN_POINT('Ctrl Pts',(22.3976822102826,-3.46944695195361E-17,
-49.));
#4539=CARTESIAN_POINT('Ctrl Pts',(23.1047889914691,0.,-49.));
#4540=CARTESIAN_POINT('Origin',(31.,0.,-87.7199587082251));
#4541=CARTESIAN_POINT('',(23.1047889914692,0.,-126.));
#4542=CARTESIAN_POINT('Ctrl Pts',(23.1047889914692,8.32667268468867E-16,
-126.));
#4543=CARTESIAN_POINT('Ctrl Pts',(22.3976822102826,2.32452945780892E-15,
-126.));
#4544=CARTESIAN_POINT('Ctrl Pts',(20.276361866723,3.81639164714898E-15,
-124.));
#4545=CARTESIAN_POINT('',(23.1047889914692,0.,-172.));
#4546=CARTESIAN_POINT('',(23.1047889914692,0.,-131.25));
#4547=CARTESIAN_POINT('',(38.895211008531,0.,-172.));
#4548=CARTESIAN_POINT('',(46.5,0.,-172.));
#4549=CARTESIAN_POINT('',(38.8952110085309,0.,-126.));
#4550=CARTESIAN_POINT('',(38.8952110085309,0.,-131.25));
#4551=CARTESIAN_POINT('Ctrl Pts',(41.7236381332771,-3.7470027081099E-15,
-124.));
#4552=CARTESIAN_POINT('Ctrl Pts',(39.6023177897175,-2.42861286636753E-15,
-126.));
#4553=CARTESIAN_POINT('Ctrl Pts',(38.8952110085309,-1.11022302462516E-15,
-126.));
#4554=CARTESIAN_POINT('',(0.,0.,-175.43991741645));
#4555=CARTESIAN_POINT('Origin',(62.,0.,0.));
#4556=CARTESIAN_POINT('',(62.,-2.,0.));
#4557=CARTESIAN_POINT('Origin',(0.,0.,-175.43991741645));
#4558=CARTESIAN_POINT('Origin',(31.,-2.,-87.7199587082251));
#4559=CARTESIAN_POINT('Origin',(46.,19.2768637818091,-125.));
#4560=CARTESIAN_POINT('',(46.8654262854812,19.7779000523508,-126.));
#4561=CARTESIAN_POINT('',(48.5962788564434,20.7799725934342,-124.));
#4562=CARTESIAN_POINT('',(45.,19.2768637818091,-126.));
#4563=CARTESIAN_POINT('Origin',(46.,19.2768637818091,-126.));
#4564=CARTESIAN_POINT('',(45.,19.2768637818091,-126.));
#4565=CARTESIAN_POINT('Origin',(49.3970652896305,17.4009325361019,-125.));
#4566=CARTESIAN_POINT('',(55.1309790012654,5.5010362705417,-126.));
#4567=CARTESIAN_POINT('',(56.8618315722276,6.50310881162511,-124.));
#4568=CARTESIAN_POINT('',(48.5316390041494,16.8998962655602,-126.));
#4569=CARTESIAN_POINT('Origin',(54.2655527157842,5.,-125.));
#4570=CARTESIAN_POINT('',(54.2655527157842,4.,-126.));
#4571=CARTESIAN_POINT('',(54.2655527157842,2.,-124.));
#4572=CARTESIAN_POINT('Origin',(54.2655527157842,5.,-126.));
#4573=CARTESIAN_POINT('Origin',(30.25,3.,-125.));
#4574=CARTESIAN_POINT('',(46.,4.,-126.));
#4575=CARTESIAN_POINT('',(46.,2.,-124.));
#4576=CARTESIAN_POINT('',(30.25,4.,-126.));
#4577=CARTESIAN_POINT('Origin',(46.,5.,-125.));
#4578=CARTESIAN_POINT('',(45.,5.,-126.));
#4579=CARTESIAN_POINT('',(43.,5.,-124.));
#4580=CARTESIAN_POINT('Origin',(46.,5.,-126.));
#4581=CARTESIAN_POINT('Origin',(44.,19.,-125.));
#4582=CARTESIAN_POINT('',(45.,19.,-126.));
#4583=CARTESIAN_POINT('Origin',(46.0000000000001,5.,-175.));
#4584=CARTESIAN_POINT('',(45.0000000000001,5.,-172.));
#4585=CARTESIAN_POINT('',(45.0000000000001,5.,-175.));
#4586=CARTESIAN_POINT('',(46.0000000000001,4.,-172.));
#4587=CARTESIAN_POINT('Origin',(46.0000000000001,5.,-172.));
#4588=CARTESIAN_POINT('',(46.0000000000001,4.,-175.));
#4589=CARTESIAN_POINT('Origin',(45.0000000000001,23.,-175.));
#4590=CARTESIAN_POINT('',(45.0000000000001,19.2768637818091,-172.));
#4591=CARTESIAN_POINT('',(45.0000000000001,19.2768637818091,-175.));
#4592=CARTESIAN_POINT('',(45.0000000000001,11.5,-172.));
#4593=CARTESIAN_POINT('Origin',(46.0000000000001,19.2768637818091,-175.));
#4594=CARTESIAN_POINT('',(46.8654262854812,19.7779000523508,-172.));
#4595=CARTESIAN_POINT('',(46.8654262854812,19.7779000523508,-175.));
#4596=CARTESIAN_POINT('Origin',(46.0000000000001,19.2768637818091,-172.));
#4597=CARTESIAN_POINT('Origin',(23.1047889914692,1.,-125.));
#4598=CARTESIAN_POINT('',(22.1491823279423,1.29464538792079,-126.));
#4599=CARTESIAN_POINT('',(20.2379690008885,1.88393616376238,-124.));
#4600=CARTESIAN_POINT('Origin',(23.1047889914692,1.,-126.));
#4601=CARTESIAN_POINT('Origin',(27.2598318550856,21.2636351780153,-125.));
#4602=CARTESIAN_POINT('',(28.1331800094193,20.7022054359545,-126.));
#4603=CARTESIAN_POINT('',(26.2219666823655,21.2914962117961,-124.));
#4604=CARTESIAN_POINT('',(28.2154385186125,20.9689897900945,-126.));
#4605=CARTESIAN_POINT('Origin',(31.,19.8182692721921,-125.));
#4606=CARTESIAN_POINT('',(33.8668199905807,20.7022054359545,-126.));
#4607=CARTESIAN_POINT('',(35.7780333176345,21.2914962117961,-124.));
#4608=CARTESIAN_POINT('Origin',(31.,19.8182692721921,-126.));
#4609=CARTESIAN_POINT('Origin',(38.019521623258,10.6278941671712,-125.));
#4610=CARTESIAN_POINT('',(39.8508176720578,1.29464538792079,-126.));
#4611=CARTESIAN_POINT('',(41.7620309991116,1.88393616376238,-124.));
#4612=CARTESIAN_POINT('',(37.0639149597312,10.3332487792504,-126.));
#4613=CARTESIAN_POINT('Origin',(38.8952110085309,1.,-125.));
#4614=CARTESIAN_POINT('Origin',(38.8952110085309,1.,-126.));
#4615=CARTESIAN_POINT('Origin',(18.,9.5,-125.));
#4616=CARTESIAN_POINT('',(17.,19.2768637818091,-126.));
#4617=CARTESIAN_POINT('',(17.,19.2768637818091,-126.));
#4618=CARTESIAN_POINT('',(17.,5.,-126.));
#4619=CARTESIAN_POINT('',(19.,5.,-124.));
#4620=CARTESIAN_POINT('',(17.,9.5,-126.));
#4621=CARTESIAN_POINT('Origin',(16.,19.2768637818091,-125.));
#4622=CARTESIAN_POINT('',(15.1345737145189,19.7779000523508,-126.));
#4623=CARTESIAN_POINT('Origin',(16.,19.2768637818091,-126.));
#4624=CARTESIAN_POINT('',(15.1345737145189,19.7779000523508,-126.));
#4625=CARTESIAN_POINT('Origin',(14.2118558721953,20.1799781792554,-125.));
#4626=CARTESIAN_POINT('',(6.8690209987347,5.5010362705417,-126.));
#4627=CARTESIAN_POINT('',(6.8690209987347,5.5010362705417,-126.));
#4628=CARTESIAN_POINT('',(15.0772821576764,19.6789419087137,-126.));
#4629=CARTESIAN_POINT('Origin',(7.73444728421583,5.,-125.));
#4630=CARTESIAN_POINT('',(7.73444728421583,4.,-126.));
#4631=CARTESIAN_POINT('Origin',(7.73444728421583,5.,-126.));
#4632=CARTESIAN_POINT('',(7.73444728421583,4.,-126.));
#4633=CARTESIAN_POINT('Origin',(10.75,3.,-125.));
#4634=CARTESIAN_POINT('',(16.,4.,-126.));
#4635=CARTESIAN_POINT('',(16.,4.,-126.));
#4636=CARTESIAN_POINT('',(10.75,4.,-126.));
#4637=CARTESIAN_POINT('Origin',(16.,5.,-125.));
#4638=CARTESIAN_POINT('Origin',(16.,5.,-126.));
#4639=CARTESIAN_POINT('Origin',(17.0000000000001,23.,-175.));
#4640=CARTESIAN_POINT('',(15.134573714519,19.7779000523508,-172.));
#4641=CARTESIAN_POINT('',(15.134573714519,19.7779000523508,-175.));
#4642=CARTESIAN_POINT('',(6.86902099873477,5.50103627054171,-172.));
#4643=CARTESIAN_POINT('',(17.6618257261412,24.1431535269709,-172.));
#4644=CARTESIAN_POINT('',(6.86902099873477,5.5010362705417,-175.));
#4645=CARTESIAN_POINT('Origin',(16.0000000000001,19.2768637818091,-175.));
#4646=CARTESIAN_POINT('',(17.0000000000001,19.276863781809,-172.));
#4647=CARTESIAN_POINT('',(17.0000000000001,19.2768637818091,-175.));
#4648=CARTESIAN_POINT('Origin',(16.0000000000001,19.2768637818091,-172.));
#4649=CARTESIAN_POINT('Origin',(17.0000000000001,4.,-175.));
#4650=CARTESIAN_POINT('',(17.0000000000001,5.,-172.));
#4651=CARTESIAN_POINT('',(17.0000000000001,5.,-175.));
#4652=CARTESIAN_POINT('',(17.0000000000001,2.00000000000001,-172.));
#4653=CARTESIAN_POINT('Origin',(16.,19.2768637818091,-50.));
#4654=CARTESIAN_POINT('',(15.1345737145189,19.7779000523508,-49.));
#4655=CARTESIAN_POINT('',(13.4037211435566,20.7799725934342,-51.));
#4656=CARTESIAN_POINT('',(17.,19.2768637818091,-49.));
#4657=CARTESIAN_POINT('Origin',(16.,19.2768637818091,-49.));
#4658=CARTESIAN_POINT('',(17.,19.2768637818091,-49.));
#4659=CARTESIAN_POINT('Origin',(14.2118558721952,20.1799781792554,-50.));
#4660=CARTESIAN_POINT('',(6.86902099873466,5.5010362705417,-49.));
#4661=CARTESIAN_POINT('',(5.13816842777241,6.50310881162511,-51.));
#4662=CARTESIAN_POINT('',(15.0772821576763,19.6789419087137,-49.));
#4663=CARTESIAN_POINT('Origin',(7.73444728421579,5.,-50.));
#4664=CARTESIAN_POINT('',(7.73444728421579,4.,-49.));
#4665=CARTESIAN_POINT('',(7.73444728421579,2.,-51.));
#4666=CARTESIAN_POINT('Origin',(7.73444728421579,5.,-49.));
#4667=CARTESIAN_POINT('Origin',(10.75,3.,-50.));
#4668=CARTESIAN_POINT('',(16.,4.,-49.));
#4669=CARTESIAN_POINT('',(16.,2.,-51.));
#4670=CARTESIAN_POINT('',(10.75,4.,-49.));
#4671=CARTESIAN_POINT('Origin',(16.,5.,-50.));
#4672=CARTESIAN_POINT('',(17.,5.,-49.));
#4673=CARTESIAN_POINT('',(19.,5.,-51.));
#4674=CARTESIAN_POINT('Origin',(16.,5.,-49.));
#4675=CARTESIAN_POINT('Origin',(18.,9.5,-50.));
#4676=CARTESIAN_POINT('',(17.,9.5,-49.));
#4677=CARTESIAN_POINT('Origin',(16.,5.,-1.95943487863576E-15));
#4678=CARTESIAN_POINT('',(17.,5.,-3.));
#4679=CARTESIAN_POINT('',(17.,5.,-2.0818995585505E-15));
#4680=CARTESIAN_POINT('',(16.,4.,-3.));
#4681=CARTESIAN_POINT('Origin',(16.,5.,-3.));
#4682=CARTESIAN_POINT('',(16.,4.,-1.95943487863576E-15));
#4683=CARTESIAN_POINT('Origin',(17.,4.,-2.0818995585505E-15));
#4684=CARTESIAN_POINT('',(17.,19.2768637818091,-3.));
#4685=CARTESIAN_POINT('',(17.,19.2768637818091,-2.0818995585505E-15));
#4686=CARTESIAN_POINT('',(17.,2.,-3.));
#4687=CARTESIAN_POINT('Origin',(16.,19.2768637818091,-1.95943487863577E-15));
#4688=CARTESIAN_POINT('',(15.1345737145189,19.7779000523508,-3.));
#4689=CARTESIAN_POINT('',(15.1345737145189,19.7779000523508,-1.85345072559452E-15));
#4690=CARTESIAN_POINT('Origin',(16.,19.2768637818091,-3.));
#4691=CARTESIAN_POINT('Origin',(49.3970652896305,17.4009325361019,-50.));
#4692=CARTESIAN_POINT('',(46.8654262854811,19.7779000523508,-49.));
#4693=CARTESIAN_POINT('',(48.5962788564434,20.7799725934342,-51.));
#4694=CARTESIAN_POINT('',(55.1309790012653,5.50103627054171,-49.));
#4695=CARTESIAN_POINT('',(48.5316390041494,16.8998962655602,-49.));
#4696=CARTESIAN_POINT('',(55.1309790012653,5.50103627054171,-49.));
#4697=CARTESIAN_POINT('Origin',(46.,19.2768637818091,-50.));
#4698=CARTESIAN_POINT('',(45.,19.2768637818091,-49.));
#4699=CARTESIAN_POINT('',(43.,19.2768637818091,-51.));
#4700=CARTESIAN_POINT('Origin',(46.,19.2768637818091,-49.));
#4701=CARTESIAN_POINT('Origin',(44.,19.,-50.));
#4702=CARTESIAN_POINT('',(45.,5.,-49.));
#4703=CARTESIAN_POINT('',(43.,5.,-51.));
#4704=CARTESIAN_POINT('',(45.,19.,-49.));
#4705=CARTESIAN_POINT('Origin',(46.,5.,-50.));
#4706=CARTESIAN_POINT('',(46.,4.,-49.));
#4707=CARTESIAN_POINT('',(46.,2.,-51.));
#4708=CARTESIAN_POINT('Origin',(46.,5.,-49.));
#4709=CARTESIAN_POINT('Origin',(30.25,3.,-50.));
#4710=CARTESIAN_POINT('',(54.2655527157842,4.,-49.));
#4711=CARTESIAN_POINT('',(54.2655527157842,2.,-51.));
#4712=CARTESIAN_POINT('',(30.25,4.,-49.));
#4713=CARTESIAN_POINT('Origin',(54.2655527157842,5.,-50.));
#4714=CARTESIAN_POINT('Origin',(54.2655527157842,5.,-49.));
#4715=CARTESIAN_POINT('Origin',(45.,4.,-5.51091059616309E-15));
#4716=CARTESIAN_POINT('',(54.2655527157842,4.,-3.00000000000001));
#4717=CARTESIAN_POINT('',(54.2655527157842,4.,-6.84024724949859E-15));
#4718=CARTESIAN_POINT('',(46.,4.,-3.00000000000001));
#4719=CARTESIAN_POINT('',(22.5,4.,-3.));
#4720=CARTESIAN_POINT('',(46.,4.,-5.68506322747684E-15));
#4721=CARTESIAN_POINT('Origin',(54.2655527157842,5.,-6.84024724949859E-15));
#4722=CARTESIAN_POINT('',(55.1309790012653,5.50103627054171,-3.00000000000001));
#4723=CARTESIAN_POINT('',(55.1309790012653,5.50103627054171,-6.99096351432321E-15));
#4724=CARTESIAN_POINT('Origin',(54.2655527157842,5.00000000000001,-3.00000000000001));
#4725=CARTESIAN_POINT('Origin',(56.,3.99999999999999,-6.85802207522518E-15));
#4726=CARTESIAN_POINT('',(46.8654262854811,19.7779000523508,-3.));
#4727=CARTESIAN_POINT('',(46.8654262854811,19.7779000523508,-5.55149575960688E-15));
#4728=CARTESIAN_POINT('',(49.8381742738589,14.643153526971,-3.00000000000001));
#4729=CARTESIAN_POINT('Origin',(38.8952110085309,1.,-50.));
#4730=CARTESIAN_POINT('',(39.8508176720577,1.29464538792079,-49.));
#4731=CARTESIAN_POINT('',(41.7620309991115,1.88393616376238,-51.));
#4732=CARTESIAN_POINT('Origin',(38.8952110085309,1.,-49.));
#4733=CARTESIAN_POINT('Origin',(38.019521623258,10.6278941671712,-50.));
#4734=CARTESIAN_POINT('',(33.8668199905807,20.7022054359545,-49.));
#4735=CARTESIAN_POINT('',(35.7780333176345,21.2914962117961,-51.));
#4736=CARTESIAN_POINT('',(37.0639149597311,10.3332487792504,-49.));
#4737=CARTESIAN_POINT('Origin',(31.,19.8182692721921,-50.));
#4738=CARTESIAN_POINT('',(28.1331800094193,20.7022054359545,-49.));
#4739=CARTESIAN_POINT('',(26.2219666823655,21.2914962117961,-51.));
#4740=CARTESIAN_POINT('Origin',(31.,19.8182692721921,-49.));
#4741=CARTESIAN_POINT('Origin',(27.2598318550856,21.2636351780153,-50.));
#4742=CARTESIAN_POINT('',(22.1491823279422,1.29464538792079,-49.));
#4743=CARTESIAN_POINT('',(20.2379690008884,1.88393616376238,-51.));
#4744=CARTESIAN_POINT('',(28.2154385186125,20.9689897900945,-49.));
#4745=CARTESIAN_POINT('Origin',(23.1047889914691,1.,-50.));
#4746=CARTESIAN_POINT('Origin',(23.1047889914691,1.,-49.));
#4747=CARTESIAN_POINT('Ctrl Pts',(17.0000000000001,19.2768637818091,-172.));
#4748=CARTESIAN_POINT('Ctrl Pts',(17.0000000000001,19.2768637818091,-172.112199737628));
#4749=CARTESIAN_POINT('Ctrl Pts',(16.9873751961518,19.2455278721722,-172.336574653042));
#4750=CARTESIAN_POINT('Ctrl Pts',(16.9121844327484,19.0588975691719,-172.779780360702));
#4751=CARTESIAN_POINT('Ctrl Pts',(16.7255464502025,18.5956451475008,-173.312439348687));
#4752=CARTESIAN_POINT('Ctrl Pts',(16.24550726501,17.4041442964734,-174.0777212823));
#4753=CARTESIAN_POINT('Ctrl Pts',(15.3462617857983,15.1721353546752,-174.795074792344));
#4754=CARTESIAN_POINT('Ctrl Pts',(14.4487989505129,12.9445510969875,-175.));
#4755=CARTESIAN_POINT('Ctrl Pts',(14.0000000000001,11.8305913454272,-175.));
#4756=CARTESIAN_POINT('Ctrl Pts',(17.0000000000001,19.52608253247,-172.));
#4757=CARTESIAN_POINT('Ctrl Pts',(17.0000000000001,19.52608253247,-172.14684091806));
#4758=CARTESIAN_POINT('Ctrl Pts',(16.9788402023404,19.4751847320825,-172.439059273832));
#4759=CARTESIAN_POINT('Ctrl Pts',(16.86987461596,19.2200368958013,-172.946680821452));
#4760=CARTESIAN_POINT('Ctrl Pts',(16.6468541981412,18.6961636779315,-173.472201472363));
#4761=CARTESIAN_POINT('Ctrl Pts',(16.1416455371158,17.4545335489444,-174.181622254067));
#4762=CARTESIAN_POINT('Ctrl Pts',(15.2661404437019,15.1940080697579,-174.81956209861));
#4763=CARTESIAN_POINT('Ctrl Pts',(14.4222211295865,12.9516896542062,-175.));
#4764=CARTESIAN_POINT('Ctrl Pts',(14.0000000000001,11.8305913454272,-175.));
#4765=CARTESIAN_POINT('Ctrl Pts',(16.8042508084473,20.0235089857031,-172.));
#4766=CARTESIAN_POINT('Ctrl Pts',(16.8042508084473,20.0235089857031,-172.208949894874));
#4767=CARTESIAN_POINT('Ctrl Pts',(16.7720102657865,19.9334169928762,-172.622528456021));
#4768=CARTESIAN_POINT('Ctrl Pts',(16.625730030197,19.5406994701827,-173.235933462957));
#4769=CARTESIAN_POINT('Ctrl Pts',(16.37946664059,18.8953333888102,-173.734002859652));
#4770=CARTESIAN_POINT('Ctrl Pts',(15.8918756206216,17.5536626296324,-174.338522968219));
#4771=CARTESIAN_POINT('Ctrl Pts',(15.1070823299499,15.2368495546977,-174.853430248915));
#4772=CARTESIAN_POINT('Ctrl Pts',(14.3690654877336,12.9659667686435,-175.));
#4773=CARTESIAN_POINT('Ctrl Pts',(14.0000000000001,11.8305913454272,-175.));
#4774=CARTESIAN_POINT('Ctrl Pts',(16.143137815276,20.3418510833231,-172.));
#4775=CARTESIAN_POINT('Ctrl Pts',(16.143137815276,20.3418510833231,-172.2284798932));
#4776=CARTESIAN_POINT('Ctrl Pts',(16.1169146979024,20.2363031022753,-172.680187615905));
#4777=CARTESIAN_POINT('Ctrl Pts',(16.006599747254,19.7859791115242,-173.325235529033));
#4778=CARTESIAN_POINT('Ctrl Pts',(15.8354987735441,19.0798969945991,-173.812312939405));
#4779=CARTESIAN_POINT('Ctrl Pts',(15.4883245582466,17.6714630655236,-174.383213552316));
#4780=CARTESIAN_POINT('Ctrl Pts',(14.887996048706,15.2960023572326,-174.862569000164));
#4781=CARTESIAN_POINT('Ctrl Pts',(14.2959764801859,12.9855978009948,-175.));
#4782=CARTESIAN_POINT('Ctrl Pts',(14.0000000000001,11.8305913454272,-175.));
#4783=CARTESIAN_POINT('Ctrl Pts',(15.5082432838935,20.2085720514874,-172.));
#4784=CARTESIAN_POINT('Ctrl Pts',(15.5082432838935,20.2085720514874,-172.18612435502));
#4785=CARTESIAN_POINT('Ctrl Pts',(15.4952345745228,20.1290185000394,-172.555129546079));
#4786=CARTESIAN_POINT('Ctrl Pts',(15.4409435277239,19.7664273557589,-173.130380670593));
#4787=CARTESIAN_POINT('Ctrl Pts',(15.3492932574108,19.1265332462181,-173.639596261155));
#4788=CARTESIAN_POINT('Ctrl Pts',(15.1277958878096,17.7478623438514,-174.282945532431));
#4789=CARTESIAN_POINT('Ctrl Pts',(14.6887522539206,15.3492934616087,-174.841677245126));
#4790=CARTESIAN_POINT('Ctrl Pts',(14.2295319278697,13.0034441940415,-175.));
#4791=CARTESIAN_POINT('Ctrl Pts',(14.0000000000001,11.8305913454272,-175.));
#4792=CARTESIAN_POINT('Ctrl Pts',(15.2282244395541,19.9396603955933,-172.));
#4793=CARTESIAN_POINT('Ctrl Pts',(15.2282244395541,19.9396603955933,-172.138287461445));
#4794=CARTESIAN_POINT('Ctrl Pts',(15.2216147188827,19.8902520992153,-172.413740040115));
#4795=CARTESIAN_POINT('Ctrl Pts',(15.1891211079757,19.6336865135196,-172.905318551132));
#4796=CARTESIAN_POINT('Ctrl Pts',(15.1191323603628,19.0861859247536,-173.43242676705));
#4797=CARTESIAN_POINT('Ctrl Pts',(14.9350032577733,17.7725930060887,-174.155651068293));
#4798=CARTESIAN_POINT('Ctrl Pts',(14.5690314489093,15.3809379172478,-174.813425407041));
#4799=CARTESIAN_POINT('Ctrl Pts',(14.1896651964801,13.0141520298695,-175.));
#4800=CARTESIAN_POINT('Ctrl Pts',(14.0000000000001,11.8305913454272,-175.));
#4801=CARTESIAN_POINT('Ctrl Pts',(15.1345737145189,19.7779000523508,-172.));
#4802=CARTESIAN_POINT('Ctrl Pts',(15.1345737145189,19.7779000523508,-172.112199737628));
#4803=CARTESIAN_POINT('Ctrl Pts',(15.1297991243199,19.7444556478351,-172.336574653042));
#4804=CARTESIAN_POINT('Ctrl Pts',(15.1013626364092,19.5452675782765,-172.779780360702));
#4805=CARTESIAN_POINT('Ctrl Pts',(15.0307777867001,19.0508443570334,-173.312439348687));
#4806=CARTESIAN_POINT('Ctrl Pts',(14.8492311728806,17.7791711583183,-174.0777212823));
#4807=CARTESIAN_POINT('Ctrl Pts',(14.5091444116761,15.3969773494516,-174.795074792344));
#4808=CARTESIAN_POINT('Ctrl Pts',(14.1697318307852,13.0195059477835,-175.));
#4809=CARTESIAN_POINT('Ctrl Pts',(14.0000000000001,11.8305913454272,-175.));
#4810=CARTESIAN_POINT('',(14.0000000000001,11.8305913454272,-175.));
#4811=CARTESIAN_POINT('Origin',(14.0000000000001,11.8305913454272,-172.));
#4812=CARTESIAN_POINT('Origin',(14.0000000000001,11.8305913454272,-172.));
#4813=CARTESIAN_POINT('Origin',(20.2581045825845,22.6400447153458,-172.));
#4814=CARTESIAN_POINT('',(11.2033418526475,7.,-175.));
#4815=CARTESIAN_POINT('',(20.2581045825845,22.6400447153458,-175.));
#4816=CARTESIAN_POINT('Origin',(11.2033418526475,7.,-172.));
#4817=CARTESIAN_POINT('Origin',(14.0000000000001,2.00000000000001,-172.));
#4818=CARTESIAN_POINT('',(14.0000000000001,7.,-175.));
#4819=CARTESIAN_POINT('Origin',(14.0000000000001,7.,-172.));
#4820=CARTESIAN_POINT('',(14.0000000000001,2.00000000000001,-175.));
#4821=CARTESIAN_POINT('Ctrl Pts',(6.86902099873476,5.5010362705417,-172.));
#4822=CARTESIAN_POINT('Ctrl Pts',(6.86902099873476,5.5010362705417,-172.224399475256));
#4823=CARTESIAN_POINT('Ctrl Pts',(6.94164991116146,5.52615395543561,-172.673698099566));
#4824=CARTESIAN_POINT('Ctrl Pts',(7.26639107815968,5.63846110739758,-173.311222226877));
#4825=CARTESIAN_POINT('Ctrl Pts',(8.3029619869969,5.99694453484297,-174.46450731546));
#4826=CARTESIAN_POINT('Ctrl Pts',(9.90651608569954,6.55151110090822,-175.));
#4827=CARTESIAN_POINT('Ctrl Pts',(11.2033418526475,7.,-175.));
#4828=CARTESIAN_POINT('Ctrl Pts',(6.769024079727,5.32831431952828,-172.));
#4829=CARTESIAN_POINT('Ctrl Pts',(6.76902407972699,5.32831431952829,-172.250338557553));
#4830=CARTESIAN_POINT('Ctrl Pts',(6.86194757125043,5.36191741125227,-172.749472824555));
#4831=CARTESIAN_POINT('Ctrl Pts',(7.23904701597792,5.49847946487351,-173.41105088618));
#4832=CARTESIAN_POINT('Ctrl Pts',(8.3546937632736,5.90451411339424,-174.52991043783));
#4833=CARTESIAN_POINT('Ctrl Pts',(9.9311765560913,6.50873881500975,-175.));
#4834=CARTESIAN_POINT('Ctrl Pts',(11.2033418526475,7.,-175.));
#4835=CARTESIAN_POINT('Ctrl Pts',(6.6761988611549,4.92260949900069,-172.));
#4836=CARTESIAN_POINT('Ctrl Pts',(6.6761988611549,4.92260949900069,-172.292772000318));
#4837=CARTESIAN_POINT('Ctrl Pts',(6.80088773474617,4.97798161629771,-172.873029449748));
#4838=CARTESIAN_POINT('Ctrl Pts',(7.25449780332737,5.17876781437553,-173.568359437483));
#4839=CARTESIAN_POINT('Ctrl Pts',(8.46604146363292,5.71522511815725,-174.623478887451));
#4840=CARTESIAN_POINT('Ctrl Pts',(9.98049749687482,6.4231942432128,-175.));
#4841=CARTESIAN_POINT('Ctrl Pts',(11.2033418526475,6.99999999999999,-175.));
#4842=CARTESIAN_POINT('Ctrl Pts',(6.94197671101421,4.24041877871433,-172.));
#4843=CARTESIAN_POINT('Ctrl Pts',(6.94197671101421,4.24041877871433,-172.309260273073));
#4844=CARTESIAN_POINT('Ctrl Pts',(7.06889688535097,4.32343010414323,-172.920944562535));
#4845=CARTESIAN_POINT('Ctrl Pts',(7.51493353184731,4.61630584750327,-173.627850098586));
#4846=CARTESIAN_POINT('Ctrl Pts',(8.66502343190305,5.37322987794933,-174.656250870168));
#4847=CARTESIAN_POINT('Ctrl Pts',(10.066809143246,6.27349124256815,-175.));
#4848=CARTESIAN_POINT('Ctrl Pts',(11.2033418526475,6.99999999999999,-175.));
#4849=CARTESIAN_POINT('Ctrl Pts',(7.43507698443804,3.99999999999999,-172.));
#4850=CARTESIAN_POINT('Ctrl Pts',(7.43507698443804,3.99999999999999,-172.263653847448));
#4851=CARTESIAN_POINT('Ctrl Pts',(7.51954329727888,4.07027541956361,-172.788251692968));
#4852=CARTESIAN_POINT('Ctrl Pts',(7.85066394901179,4.34580607452129,-173.461844429448));
#4853=CARTESIAN_POINT('Ctrl Pts',(8.80166613402253,5.13132530984014,-174.562511755916));
#4854=CARTESIAN_POINT('Ctrl Pts',(10.1284603192254,6.16656052782197,-175.));
#4855=CARTESIAN_POINT('Ctrl Pts',(11.2033418526475,6.99999999999999,-175.));
#4856=CARTESIAN_POINT('Ctrl Pts',(7.7344472842159,3.99999999999999,-172.));
#4857=CARTESIAN_POINT('Ctrl Pts',(7.7344472842159,3.99999999999999,-172.224399475256));
#4858=CARTESIAN_POINT('Ctrl Pts',(7.79257450836931,4.05027009873607,-172.673698099566));
#4859=CARTESIAN_POINT('Ctrl Pts',(8.05247517292886,4.27503968405995,-173.311222226877));
#4860=CARTESIAN_POINT('Ctrl Pts',(8.88207577626526,4.99250219579451,-174.46450731546));
#4861=CARTESIAN_POINT('Ctrl Pts',(10.165451024813,6.10240209897426,-175.));
#4862=CARTESIAN_POINT('Ctrl Pts',(11.2033418526475,6.99999999999999,-175.));
#4863=CARTESIAN_POINT('',(7.73444728421591,4.,-172.));
#4864=CARTESIAN_POINT('Origin',(7.7344472842159,5.,-172.));
#4865=CARTESIAN_POINT('Origin',(11.2033418526475,7.,-172.));
#4866=CARTESIAN_POINT('Origin',(7.73444728421589,5.,-175.));
#4867=CARTESIAN_POINT('',(7.73444728421589,4.,-175.));
#4868=CARTESIAN_POINT('Origin',(6.00000000000009,4.,-175.));
#4869=CARTESIAN_POINT('',(16.0000000000001,4.,-172.));
#4870=CARTESIAN_POINT('',(34.,4.,-172.));
#4871=CARTESIAN_POINT('',(16.0000000000001,4.,-175.));
#4872=CARTESIAN_POINT('Origin',(34.,7.,-172.));
#4873=CARTESIAN_POINT('',(34.,7.,-175.));
#4874=CARTESIAN_POINT('Origin',(14.0000000000001,7.,-172.));
#4875=CARTESIAN_POINT('Ctrl Pts',(14.0000000000001,7.,-175.));
#4876=CARTESIAN_POINT('Ctrl Pts',(14.6731984257694,6.55120104948717,-175.));
#4877=CARTESIAN_POINT('Ctrl Pts',(15.7910257756773,5.8059828162152,-174.606433748974));
#4878=CARTESIAN_POINT('Ctrl Pts',(16.7946623370247,5.13689177531696,-173.344714416153));
#4879=CARTESIAN_POINT('Ctrl Pts',(17.0000000000001,5.,-172.448798950513));
#4880=CARTESIAN_POINT('Ctrl Pts',(17.0000000000001,5.,-172.));
#4881=CARTESIAN_POINT('Ctrl Pts',(14.0000000000001,7.,-175.));
#4882=CARTESIAN_POINT('Ctrl Pts',(14.6304556685776,6.50845829229547,-175.));
#4883=CARTESIAN_POINT('Ctrl Pts',(15.6779156912647,5.69316277349972,-174.666350518104));
#4884=CARTESIAN_POINT('Ctrl Pts',(16.7438898501566,4.89075738376083,-173.468510629982));
#4885=CARTESIAN_POINT('Ctrl Pts',(17.0000000000001,4.70080069965811,-172.494231094013));
#4886=CARTESIAN_POINT('Ctrl Pts',(17.0000000000001,4.70080069965812,-172.));
#4887=CARTESIAN_POINT('Ctrl Pts',(14.0000000000001,7.,-175.));
#4888=CARTESIAN_POINT('Ctrl Pts',(14.5556558434922,6.43365846720998,-175.));
#4889=CARTESIAN_POINT('Ctrl Pts',(15.4784419342546,5.4927467132724,-174.710192957837));
#4890=CARTESIAN_POINT('Ctrl Pts',(16.4796412416963,4.46139148957315,-173.572199550176));
#4891=CARTESIAN_POINT('Ctrl Pts',(16.7486966018593,4.18300910762564,-172.533263093133));
#4892=CARTESIAN_POINT('Ctrl Pts',(16.7486966018593,4.18300910762564,-172.));
#4893=CARTESIAN_POINT('Ctrl Pts',(14.0000000000001,6.99999999999999,-175.));
#4894=CARTESIAN_POINT('Ctrl Pts',(14.4808560184067,6.35885864212449,-175.));
#4895=CARTESIAN_POINT('Ctrl Pts',(15.279517211203,5.29282579818433,-174.651540480486));
#4896=CARTESIAN_POINT('Ctrl Pts',(16.0479837516015,4.24312075511698,-173.436679400068));
#4897=CARTESIAN_POINT('Ctrl Pts',(16.2243994752565,4.,-172.482421949879));
#4898=CARTESIAN_POINT('Ctrl Pts',(16.2243994752565,4.,-172.));
#4899=CARTESIAN_POINT('Ctrl Pts',(14.0000000000001,6.99999999999999,-175.));
#4900=CARTESIAN_POINT('Ctrl Pts',(14.4487989505129,6.32680157423071,-175.));
#4901=CARTESIAN_POINT('Ctrl Pts',(15.1940171837849,5.20897422432276,-174.606433748974));
#4902=CARTESIAN_POINT('Ctrl Pts',(15.8631082246831,4.2053376629754,-173.344714416153));
#4903=CARTESIAN_POINT('Ctrl Pts',(16.0000000000001,4.,-172.448798950513));
#4904=CARTESIAN_POINT('Ctrl Pts',(16.0000000000001,4.,-172.));
#4905=CARTESIAN_POINT('Origin',(16.0000000000001,5.,-172.));
#4906=CARTESIAN_POINT('Origin',(16.0000000000001,5.,-175.));
#4907=CARTESIAN_POINT('Ctrl Pts',(25.8143669744075,3.,-175.));
#4908=CARTESIAN_POINT('Ctrl Pts',(25.2063390968698,2.32680157423075,-175.));
#4909=CARTESIAN_POINT('Ctrl Pts',(24.1967283332029,1.20897720819561,-174.606426680913));
#4910=CARTESIAN_POINT('Ctrl Pts',(23.2902503885792,0.20533979639387,-173.344710955814));
#4911=CARTESIAN_POINT('Ctrl Pts',(23.1047889914692,-1.03805610059781E-15,
-172.448798950513));
#4912=CARTESIAN_POINT('Ctrl Pts',(23.1047889914692,0.,-172.));
#4913=CARTESIAN_POINT('Ctrl Pts',(25.8143669744075,3.,-175.));
#4914=CARTESIAN_POINT('Ctrl Pts',(25.1859164650749,2.35446993096338,-175.));
#4915=CARTESIAN_POINT('Ctrl Pts',(24.1437823783729,1.28256899042182,-174.642415801287));
#4916=CARTESIAN_POINT('Ctrl Pts',(23.1578288712815,0.245208907439947,-173.435638502278));
#4917=CARTESIAN_POINT('Ctrl Pts',(22.9267051116209,-1.05139481031905E-15,
-172.484959175588));
#4918=CARTESIAN_POINT('Ctrl Pts',(22.9267051116209,0.,-172.));
#4919=CARTESIAN_POINT('Ctrl Pts',(25.8143669744075,3.,-175.));
#4920=CARTESIAN_POINT('Ctrl Pts',(25.145071201485,2.40980664442863,-175.));
#4921=CARTESIAN_POINT('Ctrl Pts',(24.037998823397,1.43168880765984,-174.691803173501));
#4922=CARTESIAN_POINT('Ctrl Pts',(22.8934986507122,0.391729978962809,-173.576043206738));
#4923=CARTESIAN_POINT('Ctrl Pts',(22.5717027635375,0.0976467179937379,-172.542401955145));
#4924=CARTESIAN_POINT('Ctrl Pts',(22.5717027635375,0.0976467179937389,-172.));
#4925=CARTESIAN_POINT('Ctrl Pts',(25.8143669744075,3.,-175.));
#4926=CARTESIAN_POINT('Ctrl Pts',(25.0735919902027,2.50664589299283,-175.));
#4927=CARTESIAN_POINT('Ctrl Pts',(23.8479793898436,1.69143495401945,-174.708481391524));
#4928=CARTESIAN_POINT('Ctrl Pts',(22.5182702878839,0.821556642067945,-173.628398739749));
#4929=CARTESIAN_POINT('Ctrl Pts',(22.1207026646791,0.561403168505381,-172.564270921349));
#4930=CARTESIAN_POINT('Ctrl Pts',(22.1207026646791,0.561403168505382,-172.));
#4931=CARTESIAN_POINT('Ctrl Pts',(25.8143669744075,3.,-175.));
#4932=CARTESIAN_POINT('Ctrl Pts',(25.0225354107153,2.5758167848244,-175.));
#4933=CARTESIAN_POINT('Ctrl Pts',(23.7094314774259,1.87342177004505,-174.660248225471));
#4934=CARTESIAN_POINT('Ctrl Pts',(22.3991177676627,1.20398670463131,-173.481721636678));
#4935=CARTESIAN_POINT('Ctrl Pts',(22.0704749371518,1.03937817454606,-172.503407807155));
#4936=CARTESIAN_POINT('Ctrl Pts',(22.0704749371518,1.03937817454606,-172.));
#4937=CARTESIAN_POINT('Ctrl Pts',(25.8143669744075,3.,-175.));
#4938=CARTESIAN_POINT('Ctrl Pts',(24.9919014630228,2.61731931992334,-175.));
#4939=CARTESIAN_POINT('Ctrl Pts',(23.6262238950773,1.98189034055247,-174.606426680913));
#4940=CARTESIAN_POINT('Ctrl Pts',(22.4000517509594,1.41137111086204,-173.344710955814));
#4941=CARTESIAN_POINT('Ctrl Pts',(22.1491823279423,1.2946453879208,-172.448798950513));
#4942=CARTESIAN_POINT('Ctrl Pts',(22.1491823279423,1.2946453879208,-172.));
#4943=CARTESIAN_POINT('',(22.1491823279423,1.2946453879208,-172.));
#4944=CARTESIAN_POINT('Origin',(23.1047889914692,1.,-172.));
#4945=CARTESIAN_POINT('',(25.8143669744075,3.,-175.));
#4946=CARTESIAN_POINT('Origin',(25.8143669744075,3.00000000000001,-172.));
#4947=CARTESIAN_POINT('Origin',(25.8143669744075,3.,-172.));
#4948=CARTESIAN_POINT('Origin',(23.1047889914692,1.,-131.25));
#4949=CARTESIAN_POINT('',(22.1491823279423,1.29464538792079,-131.25));
#4950=CARTESIAN_POINT('Origin',(46.5,3.,-172.));
#4951=CARTESIAN_POINT('',(36.1856330255927,3.,-175.));
#4952=CARTESIAN_POINT('',(46.5,3.,-175.));
#4953=CARTESIAN_POINT('Origin',(36.1856330255927,3.,-172.));
#4954=CARTESIAN_POINT('Ctrl Pts',(36.1856330255927,3.,-175.));
#4955=CARTESIAN_POINT('Ctrl Pts',(37.0080985369773,2.61731931992332,-175.));
#4956=CARTESIAN_POINT('Ctrl Pts',(38.3737712927112,1.98189257960128,-174.606417361538));
#4957=CARTESIAN_POINT('Ctrl Pts',(39.5999448101832,1.41137271091014,-173.344706380142));
#4958=CARTESIAN_POINT('Ctrl Pts',(39.8508176720579,1.29464538792079,-172.448798950513));
#4959=CARTESIAN_POINT('Ctrl Pts',(39.8508176720579,1.29464538792079,-172.));
#4960=CARTESIAN_POINT('Ctrl Pts',(36.1856330255927,3.,-175.));
#4961=CARTESIAN_POINT('Ctrl Pts',(36.9876759051824,2.58965096319069,-175.));
#4962=CARTESIAN_POINT('Ctrl Pts',(38.3190413003677,1.90961634715637,-174.642400202754));
#4963=CARTESIAN_POINT('Ctrl Pts',(39.600858247256,1.27308465233868,-173.435625657575));
#4964=CARTESIAN_POINT('Ctrl Pts',(39.9032892659182,1.12446724567097,-172.484959175588));
#4965=CARTESIAN_POINT('Ctrl Pts',(39.9032892659182,1.12446724567097,-172.));
#4966=CARTESIAN_POINT('Ctrl Pts',(36.1856330255927,3.,-175.));
#4967=CARTESIAN_POINT('Ctrl Pts',(36.9468306415925,2.53431424972544,-175.));
#4968=CARTESIAN_POINT('Ctrl Pts',(38.2077011963858,1.76459965740398,-174.691773329711));
#4969=CARTESIAN_POINT('Ctrl Pts',(39.5387177926863,0.977323686961881,-173.576013786424));
#4970=CARTESIAN_POINT('Ctrl Pts',(39.9145759627256,0.756454834037989,-172.542401955145));
#4971=CARTESIAN_POINT('Ctrl Pts',(39.9145759627256,0.756454834037989,-172.));
#4972=CARTESIAN_POINT('Ctrl Pts',(36.1856330255927,3.,-175.));
#4973=CARTESIAN_POINT('Ctrl Pts',(36.8753514303101,2.43747500116124,-175.));
#4974=CARTESIAN_POINT('Ctrl Pts',(38.0154736935986,1.50648562166427,-174.708444221284));
#4975=CARTESIAN_POINT('Ctrl Pts',(39.2385316573603,0.492110066842693,-173.628360732821));
#4976=CARTESIAN_POINT('Ctrl Pts',(39.6042923190866,0.188833356414048,-172.564270921349));
#4977=CARTESIAN_POINT('Ctrl Pts',(39.6042923190866,0.188833356414048,-172.));
#4978=CARTESIAN_POINT('Ctrl Pts',(36.1856330255927,3.,-175.));
#4979=CARTESIAN_POINT('Ctrl Pts',(36.8242948508228,2.36830410932968,-175.));
#4980=CARTESIAN_POINT('Ctrl Pts',(37.8823965046183,1.32046734140834,-174.660230674234));
#4981=CARTESIAN_POINT('Ctrl Pts',(38.9081939117084,0.265564458744724,-173.481707023952));
#4982=CARTESIAN_POINT('Ctrl Pts',(39.1623368283035,3.07263627787272E-15,
-172.503407807155));
#4983=CARTESIAN_POINT('Ctrl Pts',(39.1623368283035,3.17335561857337E-15,
-172.));
#4984=CARTESIAN_POINT('Ctrl Pts',(36.1856330255927,3.,-175.));
#4985=CARTESIAN_POINT('Ctrl Pts',(36.7936609031303,2.32680157423073,-175.));
#4986=CARTESIAN_POINT('Ctrl Pts',(37.8032681092513,1.20898114705172,-174.606417361538));
#4987=CARTESIAN_POINT('Ctrl Pts',(38.7097470691608,0.205342611142363,-173.344706380142));
#4988=CARTESIAN_POINT('Ctrl Pts',(38.895211008531,3.07480179395848E-15,
-172.448798950513));
#4989=CARTESIAN_POINT('Ctrl Pts',(38.895211008531,3.19189119579733E-15,
-172.));
#4990=CARTESIAN_POINT('',(39.8508176720579,1.29464538792079,-172.));
#4991=CARTESIAN_POINT('Origin',(38.895211008531,1.,-172.));
#4992=CARTESIAN_POINT('Origin',(36.1856330255927,3.,-172.));
#4993=CARTESIAN_POINT('Origin',(38.8952110085309,1.,-131.25));
#4994=CARTESIAN_POINT('',(39.8508176720578,1.29464538792079,-131.25));
#4995=CARTESIAN_POINT('Origin',(40.2500000000001,4.44089209850063E-15,-175.));
#4996=CARTESIAN_POINT('',(33.8668199905808,20.7022054359545,-172.));
#4997=CARTESIAN_POINT('',(41.1941229627752,-3.062020419811,-172.));
#4998=CARTESIAN_POINT('',(33.8668199905808,20.7022054359545,-175.));
#4999=CARTESIAN_POINT('Origin',(38.3273029721945,-3.94595658357338,-172.));
#5000=CARTESIAN_POINT('',(31.0000000000001,19.8182692721922,-175.));
#5001=CARTESIAN_POINT('',(38.3273029721945,-3.94595658357338,-175.));
#5002=CARTESIAN_POINT('Origin',(31.0000000000001,19.8182692721922,-172.));
#5003=CARTESIAN_POINT('Ctrl Pts',(46.8654262854812,19.7779000523508,-172.));
#5004=CARTESIAN_POINT('Ctrl Pts',(46.8654262854812,19.7779000523508,-172.112199737628));
#5005=CARTESIAN_POINT('Ctrl Pts',(46.870202532377,19.7444440432299,-172.336567854652));
#5006=CARTESIAN_POINT('Ctrl Pts',(46.8986400765028,19.5452485752385,-172.779784901412));
#5007=CARTESIAN_POINT('Ctrl Pts',(46.9691974094037,19.0510181000163,-173.312468769374));
#5008=CARTESIAN_POINT('Ctrl Pts',(47.1507637683321,17.7792065934299,-174.0777206328));
#5009=CARTESIAN_POINT('Ctrl Pts',(47.4908453289729,15.3970492127689,-174.795082538335));
#5010=CARTESIAN_POINT('Ctrl Pts',(47.8302681692149,13.0195059477835,-175.));
#5011=CARTESIAN_POINT('Ctrl Pts',(48.0000000000001,11.8305913454273,-175.));
#5012=CARTESIAN_POINT('Ctrl Pts',(46.740558652101,19.9935805100075,-172.));
#5013=CARTESIAN_POINT('Ctrl Pts',(46.740558652101,19.9935805100075,-172.14684091806));
#5014=CARTESIAN_POINT('Ctrl Pts',(46.7477604370848,19.9389538782258,-172.43907666108));
#5015=CARTESIAN_POINT('Ctrl Pts',(46.7812467036864,19.663618700671,-172.946886130642));
#5016=CARTESIAN_POINT('Ctrl Pts',(46.85071658719,19.0978173014033,-173.47120536799));
#5017=CARTESIAN_POINT('Ctrl Pts',(47.0356318043675,17.7705995738658,-174.181361136929));
#5018=CARTESIAN_POINT('Ctrl Pts',(47.410528424842,15.3755194220443,-174.819148993854));
#5019=CARTESIAN_POINT('Ctrl Pts',(47.8036903482885,13.0123673905649,-175.));
#5020=CARTESIAN_POINT('Ctrl Pts',(48.0000000000001,11.8305913454273,-175.));
#5021=CARTESIAN_POINT('Ctrl Pts',(46.3219196731326,20.3259844463526,-172.));
#5022=CARTESIAN_POINT('Ctrl Pts',(46.3219196731326,20.3259844463526,-172.208949894874));
#5023=CARTESIAN_POINT('Ctrl Pts',(46.3391418016188,20.2319584399998,-172.622595598787));
#5024=CARTESIAN_POINT('Ctrl Pts',(46.4093055793743,19.8189788515006,-173.23656160967));
#5025=CARTESIAN_POINT('Ctrl Pts',(46.5197984676209,19.1347859086151,-173.730876234783));
#5026=CARTESIAN_POINT('Ctrl Pts',(46.7698618798645,17.730915763422,-174.337717813444));
#5027=CARTESIAN_POINT('Ctrl Pts',(47.2515377751596,15.3323067363588,-174.85214039019));
#5028=CARTESIAN_POINT('Ctrl Pts',(47.7505347064356,12.9980902761275,-175.));
#5029=CARTESIAN_POINT('Ctrl Pts',(48.0000000000001,11.8305913454273,-175.));
#5030=CARTESIAN_POINT('Ctrl Pts',(45.5902771581121,20.27024684204,-172.));
#5031=CARTESIAN_POINT('Ctrl Pts',(45.5902771581121,20.27024684204,-172.2284798932));
#5032=CARTESIAN_POINT('Ctrl Pts',(45.6204363330993,20.1658742338526,-172.680271022403));
#5033=CARTESIAN_POINT('Ctrl Pts',(45.7505138041195,19.7211057360231,-173.326005509673));
#5034=CARTESIAN_POINT('Ctrl Pts',(45.957036370724,19.0216240375545,-173.808457071476));
#5035=CARTESIAN_POINT('Ctrl Pts',(46.3617135337012,17.6305928297463,-174.382221669175));
#5036=CARTESIAN_POINT('Ctrl Pts',(47.0324912662671,15.2735920939319,-174.860978827344));
#5037=CARTESIAN_POINT('Ctrl Pts',(47.6774456988879,12.9784592437762,-175.));
#5038=CARTESIAN_POINT('Ctrl Pts',(48.0000000000001,11.8305913454273,-175.));
#5039=CARTESIAN_POINT('Ctrl Pts',(45.107600367972,19.83679868104,-172.));
#5040=CARTESIAN_POINT('Ctrl Pts',(45.107600367972,19.83679868104,-172.18612435502));
#5041=CARTESIAN_POINT('Ctrl Pts',(45.1361768691041,19.761492806333,-172.555177755451));
#5042=CARTESIAN_POINT('Ctrl Pts',(45.2707846973818,19.4206373790702,-173.130846624045));
#5043=CARTESIAN_POINT('Ctrl Pts',(45.5128202680999,18.8193920377623,-173.637269739616));
#5044=CARTESIAN_POINT('Ctrl Pts',(46.0114093212486,17.5163056651154,-174.282344290379));
#5045=CARTESIAN_POINT('Ctrl Pts',(46.8333301818842,15.220305145565,-174.840716490525));
#5046=CARTESIAN_POINT('Ctrl Pts',(47.6110011465718,12.9606128507295,-175.));
#5047=CARTESIAN_POINT('Ctrl Pts',(48.0000000000001,11.8305913454273,-175.));
#5048=CARTESIAN_POINT('Ctrl Pts',(45.0000000000001,19.4637778448048,-172.));
#5049=CARTESIAN_POINT('Ctrl Pts',(45.0000000000001,19.4637778448048,-172.138287461445));
#5050=CARTESIAN_POINT('Ctrl Pts',(45.0190255342185,19.4177229842239,-172.413751914717));
#5051=CARTESIAN_POINT('Ctrl Pts',(45.1194340201935,19.179431660502,-172.9054768872));
#5052=CARTESIAN_POINT('Ctrl Pts',(45.3334308229307,18.670150654034,-173.43168525571));
#5053=CARTESIAN_POINT('Ctrl Pts',(45.8320713326939,17.4413430218622,-174.155454853031));
#5054=CARTESIAN_POINT('Ctrl Pts',(46.7136956426214,15.188113380649,-174.813116820756));
#5055=CARTESIAN_POINT('Ctrl Pts',(47.5711344151821,12.9499050149015,-175.));
#5056=CARTESIAN_POINT('Ctrl Pts',(48.0000000000001,11.8305913454273,-175.));
#5057=CARTESIAN_POINT('Ctrl Pts',(45.0000000000001,19.2768637818091,-172.));
#5058=CARTESIAN_POINT('Ctrl Pts',(45.0000000000001,19.2768637818091,-172.112199737628));
#5059=CARTESIAN_POINT('Ctrl Pts',(45.0126291844277,19.2455169991768,-172.336567854652));
#5060=CARTESIAN_POINT('Ctrl Pts',(45.087822740638,19.0588797641761,-172.779784901412));
#5061=CARTESIAN_POINT('Ctrl Pts',(45.2743879642054,18.5958079368968,-173.312468769374));
#5062=CARTESIAN_POINT('Ctrl Pts',(45.7544793587218,17.4041774975863,-174.0777206328));
#5063=CARTESIAN_POINT('Ctrl Pts',(46.6537110867855,15.172202687386,-174.795082538335));
#5064=CARTESIAN_POINT('Ctrl Pts',(47.5512010494872,12.9445510969875,-175.));
#5065=CARTESIAN_POINT('Ctrl Pts',(48.0000000000001,11.8305913454273,-175.));
#5066=CARTESIAN_POINT('',(48.0000000000001,11.8305913454272,-175.));
#5067=CARTESIAN_POINT('Origin',(48.0000000000001,11.8305913454272,-172.));
#5068=CARTESIAN_POINT('Origin',(48.0000000000001,11.8305913454272,-172.));
#5069=CARTESIAN_POINT('Origin',(48.0000000000001,11.5,-172.));
#5070=CARTESIAN_POINT('',(48.0000000000001,7.,-175.));
#5071=CARTESIAN_POINT('',(48.0000000000001,11.5,-175.));
#5072=CARTESIAN_POINT('Origin',(48.0000000000001,7.,-172.));
#5073=CARTESIAN_POINT('Ctrl Pts',(45.0000000000001,5.,-172.));
#5074=CARTESIAN_POINT('Ctrl Pts',(45.0000000000001,5.,-172.448798950513));
#5075=CARTESIAN_POINT('Ctrl Pts',(45.1558672953048,5.10391153020311,-173.118366673687));
#5076=CARTESIAN_POINT('Ctrl Pts',(45.9936929314715,5.66246195431428,-174.463204482466));
#5077=CARTESIAN_POINT('Ctrl Pts',(47.1024020989744,6.40160139931623,-175.));
#5078=CARTESIAN_POINT('Ctrl Pts',(48.0000000000001,7.,-175.));
#5079=CARTESIAN_POINT('Ctrl Pts',(45.0000000000001,4.70080069965812,-172.));
#5080=CARTESIAN_POINT('Ctrl Pts',(45.0000000000001,4.70080069965812,-172.494231094013));
#5081=CARTESIAN_POINT('Ctrl Pts',(45.1898556700479,4.8423560158783,-173.22397160358));
#5082=CARTESIAN_POINT('Ctrl Pts',(46.1077456498394,5.52982493832196,-174.550760617166));
#5083=CARTESIAN_POINT('Ctrl Pts',(47.1593924418967,6.34461105639396,-175.));
#5084=CARTESIAN_POINT('Ctrl Pts',(48.0000000000001,7.,-175.));
#5085=CARTESIAN_POINT('Ctrl Pts',(45.2513105126301,4.18301764400944,-172.));
#5086=CARTESIAN_POINT('Ctrl Pts',(45.2513105126301,4.18301764400944,-172.533263093133));
#5087=CARTESIAN_POINT('Ctrl Pts',(45.4491084559344,4.38741109416344,-173.313615932571));
#5088=CARTESIAN_POINT('Ctrl Pts',(46.3277482839214,5.29386782309964,-174.617831232947));
#5089=CARTESIAN_POINT('Ctrl Pts',(47.2591255420107,6.24487795627999,-175.));
#5090=CARTESIAN_POINT('Ctrl Pts',(48.0000000000001,7.,-175.));
#5091=CARTESIAN_POINT('Ctrl Pts',(45.7756005247437,4.,-172.));
#5092=CARTESIAN_POINT('Ctrl Pts',(45.7756005247437,4.,-172.482421949879));
#5093=CARTESIAN_POINT('Ctrl Pts',(45.907604935951,4.1812102466823,-173.19672176968));
#5094=CARTESIAN_POINT('Ctrl Pts',(46.5618436900921,5.07797137719648,-174.528828100839));
#5095=CARTESIAN_POINT('Ctrl Pts',(47.3588586421246,6.14514485616602,-175.));
#5096=CARTESIAN_POINT('Ctrl Pts',(48.0000000000001,7.,-175.));
#5097=CARTESIAN_POINT('Ctrl Pts',(46.0000000000001,4.,-172.));
#5098=CARTESIAN_POINT('Ctrl Pts',(46.0000000000001,4.,-172.448798950513));
#5099=CARTESIAN_POINT('Ctrl Pts',(46.1039115302032,4.15586729530465,-173.118366673687));
#5100=CARTESIAN_POINT('Ctrl Pts',(46.6624619543144,4.99369293147141,-174.463204482466));
#5101=CARTESIAN_POINT('Ctrl Pts',(47.4016013993163,6.10240209897432,-175.));
#5102=CARTESIAN_POINT('Ctrl Pts',(48.0000000000001,7.,-175.));
#5103=CARTESIAN_POINT('Origin',(48.0000000000001,7.,-172.));
#5104=CARTESIAN_POINT('Ctrl Pts',(50.7966581473527,7.00000000000001,-175.));
#5105=CARTESIAN_POINT('Ctrl Pts',(51.7692774725637,6.66363332568117,-175.));
#5106=CARTESIAN_POINT('Ctrl Pts',(53.384721392637,6.10495483260701,-174.606599890357));
#5107=CARTESIAN_POINT('Ctrl Pts',(54.627229946788,5.67525077538825,-173.525193787758));
#5108=CARTESIAN_POINT('Ctrl Pts',(55.057624770006,5.5264047967229,-172.673083885471));
#5109=CARTESIAN_POINT('Ctrl Pts',(55.1309790012654,5.5010362705417,-172.224399475256));
#5110=CARTESIAN_POINT('Ctrl Pts',(55.1309790012654,5.5010362705417,-172.));
#5111=CARTESIAN_POINT('Ctrl Pts',(50.7966581473527,7.00000000000001,-175.));
#5112=CARTESIAN_POINT('Ctrl Pts',(51.7507821197698,6.63155411125732,-175.));
#5113=CARTESIAN_POINT('Ctrl Pts',(53.3348470432819,6.0211285945122,-174.64886096689));
#5114=CARTESIAN_POINT('Ctrl Pts',(54.6359064482331,5.54320682068543,-173.631251178417));
#5115=CARTESIAN_POINT('Ctrl Pts',(55.1377737812107,5.36223599683492,-172.749575697945));
#5116=CARTESIAN_POINT('Ctrl Pts',(55.2309759202732,5.32831431952829,-172.250338557553));
#5117=CARTESIAN_POINT('Ctrl Pts',(55.2309759202732,5.32831431952829,-172.));
#5118=CARTESIAN_POINT('Ctrl Pts',(50.7966581473527,7.00000000000001,-175.));
#5119=CARTESIAN_POINT('Ctrl Pts',(51.7137914141822,6.56739568240962,-175.));
#5120=CARTESIAN_POINT('Ctrl Pts',(53.2332782379466,5.85255621007873,-174.707138270703));
#5121=CARTESIAN_POINT('Ctrl Pts',(54.5935994056504,5.24522362860811,-173.796309864367));
#5122=CARTESIAN_POINT('Ctrl Pts',(55.1993049290054,4.97820647312726,-172.874505573681));
#5123=CARTESIAN_POINT('Ctrl Pts',(55.3237955524572,4.92261633751021,-172.292772000318));
#5124=CARTESIAN_POINT('Ctrl Pts',(55.3237955524572,4.92261633751021,-172.));
#5125=CARTESIAN_POINT('Ctrl Pts',(50.7966581473527,7.00000000000001,-175.));
#5126=CARTESIAN_POINT('Ctrl Pts',(51.6490576794038,6.45511843192614,-175.));
#5127=CARTESIAN_POINT('Ctrl Pts',(53.0585642687146,5.55287506427846,-174.726901156988));
#5128=CARTESIAN_POINT('Ctrl Pts',(54.3359188852519,4.71476294616997,-173.858144044286));
#5129=CARTESIAN_POINT('Ctrl Pts',(54.9311906451049,4.32317747442871,-172.923002178168));
#5130=CARTESIAN_POINT('Ctrl Pts',(55.0580148784105,4.24043273040068,-172.309260273073));
#5131=CARTESIAN_POINT('Ctrl Pts',(55.0580148784105,4.24043273040068,-172.));
#5132=CARTESIAN_POINT('Ctrl Pts',(50.7966581473527,7.,-175.));
#5133=CARTESIAN_POINT('Ctrl Pts',(51.6028192974193,6.37492039586651,-175.));
#5134=CARTESIAN_POINT('Ctrl Pts',(52.9388138355835,5.33804490304477,-174.669777089492));
#5135=CARTESIAN_POINT('Ctrl Pts',(54.0397702363706,4.43797233613877,-173.685119857879));
#5136=CARTESIAN_POINT('Ctrl Pts',(54.4801061848135,4.07017639243335,-172.788762484422));
#5137=CARTESIAN_POINT('Ctrl Pts',(54.5649230155622,4.00000000000001,-172.263653847448));
#5138=CARTESIAN_POINT('Ctrl Pts',(54.5649230155622,4.00000000000001,-172.));
#5139=CARTESIAN_POINT('Ctrl Pts',(50.7966581473527,7.,-175.));
#5140=CARTESIAN_POINT('Ctrl Pts',(51.5750762682286,6.32680157423074,-175.));
#5141=CARTESIAN_POINT('Ctrl Pts',(52.8679673182507,5.20867213168035,-174.606599890357));
#5142=CARTESIAN_POINT('Ctrl Pts',(53.8623863564337,4.34866988724837,-173.525193787758));
#5143=CARTESIAN_POINT('Ctrl Pts',(54.2068449959445,4.05077212813621,-172.673083885471));
#5144=CARTESIAN_POINT('Ctrl Pts',(54.2655527157843,4.00000000000001,-172.224399475256));
#5145=CARTESIAN_POINT('Ctrl Pts',(54.2655527157843,4.00000000000001,-172.));
#5146=CARTESIAN_POINT('',(55.1309790012654,5.50103627054171,-172.));
#5147=CARTESIAN_POINT('',(54.2655527157843,4.,-172.));
#5148=CARTESIAN_POINT('Origin',(54.2655527157843,5.,-172.));
#5149=CARTESIAN_POINT('',(50.7966581473527,7.,-175.));
#5150=CARTESIAN_POINT('Origin',(50.7966581473527,7.,-172.));
#5151=CARTESIAN_POINT('Origin',(50.7966581473527,7.,-172.));
#5152=CARTESIAN_POINT('Origin',(54.2655527157843,5.,-175.));
#5153=CARTESIAN_POINT('',(54.2655527157843,4.,-175.));
#5154=CARTESIAN_POINT('',(55.1309790012654,5.5010362705417,-175.));
#5155=CARTESIAN_POINT('Origin',(56.0000000000001,3.99999999999999,-175.));
#5156=CARTESIAN_POINT('',(57.6203319502075,1.20124481327803,-172.));
#5157=CARTESIAN_POINT('Origin',(55.0240530937642,-0.301863998347081,-172.));
#5158=CARTESIAN_POINT('',(55.0240530937642,-0.301863998347081,-175.));
#5159=CARTESIAN_POINT('Origin',(53.5,7.,-172.));
#5160=CARTESIAN_POINT('',(53.5,7.,-175.));
#5161=CARTESIAN_POINT('',(53.5,4.,-172.));
#5162=CARTESIAN_POINT('Origin',(62.,0.,-175.));
#5163=CARTESIAN_POINT('Origin',(45.0000000000001,4.,-175.));
#5164=CARTESIAN_POINT('Origin',(62.,0.,-175.));
#5165=CARTESIAN_POINT('Origin',(31.0000000000001,19.8182692721921,-172.));
#5166=CARTESIAN_POINT('',(28.1331800094194,20.7022054359545,-172.));
#5167=CARTESIAN_POINT('Origin',(31.0000000000001,19.8182692721921,-172.));
#5168=CARTESIAN_POINT('Origin',(31.0000000000001,19.8182692721921,-172.));
#5169=CARTESIAN_POINT('Origin',(30.9889900711185,19.7825613947385,-172.));
#5170=CARTESIAN_POINT('',(28.1221700805378,20.6664975585008,-172.));
#5171=CARTESIAN_POINT('',(30.9889900711185,19.7825613947385,-175.));
#5172=CARTESIAN_POINT('Origin',(31.0000000000001,19.8182692721921,-175.));
#5173=CARTESIAN_POINT('',(28.1331800094194,20.7022054359545,-175.));
#5174=CARTESIAN_POINT('Origin',(62.,0.,-175.));
#5175=CARTESIAN_POINT('Origin',(31.0000000000001,30.,-175.));
#5176=CARTESIAN_POINT('Origin',(31.,19.8182692721921,-3.));
#5177=CARTESIAN_POINT('',(33.8668199905807,20.7022054359545,-3.));
#5178=CARTESIAN_POINT('',(28.1331800094193,20.7022054359545,-3.));
#5179=CARTESIAN_POINT('Origin',(31.,19.8182692721921,-3.));
#5180=CARTESIAN_POINT('',(31.,19.8182692721921,-3.87314462647861E-15));
#5181=CARTESIAN_POINT('Origin',(31.,19.8182692721921,-3.));
#5182=CARTESIAN_POINT('Origin',(31.,19.8182692721921,-3.));
#5183=CARTESIAN_POINT('Origin',(31.,19.8182692721921,-4.08073582699268E-15));
#5184=CARTESIAN_POINT('',(28.1331800094193,20.7022054359545,-3.72965163447305E-15));
#5185=CARTESIAN_POINT('',(33.8668199905807,20.7022054359545,-4.58000007185517E-15));
#5186=CARTESIAN_POINT('Origin',(40.25,4.44089209850063E-15,-4.9292033665681E-15));
#5187=CARTESIAN_POINT('',(39.8508176720577,1.2946453879208,-3.00000000000001));
#5188=CARTESIAN_POINT('',(38.5028299194622,5.66649755850086,-3.00000000000001));
#5189=CARTESIAN_POINT('',(39.8508176720577,1.29464538792079,-43.75));
#5190=CARTESIAN_POINT('Origin',(35.6360099288815,4.78256139473848,-3.));
#5191=CARTESIAN_POINT('',(36.1856330255926,3.,-9.43689570931383E-15));
#5192=CARTESIAN_POINT('',(35.6360099288815,4.78256139473848,-4.44089209850063E-15));
#5193=CARTESIAN_POINT('Origin',(36.1856330255926,3.,-3.00000000000001));
#5194=CARTESIAN_POINT('Ctrl Pts',(39.8508176720577,1.2946453879208,-3.00000000000001));
#5195=CARTESIAN_POINT('Ctrl Pts',(39.8508176720577,1.2946453879208,-2.77560052474359));
#5196=CARTESIAN_POINT('Ctrl Pts',(39.7574243985047,1.33809985615462,-2.10499345190057));
#5197=CARTESIAN_POINT('Ctrl Pts',(38.9093697553058,1.73268676965955,-0.643985533684879));
#5198=CARTESIAN_POINT('Ctrl Pts',(37.2822537074388,2.48975909323109,-4.55318974257566E-15));
#5199=CARTESIAN_POINT('Ctrl Pts',(36.1856330255926,3.,-4.44089209850063E-15));
#5200=CARTESIAN_POINT('Ctrl Pts',(39.9032892659181,1.12446724567097,-3.00000000000001));
#5201=CARTESIAN_POINT('Ctrl Pts',(39.9032892659181,1.12446724567097,-2.75752041220611));
#5202=CARTESIAN_POINT('Ctrl Pts',(39.7912363596102,1.18051314330456,-2.02952666452792));
#5203=CARTESIAN_POINT('Ctrl Pts',(38.8482448119222,1.64272418284253,-0.572016622746857));
#5204=CARTESIAN_POINT('Ctrl Pts',(37.2550235317122,2.45286795092093,-4.55318974257565E-15));
#5205=CARTESIAN_POINT('Ctrl Pts',(36.1856330255926,3.,-4.44089209850063E-15));
#5206=CARTESIAN_POINT('Ctrl Pts',(39.9146499941989,0.756378395001251,-3.00000000000001));
#5207=CARTESIAN_POINT('Ctrl Pts',(39.9146499941989,0.756378395001251,-2.72879902242772));
#5208=CARTESIAN_POINT('Ctrl Pts',(39.7744256013341,0.840127054386294,-1.90983176454417));
#5209=CARTESIAN_POINT('Ctrl Pts',(38.715081049447,1.45941273919457,-0.467815061550183));
#5210=CARTESIAN_POINT('Ctrl Pts',(37.200563180259,2.37908566630059,-4.55318974257566E-15));
#5211=CARTESIAN_POINT('Ctrl Pts',(36.1856330255926,3.,-4.44089209850063E-15));
#5212=CARTESIAN_POINT('Ctrl Pts',(39.6043657273353,0.188694350348186,-3.00000000000001));
#5213=CARTESIAN_POINT('Ctrl Pts',(39.6043657273353,0.188694350348187,-2.71786453932547));
#5214=CARTESIAN_POINT('Ctrl Pts',(39.4662228385679,0.302299790524899,-1.86425144320163));
#5215=CARTESIAN_POINT('Ctrl Pts',(38.4719417596805,1.13066494629858,-0.430853445354462));
#5216=CARTESIAN_POINT('Ctrl Pts',(37.1052575652159,2.24996666821501,-4.55318974257565E-15));
#5217=CARTESIAN_POINT('Ctrl Pts',(36.1856330255926,3.,-4.44089209850063E-15));
#5218=CARTESIAN_POINT('Ctrl Pts',(39.1623368283034,-7.20718187145154E-15,
-3.));
#5219=CARTESIAN_POINT('Ctrl Pts',(39.1623368283034,-7.19607072530715E-15,
-2.74829609642246));
#5220=CARTESIAN_POINT('Ctrl Pts',(39.0669591572299,0.0976039662999429,-1.99117702302556));
#5221=CARTESIAN_POINT('Ctrl Pts',(38.3008328182925,0.899121680546046,-0.536122852917464));
#5222=CARTESIAN_POINT('Ctrl Pts',(37.0371821258994,2.15773881243959,-4.55318974257566E-15));
#5223=CARTESIAN_POINT('Ctrl Pts',(36.1856330255926,3.,-4.44089209850063E-15));
#5224=CARTESIAN_POINT('Ctrl Pts',(38.8952110085308,-7.21644966006352E-15,
-3.));
#5225=CARTESIAN_POINT('Ctrl Pts',(38.8952110085308,-7.18350299708288E-15,
-2.77560052474359));
#5226=CARTESIAN_POINT('Ctrl Pts',(38.8261677318113,0.0764435758862554,-2.10499345190057));
#5227=CARTESIAN_POINT('Ctrl Pts',(38.1992224586022,0.770587029763887,-0.643985533684876));
#5228=CARTESIAN_POINT('Ctrl Pts',(36.9963368623095,2.10240209897434,-4.55318974257566E-15));
#5229=CARTESIAN_POINT('Ctrl Pts',(36.1856330255926,3.,-4.44089209850063E-15));
#5230=CARTESIAN_POINT('Origin',(36.1856330255926,3.,-3.00000000000001));
#5231=CARTESIAN_POINT('Origin',(38.8952110085308,1.,-3.00000000000001));
#5232=CARTESIAN_POINT('Ctrl Pts',(23.1047889914691,0.,-3.00000000000001));
#5233=CARTESIAN_POINT('Ctrl Pts',(23.1047889914691,1.86850098107606E-16,
-2.77560052474359));
#5234=CARTESIAN_POINT('Ctrl Pts',(23.1738252099719,0.0764357611452871,-2.10497213259506));
#5235=CARTESIAN_POINT('Ctrl Pts',(23.80060787639,0.770399179468872,-0.643548763765372));
#5236=CARTESIAN_POINT('Ctrl Pts',(25.0036631376905,2.10240209897435,-7.81105646458506E-15));
#5237=CARTESIAN_POINT('Ctrl Pts',(25.8143669744074,3.,-7.91033905045424E-15));
#5238=CARTESIAN_POINT('Ctrl Pts',(22.9267051116208,0.,-3.00000000000001));
#5239=CARTESIAN_POINT('Ctrl Pts',(22.9267051116208,1.6278882800217E-16,
-2.75752041220611));
#5240=CARTESIAN_POINT('Ctrl Pts',(23.0132569560587,0.0905457304629491,-2.02953930261302));
#5241=CARTESIAN_POINT('Ctrl Pts',(23.7325972726691,0.855362004609245,-0.571927358950252));
#5242=CARTESIAN_POINT('Ctrl Pts',(24.9764329619639,2.13929324128451,-7.83153516238379E-15));
#5243=CARTESIAN_POINT('Ctrl Pts',(25.8143669744074,3.,-7.91033905045424E-15));
#5244=CARTESIAN_POINT('Ctrl Pts',(22.571566216301,0.0975747787434567,-3.00000000000001));
#5245=CARTESIAN_POINT('Ctrl Pts',(22.571566216301,0.0975747787434568,-2.72879902242772));
#5246=CARTESIAN_POINT('Ctrl Pts',(22.6928690520381,0.206868532670926,-1.90988441759376));
#5247=CARTESIAN_POINT('Ctrl Pts',(23.5965174840827,1.03660542392774,-0.468259001751959));
#5248=CARTESIAN_POINT('Ctrl Pts',(24.9219726105107,2.21307552590484,-7.87249255798126E-15));
#5249=CARTESIAN_POINT('Ctrl Pts',(25.8143669744074,3.,-7.91033905045424E-15));
#5250=CARTESIAN_POINT('Ctrl Pts',(22.120471100154,0.561361423394053,-3.00000000000001));
#5251=CARTESIAN_POINT('Ctrl Pts',(22.120471100154,0.561361423394053,-2.71786453932547));
#5252=CARTESIAN_POINT('Ctrl Pts',(22.2697066177004,0.659858200136161,-1.86429199333976));
#5253=CARTESIAN_POINT('Ctrl Pts',(23.3540738111328,1.36570957546793,-0.431478642514056));
#5254=CARTESIAN_POINT('Ctrl Pts',(24.8266669954676,2.34219452399043,-7.94416800027684E-15));
#5255=CARTESIAN_POINT('Ctrl Pts',(25.8143669744074,3.,-7.91033905045424E-15));
#5256=CARTESIAN_POINT('Ctrl Pts',(22.0704749371517,1.03937817454606,-3.00000000000001));
#5257=CARTESIAN_POINT('Ctrl Pts',(22.0704749371517,1.03937817454606,-2.74829609642246));
#5258=CARTESIAN_POINT('Ctrl Pts',(22.1917812265579,1.1017399383288,-1.99125727193375));
#5259=CARTESIAN_POINT('Ctrl Pts',(23.1831666122509,1.59751413591345,-0.536250369720789));
#5260=CARTESIAN_POINT('Ctrl Pts',(24.7585915561511,2.43442237976584,-7.99536474477367E-15));
#5261=CARTESIAN_POINT('Ctrl Pts',(25.8143669744074,3.,-7.91033905045424E-15));
#5262=CARTESIAN_POINT('Ctrl Pts',(22.1491823279422,1.2946453879208,-3.00000000000001));
#5263=CARTESIAN_POINT('Ctrl Pts',(22.1491823279422,1.2946453879208,-2.77560052474359));
#5264=CARTESIAN_POINT('Ctrl Pts',(22.2425660540058,1.33809541385309,-2.10497213259506));
#5265=CARTESIAN_POINT('Ctrl Pts',(23.0904007426885,1.73257998587055,-0.643548763765375));
#5266=CARTESIAN_POINT('Ctrl Pts',(24.7177462925612,2.48975909323109,-8.02608279147177E-15));
#5267=CARTESIAN_POINT('Ctrl Pts',(25.8143669744074,3.,-7.91033905045424E-15));
#5268=CARTESIAN_POINT('',(25.8143669744074,3.,-3.33066907387547E-15));
#5269=CARTESIAN_POINT('Origin',(25.8143669744074,3.,-3.));
#5270=CARTESIAN_POINT('',(22.1491823279422,1.2946453879208,-3.00000000000001));
#5271=CARTESIAN_POINT('Origin',(25.8143669744074,3.,-3.));
#5272=CARTESIAN_POINT('Origin',(23.1047889914691,1.,-3.00000000000001));
#5273=CARTESIAN_POINT('Origin',(28.2976970278056,11.0540434164266,-3.));
#5274=CARTESIAN_POINT('',(25.4308770372249,11.937979580189,-3.));
#5275=CARTESIAN_POINT('',(28.2976970278056,11.0540434164266,-3.33066907387547E-15));
#5276=CARTESIAN_POINT('Origin',(15.5,3.,-3.00000000000001));
#5277=CARTESIAN_POINT('',(15.5,3.,-1.66533453693773E-15));
#5278=CARTESIAN_POINT('Origin',(38.8952110085309,1.,-43.75));
#5279=CARTESIAN_POINT('Origin',(23.1047889914691,1.,-43.75));
#5280=CARTESIAN_POINT('',(22.1491823279422,1.29464538792079,-43.75));
#5281=CARTESIAN_POINT('Origin',(0.,0.,0.));
#5282=CARTESIAN_POINT('Ctrl Pts',(48.,7.,-6.10622663543836E-15));
#5283=CARTESIAN_POINT('Ctrl Pts',(47.3268015742307,6.55120104948717,-6.29307673354597E-15));
#5284=CARTESIAN_POINT('Ctrl Pts',(46.2088233436306,5.8058822290871,-0.393197237568323));
#5285=CARTESIAN_POINT('Ctrl Pts',(45.2052282095524,5.13681880636825,-1.65511905550832));
#5286=CARTESIAN_POINT('Ctrl Pts',(45.,5.,-2.55120104948718));
#5287=CARTESIAN_POINT('Ctrl Pts',(45.,5.,-3.00000000000001));
#5288=CARTESIAN_POINT('Ctrl Pts',(48.,7.,-6.10622663543836E-15));
#5289=CARTESIAN_POINT('Ctrl Pts',(47.3695443314224,6.50845829229548,-6.29307673354597E-15));
#5290=CARTESIAN_POINT('Ctrl Pts',(46.3213853315784,5.69273629104916,-0.333453622688717));
#5291=CARTESIAN_POINT('Ctrl Pts',(45.2555892617055,4.89043114041632,-1.53138226375953));
#5292=CARTESIAN_POINT('Ctrl Pts',(45.,4.70080069965812,-2.5057689059872));
#5293=CARTESIAN_POINT('Ctrl Pts',(45.,4.70080069965812,-3.00000000000001));
#5294=CARTESIAN_POINT('Ctrl Pts',(48.,7.,-6.10622663543836E-15));
#5295=CARTESIAN_POINT('Ctrl Pts',(47.4443441565079,6.43365846721,-6.29307673354597E-15));
#5296=CARTESIAN_POINT('Ctrl Pts',(46.5211245947506,5.49224737241496,-0.289392760434764));
#5297=CARTESIAN_POINT('Ctrl Pts',(45.5198864569557,4.46086541707677,-1.42714391710096));
#5298=CARTESIAN_POINT('Ctrl Pts',(45.2511951866156,4.1828792690563,-2.46673690686701));
#5299=CARTESIAN_POINT('Ctrl Pts',(45.2511951866156,4.1828792690563,-3.00000000000001));
#5300=CARTESIAN_POINT('Ctrl Pts',(48.,7.,-6.10622663543836E-15));
#5301=CARTESIAN_POINT('Ctrl Pts',(47.5191439815934,6.35885864212453,-6.29307673354597E-15));
#5302=CARTESIAN_POINT('Ctrl Pts',(46.7203258003868,5.29247138971432,-0.348156687137455));
#5303=CARTESIAN_POINT('Ctrl Pts',(45.9518561801005,4.24281554416876,-1.56305540301));
#5304=CARTESIAN_POINT('Ctrl Pts',(45.7756005247436,4.,-2.51757805012137));
#5305=CARTESIAN_POINT('Ctrl Pts',(45.7756005247436,4.,-3.00000000000001));
#5306=CARTESIAN_POINT('Ctrl Pts',(48.,7.,-6.10622663543836E-15));
#5307=CARTESIAN_POINT('Ctrl Pts',(47.5512010494872,6.32680157423076,-6.29307673354597E-15));
#5308=CARTESIAN_POINT('Ctrl Pts',(46.8058822290871,5.20882334363065,-0.393197237568322));
#5309=CARTESIAN_POINT('Ctrl Pts',(46.1368188063682,4.20522820955237,-1.65511905550832));
#5310=CARTESIAN_POINT('Ctrl Pts',(46.,4.,-2.55120104948718));
#5311=CARTESIAN_POINT('Ctrl Pts',(46.,4.,-3.00000000000001));
#5312=CARTESIAN_POINT('',(45.,5.,-3.00000000000001));
#5313=CARTESIAN_POINT('Origin',(46.,5.,-3.00000000000001));
#5314=CARTESIAN_POINT('',(48.,7.,-5.55111512312578E-15));
#5315=CARTESIAN_POINT('Origin',(48.,7.,-3.00000000000001));
#5316=CARTESIAN_POINT('Origin',(48.,7.,-3.00000000000001));
#5317=CARTESIAN_POINT('Ctrl Pts',(50.7966581473526,7.,-6.24500451351651E-15));
#5318=CARTESIAN_POINT('Ctrl Pts',(51.5750762682285,6.32680157423076,-7.15001699799569E-15));
#5319=CARTESIAN_POINT('Ctrl Pts',(52.8680925712673,5.20856380926164,-0.393041863190564));
#5320=CARTESIAN_POINT('Ctrl Pts',(53.8624278524708,4.34863400027948,-1.47472080413585));
#5321=CARTESIAN_POINT('Ctrl Pts',(54.2068809424641,4.05074104054999,-2.32682613645689));
#5322=CARTESIAN_POINT('Ctrl Pts',(54.2655527157842,4.,-2.7756005247436));
#5323=CARTESIAN_POINT('Ctrl Pts',(54.2655527157842,4.,-3.00000000000001));
#5324=CARTESIAN_POINT('Ctrl Pts',(50.7966581473526,7.,-6.24500451351651E-15));
#5325=CARTESIAN_POINT('Ctrl Pts',(51.5935716210223,6.35888078865461,-7.15001699799569E-15));
#5326=CARTESIAN_POINT('Ctrl Pts',(52.9157689168313,5.29364344326564,-0.350959403481774));
#5327=CARTESIAN_POINT('Ctrl Pts',(53.9810902087716,4.40725400074205,-1.3687420730638));
#5328=CARTESIAN_POINT('Ctrl Pts',(54.3891570302827,4.06360301199205,-2.25039721525617));
#5329=CARTESIAN_POINT('Ctrl Pts',(54.4651329156361,4.,-2.7496614424473));
#5330=CARTESIAN_POINT('Ctrl Pts',(54.4651329156361,4.,-3.00000000000001));
#5331=CARTESIAN_POINT('Ctrl Pts',(50.7966581473526,7.,-6.24500451351651E-15));
#5332=CARTESIAN_POINT('Ctrl Pts',(51.6305623266099,6.42303921750231,-7.15001699799568E-15));
#5333=CARTESIAN_POINT('Ctrl Pts',(53.0110996995745,5.4659757941698,-0.292865974978303));
#5334=CARTESIAN_POINT('Ctrl Pts',(54.2179459268419,4.59315977266983,-1.20377853336573));
#5335=CARTESIAN_POINT('Ctrl Pts',(54.7525165002521,4.2027345690897,-2.12552795569693));
#5336=CARTESIAN_POINT('Ctrl Pts',(54.8628333430504,4.12292461977595,-2.70722799968154));
#5337=CARTESIAN_POINT('Ctrl Pts',(54.8628333430504,4.12292461977595,-3.00000000000001));
#5338=CARTESIAN_POINT('Ctrl Pts',(50.7966581473526,7.,-6.24500451351651E-15));
#5339=CARTESIAN_POINT('Ctrl Pts',(51.6952960613883,6.53531646798577,-7.15001699799569E-15));
#5340=CARTESIAN_POINT('Ctrl Pts',(53.1829055171338,5.7671915751509,-0.273124322558921));
#5341=CARTESIAN_POINT('Ctrl Pts',(54.5479403972829,5.08189236752255,-1.14194998846806));
#5342=CARTESIAN_POINT('Ctrl Pts',(55.1851281817875,4.76293006583374,-2.0770183206696));
#5343=CARTESIAN_POINT('Ctrl Pts',(55.3201369577651,4.69475094394619,-2.69073972692662));
#5344=CARTESIAN_POINT('Ctrl Pts',(55.3201369577651,4.69475094394619,-3.00000000000001));
#5345=CARTESIAN_POINT('Ctrl Pts',(50.7966581473526,7.,-6.24500451351651E-15));
#5346=CARTESIAN_POINT('Ctrl Pts',(51.7415344433728,6.61551450404539,-7.15001699799568E-15));
#5347=CARTESIAN_POINT('Ctrl Pts',(53.3091179234594,5.97877136081785,-0.330254863069031));
#5348=CARTESIAN_POINT('Ctrl Pts',(54.6391673997983,5.47698076441656,-1.31503923456591));
#5349=CARTESIAN_POINT('Ctrl Pts',(55.178019521047,5.28016865121306,-2.21137668378843));
#5350=CARTESIAN_POINT('Ctrl Pts',(55.280974379777,5.24195334402159,-2.73634615255239));
#5351=CARTESIAN_POINT('Ctrl Pts',(55.280974379777,5.24195334402159,-3.00000000000001));
#5352=CARTESIAN_POINT('Ctrl Pts',(50.7966581473526,7.,-6.24500451351651E-15));
#5353=CARTESIAN_POINT('Ctrl Pts',(51.7692774725636,6.66363332568116,-7.15001699799569E-15));
#5354=CARTESIAN_POINT('Ctrl Pts',(53.3848778940097,6.10490070881475,-0.393041863190561));
#5355=CARTESIAN_POINT('Ctrl Pts',(54.6272817953339,5.6752328443,-1.47472080413585));
#5356=CARTESIAN_POINT('Ctrl Pts',(55.0576696845303,5.52638926366818,-2.32682613645689));
#5357=CARTESIAN_POINT('Ctrl Pts',(55.1309790012653,5.50103627054171,-2.77560052474359));
#5358=CARTESIAN_POINT('Ctrl Pts',(55.1309790012653,5.50103627054171,-3.00000000000001));
#5359=CARTESIAN_POINT('',(50.7966581473526,6.99999999999999,-6.66133814775094E-15));
#5360=CARTESIAN_POINT('Origin',(50.7966581473526,6.99999999999999,-3.00000000000001));
#5361=CARTESIAN_POINT('Origin',(50.7966581473526,7.,-3.00000000000001));
#5362=CARTESIAN_POINT('Ctrl Pts',(48.,11.8305913454272,-6.24500451351651E-15));
#5363=CARTESIAN_POINT('Ctrl Pts',(47.7454022538222,13.6139632489616,-5.95562681893238E-15));
#5364=CARTESIAN_POINT('Ctrl Pts',(47.3224902038721,16.5763204531006,-0.392959561016458));
#5365=CARTESIAN_POINT('Ctrl Pts',(46.9972526232503,18.8545007275219,-1.47475940932319));
#5366=CARTESIAN_POINT('Ctrl Pts',(46.8986916029188,19.5448876499584,-2.2202450236181));
#5367=CARTESIAN_POINT('Ctrl Pts',(46.8701882639637,19.7445439886834,-2.66348004216332));
#5368=CARTESIAN_POINT('Ctrl Pts',(46.8654262854811,19.7779000523508,-2.8878002623718));
#5369=CARTESIAN_POINT('Ctrl Pts',(46.8654262854811,19.7779000523508,-3.00000000000001));
#5370=CARTESIAN_POINT('Ctrl Pts',(48.,11.8305913454272,-6.24500451351651E-15));
#5371=CARTESIAN_POINT('Ctrl Pts',(47.7055355224326,13.6032554131336,-5.97940299069268E-15));
#5372=CARTESIAN_POINT('Ctrl Pts',(47.216583677911,16.5483883115755,-0.344723641491064));
#5373=CARTESIAN_POINT('Ctrl Pts',(46.8777123510827,18.8743076992542,-1.32051706690733));
#5374=CARTESIAN_POINT('Ctrl Pts',(46.7814812781717,19.6629526366029,-2.05286517153886));
#5375=CARTESIAN_POINT('Ctrl Pts',(46.747694557737,19.9392294663748,-2.56107525816397));
#5376=CARTESIAN_POINT('Ctrl Pts',(46.7405586521009,19.9935805100075,-2.85315908194032));
#5377=CARTESIAN_POINT('Ctrl Pts',(46.7405586521009,19.9935805100075,-3.00000000000001));
#5378=CARTESIAN_POINT('Ctrl Pts',(48.,11.8305913454272,-6.2450045135165E-15));
#5379=CARTESIAN_POINT('Ctrl Pts',(47.6258020596532,13.5818397414776,-6.02695533421328E-15));
#5380=CARTESIAN_POINT('Ctrl Pts',(47.004624610378,16.491325141009,-0.279892582531649));
#5381=CARTESIAN_POINT('Ctrl Pts',(46.5619456042988,18.8676524177112,-1.0753951112986));
#5382=CARTESIAN_POINT('Ctrl Pts',(46.4097853632342,19.8177420771802,-1.76267875946528));
#5383=CARTESIAN_POINT('Ctrl Pts',(46.3389787792864,20.2327106665994,-2.37782418951248));
#5384=CARTESIAN_POINT('Ctrl Pts',(46.3219782411853,20.3260530372707,-2.79105010512612));
#5385=CARTESIAN_POINT('Ctrl Pts',(46.3219782411853,20.3260530372707,-3.00000000000001));
#5386=CARTESIAN_POINT('Ctrl Pts',(48.,11.8305913454272,-6.24500451351651E-15));
#5387=CARTESIAN_POINT('Ctrl Pts',(47.5161685483317,13.5523931929506,-6.09233980655411E-15));
#5388=CARTESIAN_POINT('Ctrl Pts',(46.7121658828706,16.4129434060304,-0.262793290700764));
#5389=CARTESIAN_POINT('Ctrl Pts',(46.0376785299358,18.7496438167238,-1.00338741136372));
#5390=CARTESIAN_POINT('Ctrl Pts',(45.7509239060779,19.7195700763297,-1.67303966122209));
#5391=CARTESIAN_POINT('Ctrl Pts',(45.6202392195476,20.1667247781701,-2.32022347921462));
#5392=CARTESIAN_POINT('Ctrl Pts',(45.5902879508878,20.2702783125369,-2.77152010680029));
#5393=CARTESIAN_POINT('Ctrl Pts',(45.5902879508878,20.2702783125369,-3.));
#5394=CARTESIAN_POINT('Ctrl Pts',(48.,11.8305913454272,-6.2450045135165E-15));
#5395=CARTESIAN_POINT('Ctrl Pts',(47.4165017198575,13.5256236033806,-6.15178023595486E-15));
#5396=CARTESIAN_POINT('Ctrl Pts',(46.4464415673729,16.3416145607324,-0.302206115175143));
#5397=CARTESIAN_POINT('Ctrl Pts',(45.6085675316358,18.5841081307654,-1.16317422759745));
#5398=CARTESIAN_POINT('Ctrl Pts',(45.2710163309817,19.41956038934,-1.8685641080285));
#5399=CARTESIAN_POINT('Ctrl Pts',(45.1360741746011,19.7620543577938,-2.44512988980583));
#5400=CARTESIAN_POINT('Ctrl Pts',(45.1076113081454,19.836826748286,-2.81387564498028));
#5401=CARTESIAN_POINT('Ctrl Pts',(45.1076113081454,19.836826748286,-3.));
#5402=CARTESIAN_POINT('Ctrl Pts',(48.,11.8305913454272,-6.24500451351651E-15));
#5403=CARTESIAN_POINT('Ctrl Pts',(47.356701622773,13.5095618496386,-6.18744449359531E-15));
#5404=CARTESIAN_POINT('Ctrl Pts',(46.2874987319099,16.2984924154935,-0.356840030005242));
#5405=CARTESIAN_POINT('Ctrl Pts',(45.4184374929222,18.4689594179388,-1.35902167335094));
#5406=CARTESIAN_POINT('Ctrl Pts',(45.1195701337464,19.1788465410175,-2.09437134943014));
#5407=CARTESIAN_POINT('Ctrl Pts',(45.0189654450603,19.4179744578866,-2.58638917869779));
#5408=CARTESIAN_POINT('Ctrl Pts',(45.,19.4637778448048,-2.8617125385552));
#5409=CARTESIAN_POINT('Ctrl Pts',(45.,19.4637778448048,-3.));
#5410=CARTESIAN_POINT('Ctrl Pts',(48.,11.8305913454272,-6.24500451351651E-15));
#5411=CARTESIAN_POINT('Ctrl Pts',(47.3268015742307,13.5015309727676,-6.20527662241554E-15));
#5412=CARTESIAN_POINT('Ctrl Pts',(46.2085523731302,16.277127040488,-0.392959561016459));
#5413=CARTESIAN_POINT('Ctrl Pts',(45.3485705761088,18.4116799574716,-1.47475940932319));
#5414=CARTESIAN_POINT('Ctrl Pts',(45.0879589849792,19.0585415933482,-2.22024502361809));
#5415=CARTESIAN_POINT('Ctrl Pts',(45.0125914563901,19.2456106435918,-2.66348004216332));
#5416=CARTESIAN_POINT('Ctrl Pts',(45.,19.2768637818091,-2.8878002623718));
#5417=CARTESIAN_POINT('Ctrl Pts',(45.,19.2768637818091,-3.));
#5418=CARTESIAN_POINT('',(45.,19.2768637818091,-3.));
#5419=CARTESIAN_POINT('Origin',(46.,19.2768637818091,-3.00000000000001));
#5420=CARTESIAN_POINT('',(48.,11.8305913454272,-5.55111512312578E-15));
#5421=CARTESIAN_POINT('Origin',(48.,11.8305913454272,-3.00000000000001));
#5422=CARTESIAN_POINT('Origin',(48.,11.8305913454272,-3.00000000000001));
#5423=CARTESIAN_POINT('Origin',(48.,11.5,-3.00000000000001));
#5424=CARTESIAN_POINT('',(48.,11.5,-6.10622663543836E-15));
#5425=CARTESIAN_POINT('',(45.,11.5,-3.00000000000001));
#5426=CARTESIAN_POINT('Origin',(47.2418954174155,13.1400447153458,-3.00000000000001));
#5427=CARTESIAN_POINT('',(47.2418954174155,13.1400447153458,-5.55111512312578E-15));
#5428=CARTESIAN_POINT('Origin',(22.5,7.,-3.));
#5429=CARTESIAN_POINT('',(22.5,7.,-2.77555756156289E-15));
#5430=CARTESIAN_POINT('Origin',(46.,5.,-5.68506322747684E-15));
#5431=CARTESIAN_POINT('',(45.,5.,-5.51091059616309E-15));
#5432=CARTESIAN_POINT('Origin',(45.,23.,-5.51091059616309E-15));
#5433=CARTESIAN_POINT('',(45.,19.2768637818091,-5.22662686346851E-15));
#5434=CARTESIAN_POINT('Origin',(46.,19.2768637818091,-5.40077949478226E-15));
#5435=CARTESIAN_POINT('Origin',(0.,0.,0.));
#5436=CARTESIAN_POINT('Ctrl Pts',(11.2033418526474,7.,-9.71445146547012E-16));
#5437=CARTESIAN_POINT('Ctrl Pts',(10.2307225274364,6.66363332568116,-1.67108238962044E-15));
#5438=CARTESIAN_POINT('Ctrl Pts',(8.61489220402814,6.10482120046403,-0.392479362335851));
#5439=CARTESIAN_POINT('Ctrl Pts',(7.37265670314201,5.6752115748654,-1.47465620292199));
#5440=CARTESIAN_POINT('Ctrl Pts',(6.94227333748123,5.52636955863457,-2.32671026152673));
#5441=CARTESIAN_POINT('Ctrl Pts',(6.86902099873467,5.5010362705417,-2.77560052474359));
#5442=CARTESIAN_POINT('Ctrl Pts',(6.86902099873467,5.5010362705417,-3.));
#5443=CARTESIAN_POINT('Ctrl Pts',(11.2033418526474,7.,-9.71445146547012E-16));
#5444=CARTESIAN_POINT('Ctrl Pts',(10.2492178802303,6.63155411125731,-1.6354673071552E-15));
#5445=CARTESIAN_POINT('Ctrl Pts',(8.66444524900117,6.02084193723744,-0.350637501898902));
#5446=CARTESIAN_POINT('Ctrl Pts',(7.36387939680578,5.54312539457246,-1.36879045844887));
#5447=CARTESIAN_POINT('Ctrl Pts',(6.86200791382039,5.36214519190953,-2.25036543134749));
#5448=CARTESIAN_POINT('Ctrl Pts',(6.7690240797269,5.32831431952829,-2.74966144244729));
#5449=CARTESIAN_POINT('Ctrl Pts',(6.7690240797269,5.32831431952829,-3.));
#5450=CARTESIAN_POINT('Ctrl Pts',(11.2033418526474,7.,-9.71445146547012E-16));
#5451=CARTESIAN_POINT('Ctrl Pts',(10.2862085858179,6.56739568240962,-1.56423714222471E-15));
#5452=CARTESIAN_POINT('Ctrl Pts',(8.76557036797034,5.85164786243316,-0.292759087716546));
#5453=CARTESIAN_POINT('Ctrl Pts',(7.40599006612307,5.24481734103425,-1.20395526522046));
#5454=CARTESIAN_POINT('Ctrl Pts',(6.80016872894489,4.97778265890813,-2.1255378137922));
#5455=CARTESIAN_POINT('Ctrl Pts',(6.6760340672857,4.92243209358531,-2.70722799968153));
#5456=CARTESIAN_POINT('Ctrl Pts',(6.6760340672857,4.92243209358531,-3.));
#5457=CARTESIAN_POINT('Ctrl Pts',(11.2033418526474,7.,-9.71445146547012E-16));
#5458=CARTESIAN_POINT('Ctrl Pts',(10.3509423205962,6.45511843192615,-1.43958435359636E-15));
#5459=CARTESIAN_POINT('Ctrl Pts',(8.94002012178311,5.55216777068322,-0.273031301226917));
#5460=CARTESIAN_POINT('Ctrl Pts',(7.66353130162676,4.71434247667452,-1.14211042344886));
#5461=CARTESIAN_POINT('Ctrl Pts',(7.06811871296029,4.32256025496513,-2.07695469626281));
#5462=CARTESIAN_POINT('Ctrl Pts',(6.94170065323344,4.23993656413388,-2.69073972692661));
#5463=CARTESIAN_POINT('Ctrl Pts',(6.94170065323344,4.23993656413388,-3.));
#5464=CARTESIAN_POINT('Ctrl Pts',(11.2033418526474,7.,-9.71445146547012E-16));
#5465=CARTESIAN_POINT('Ctrl Pts',(10.3971807025808,6.37492039586653,-1.35054664743325E-15));
#5466=CARTESIAN_POINT('Ctrl Pts',(9.06004307226626,5.33632296635676,-0.330129928794922));
#5467=CARTESIAN_POINT('Ctrl Pts',(7.95979988676848,4.43727044136261,-1.31535977193938));
#5468=CARTESIAN_POINT('Ctrl Pts',(7.51951512765596,4.06967663778747,-2.21163954604479));
#5469=CARTESIAN_POINT('Ctrl Pts',(7.43507698443794,4.,-2.73634615255238));
#5470=CARTESIAN_POINT('Ctrl Pts',(7.43507698443794,4.,-3.));
#5471=CARTESIAN_POINT('Ctrl Pts',(11.2033418526474,7.,-9.71445146547012E-16));
#5472=CARTESIAN_POINT('Ctrl Pts',(10.4249237317715,6.32680157423076,-1.29712402373539E-15));
#5473=CARTESIAN_POINT('Ctrl Pts',(9.13172343089434,5.20840468262802,-0.392479362335852));
#5474=CARTESIAN_POINT('Ctrl Pts',(8.13752292590709,4.3485914320021,-1.47465620292199));
#5475=CARTESIAN_POINT('Ctrl Pts',(7.79307345624306,4.05070160323763,-2.32671026152673));
#5476=CARTESIAN_POINT('Ctrl Pts',(7.7344472842158,4.,-2.77560052474359));
#5477=CARTESIAN_POINT('Ctrl Pts',(7.7344472842158,4.,-3.));
#5478=CARTESIAN_POINT('',(6.86902099873467,5.5010362705417,-3.));
#5479=CARTESIAN_POINT('',(7.7344472842158,4.,-3.));
#5480=CARTESIAN_POINT('Origin',(7.7344472842158,5.,-3.));
#5481=CARTESIAN_POINT('',(11.2033418526474,7.,-5.55111512312578E-16));
#5482=CARTESIAN_POINT('Origin',(11.2033418526474,7.,-3.));
#5483=CARTESIAN_POINT('Origin',(11.2033418526474,7.,-3.));
#5484=CARTESIAN_POINT('Ctrl Pts',(14.,7.,-1.38777878078145E-15));
#5485=CARTESIAN_POINT('Ctrl Pts',(14.4487989505128,6.32680157423076,-1.31817406853033E-15));
#5486=CARTESIAN_POINT('Ctrl Pts',(15.19420486526,5.20869270211,-0.392847960112238));
#5487=CARTESIAN_POINT('Ctrl Pts',(15.8632470675346,4.20512939869809,-1.65499650732824));
#5488=CARTESIAN_POINT('Ctrl Pts',(16.,4.,-2.55120104948718));
#5489=CARTESIAN_POINT('Ctrl Pts',(16.,4.,-3.));
#5490=CARTESIAN_POINT('Ctrl Pts',(14.,7.,-1.38777878078145E-15));
#5491=CARTESIAN_POINT('Ctrl Pts',(14.4915417077045,6.36954433142246,-1.36562806170052E-15));
#5492=CARTESIAN_POINT('Ctrl Pts',(15.3076280225906,5.3207841839586,-0.333273745900831));
#5493=CARTESIAN_POINT('Ctrl Pts',(16.1098680121671,4.25511522296077,-1.53129517901177));
#5494=CARTESIAN_POINT('Ctrl Pts',(16.2991993003419,4.,-2.5057689059872));
#5495=CARTESIAN_POINT('Ctrl Pts',(16.2991993003419,4.,-3.));
#5496=CARTESIAN_POINT('Ctrl Pts',(14.,7.,-1.38777878078145E-15));
#5497=CARTESIAN_POINT('Ctrl Pts',(14.56634153279,6.44434415650793,-1.44867254974834E-15));
#5498=CARTESIAN_POINT('Ctrl Pts',(15.50813088001,5.52080076289511,-0.289125190961344));
#5499=CARTESIAN_POINT('Ctrl Pts',(16.5396524812658,4.51941867739005,-1.42642085510694));
#5500=CARTESIAN_POINT('Ctrl Pts',(16.8172792013017,4.25106311246214,-2.466736906867));
#5501=CARTESIAN_POINT('Ctrl Pts',(16.8172792013017,4.25106311246215,-3.00000000000001));
#5502=CARTESIAN_POINT('Ctrl Pts',(14.,7.,-1.38777878078145E-15));
#5503=CARTESIAN_POINT('Ctrl Pts',(14.6411413578755,6.5191439815934,-1.53171703779617E-15));
#5504=CARTESIAN_POINT('Ctrl Pts',(15.7078213233216,5.72020345815837,-0.347907867071898));
#5505=CARTESIAN_POINT('Ctrl Pts',(16.7574732054227,4.95169899001814,-1.56280349066695));
#5506=CARTESIAN_POINT('Ctrl Pts',(17.,4.77560052474359,-2.51757805012137));
#5507=CARTESIAN_POINT('Ctrl Pts',(17.,4.77560052474359,-3.));
#5508=CARTESIAN_POINT('Ctrl Pts',(14.,7.,-1.38777878078145E-15));
#5509=CARTESIAN_POINT('Ctrl Pts',(14.6731984257692,6.55120104948717,-1.56730753267381E-15));
#5510=CARTESIAN_POINT('Ctrl Pts',(15.79130729789,5.80579513473999,-0.392847960112237));
#5511=CARTESIAN_POINT('Ctrl Pts',(16.7948706013019,5.13675293246539,-1.65499650732824));
#5512=CARTESIAN_POINT('Ctrl Pts',(17.,5.,-2.55120104948718));
#5513=CARTESIAN_POINT('Ctrl Pts',(17.,5.,-3.));
#5514=CARTESIAN_POINT('',(14.,7.,-2.22044604925031E-15));
#5515=CARTESIAN_POINT('Origin',(14.,7.,-3.));
#5516=CARTESIAN_POINT('Origin',(14.,7.,-3.));
#5517=CARTESIAN_POINT('Ctrl Pts',(14.,11.8305913454272,-2.22044604925031E-15));
#5518=CARTESIAN_POINT('Ctrl Pts',(14.6731984257692,13.5015309727676,-2.09587931717858E-15));
#5519=CARTESIAN_POINT('Ctrl Pts',(15.7915090834605,16.2772795813272,-0.392721778165102));
#5520=CARTESIAN_POINT('Ctrl Pts',(16.6514434806441,18.4117148476087,-1.47472297502938));
#5521=CARTESIAN_POINT('Ctrl Pts',(16.9120479289253,19.0585587542869,-2.22021447013735));
#5522=CARTESIAN_POINT('Ctrl Pts',(16.9874116964171,19.2456184691458,-2.66346981394121));
#5523=CARTESIAN_POINT('Ctrl Pts',(17.,19.2768637818091,-2.8878002623718));
#5524=CARTESIAN_POINT('Ctrl Pts',(17.,19.2768637818091,-3.));
#5525=CARTESIAN_POINT('Ctrl Pts',(14.,11.8305913454272,-2.22044604925031E-15));
#5526=CARTESIAN_POINT('Ctrl Pts',(14.6333316943796,13.5122388085956,-2.08399123129843E-15));
#5527=CARTESIAN_POINT('Ctrl Pts',(15.6859997279409,16.3060809993492,-0.344475575938903));
#5528=CARTESIAN_POINT('Ctrl Pts',(16.5580087559551,18.488736263106,-1.32045719677592));
#5529=CARTESIAN_POINT('Ctrl Pts',(16.8698025044725,19.2194352772463,-2.05281594223833));
#5530=CARTESIAN_POINT('Ctrl Pts',(16.9789671763073,19.4754731365383,-2.5610536064862));
#5531=CARTESIAN_POINT('Ctrl Pts',(17.,19.52608253247,-2.85315908194031));
#5532=CARTESIAN_POINT('Ctrl Pts',(17.,19.52608253247,-3.));
#5533=CARTESIAN_POINT('Ctrl Pts',(14.,11.8305913454272,-2.22044604925031E-15));
#5534=CARTESIAN_POINT('Ctrl Pts',(14.5535982316002,13.5336544802516,-2.07380144340115E-15));
#5535=CARTESIAN_POINT('Ctrl Pts',(15.4738758198782,16.3630671957529,-0.279515892259704));
#5536=CARTESIAN_POINT('Ctrl Pts',(16.2814078855964,18.6414153772093,-1.07530326309582));
#5537=CARTESIAN_POINT('Ctrl Pts',(16.6257244778237,19.5397187624661,-1.76262724686535));
#5538=CARTESIAN_POINT('Ctrl Pts',(16.7723603565216,19.9343143371214,-2.37780441618447));
#5539=CARTESIAN_POINT('Ctrl Pts',(16.80440479386,20.0235611751574,-2.79105010512612));
#5540=CARTESIAN_POINT('Ctrl Pts',(16.80440479386,20.0235611751574,-3.));
#5541=CARTESIAN_POINT('Ctrl Pts',(14.,11.8305913454272,-2.22044604925031E-15));
#5542=CARTESIAN_POINT('Ctrl Pts',(14.4439647202787,13.5631010287786,-2.09715304066573E-15));
#5543=CARTESIAN_POINT('Ctrl Pts',(15.1814695273232,16.4417163954828,-0.262361622138591));
#5544=CARTESIAN_POINT('Ctrl Pts',(15.7685347558001,18.801956394948,-1.00326299531665));
#5545=CARTESIAN_POINT('Ctrl Pts',(16.0062872057392,19.7848504198975,-1.67296303375264));
#5546=CARTESIAN_POINT('Ctrl Pts',(16.1172302783513,20.2373146898047,-2.32019027291084));
#5547=CARTESIAN_POINT('Ctrl Pts',(16.1431790607371,20.3418889580775,-2.77152010680028));
#5548=CARTESIAN_POINT('Ctrl Pts',(16.1431790607371,20.3418889580775,-3.));
#5549=CARTESIAN_POINT('Ctrl Pts',(14.,11.8305913454272,-2.22044604925031E-15));
#5550=CARTESIAN_POINT('Ctrl Pts',(14.3442978918045,13.5898706183486,-2.14810198015209E-15));
#5551=CARTESIAN_POINT('Ctrl Pts',(14.9157156735163,16.5130920159019,-0.301876572768622));
#5552=CARTESIAN_POINT('Ctrl Pts',(15.314183301484,18.8736043759111,-1.16307410810352));
#5553=CARTESIAN_POINT('Ctrl Pts',(15.4406297571883,19.7656437147842,-1.86849693000145));
#5554=CARTESIAN_POINT('Ctrl Pts',(15.4954543550937,20.1296627096593,-2.44509995587761));
#5555=CARTESIAN_POINT('Ctrl Pts',(15.5082816368613,20.2086039011007,-2.81387564498027));
#5556=CARTESIAN_POINT('Ctrl Pts',(15.5082816368613,20.2086039011007,-3.));
#5557=CARTESIAN_POINT('Ctrl Pts',(14.,11.8305913454272,-2.22044604925031E-15));
#5558=CARTESIAN_POINT('Ctrl Pts',(14.28449779472,13.6059323720906,-2.19395602568982E-15));
#5559=CARTESIAN_POINT('Ctrl Pts',(14.7565567773585,16.5554674143155,-0.356597881832169));
#5560=CARTESIAN_POINT('Ctrl Pts',(15.0919231665292,18.8691747362974,-1.35899174632459));
#5561=CARTESIAN_POINT('Ctrl Pts',(15.1889454006399,19.6332040563402,-2.09435142184191));
#5562=CARTESIAN_POINT('Ctrl Pts',(15.2216913442174,19.8905436344851,-2.58638474973567));
#5563=CARTESIAN_POINT('Ctrl Pts',(15.228224439554,19.9396603955933,-2.8617125385552));
#5564=CARTESIAN_POINT('Ctrl Pts',(15.228224439554,19.9396603955933,-3.));
#5565=CARTESIAN_POINT('Ctrl Pts',(14.,11.8305913454272,-2.22044604925031E-15));
#5566=CARTESIAN_POINT('Ctrl Pts',(14.2545977461778,13.6139632489616,-2.22070421892016E-15));
#5567=CARTESIAN_POINT('Ctrl Pts',(14.677533038472,16.5764832579334,-0.392721778165103));
#5568=CARTESIAN_POINT('Ctrl Pts',(15.0027526928904,18.8545379653067,-1.47472297502938));
#5569=CARTESIAN_POINT('Ctrl Pts',(15.1013110118592,19.5449059656027,-2.22021447013734));
#5570=CARTESIAN_POINT('Ctrl Pts',(15.1298129284004,19.7445523407943,-2.6634698139412));
#5571=CARTESIAN_POINT('Ctrl Pts',(15.1345737145189,19.7779000523508,-2.88780026237179));
#5572=CARTESIAN_POINT('Ctrl Pts',(15.1345737145189,19.7779000523508,-3.));
#5573=CARTESIAN_POINT('',(14.,11.8305913454272,-1.11022302462516E-15));
#5574=CARTESIAN_POINT('Origin',(14.,11.8305913454272,-3.));
#5575=CARTESIAN_POINT('Origin',(14.,11.8305913454272,-3.));
#5576=CARTESIAN_POINT('Origin',(12.4759469062359,9.1981360016529,-3.));
#5577=CARTESIAN_POINT('',(12.4759469062359,9.1981360016529,-1.66533453693773E-15));
#5578=CARTESIAN_POINT('',(9.87966804979253,10.701244813278,-3.));
#5579=CARTESIAN_POINT('Origin',(14.,2.,-3.));
#5580=CARTESIAN_POINT('',(14.,2.,-1.66533453693773E-15));
#5581=CARTESIAN_POINT('Origin',(3.,7.,-3.));
#5582=CARTESIAN_POINT('',(3.,4.,-3.));
#5583=CARTESIAN_POINT('',(3.,7.,-5.55111512312578E-16));
#5584=CARTESIAN_POINT('Origin',(7.73444728421579,5.,-9.47196610978881E-16));
#5585=CARTESIAN_POINT('',(7.73444728421579,4.,-9.47196610978881E-16));
#5586=CARTESIAN_POINT('',(6.86902099873467,5.5010362705417,-8.41212457937637E-16));
#5587=CARTESIAN_POINT('Origin',(17.,23.,-2.0818995585505E-15));
#5588=CARTESIAN_POINT('Origin',(0.,0.,0.));
#5589=CARTESIAN_POINT('Origin',(6.,4.,-7.34788079488412E-16));
#5590=CARTESIAN_POINT('Origin',(31.,30.,-3.7964050773568E-15));
#5591=UNCERTAINTY_MEASURE_WITH_UNIT(LENGTH_MEASURE(0.01),#5595,
'DISTANCE_ACCURACY_VALUE',
'Maximum model space distance between geometric entities at asserted c
onnectivities');
#5592=UNCERTAINTY_MEASURE_WITH_UNIT(LENGTH_MEASURE(0.01),#5595,
'DISTANCE_ACCURACY_VALUE',
'Maximum model space distance between geometric entities at asserted c
onnectivities');
#5593=(
GEOMETRIC_REPRESENTATION_CONTEXT(3)
GLOBAL_UNCERTAINTY_ASSIGNED_CONTEXT((#5591))
GLOBAL_UNIT_ASSIGNED_CONTEXT((#5595,#5597,#5598))
REPRESENTATION_CONTEXT('','3D')
);
#5594=(
GEOMETRIC_REPRESENTATION_CONTEXT(3)
GLOBAL_UNCERTAINTY_ASSIGNED_CONTEXT((#5592))
GLOBAL_UNIT_ASSIGNED_CONTEXT((#5595,#5597,#5598))
REPRESENTATION_CONTEXT('','3D')
);
#5595=(
LENGTH_UNIT()
NAMED_UNIT(*)
SI_UNIT(.MILLI.,.METRE.)
);
#5596=(
LENGTH_UNIT()
NAMED_UNIT(*)
SI_UNIT(.CENTI.,.METRE.)
);
#5597=(
NAMED_UNIT(*)
PLANE_ANGLE_UNIT()
SI_UNIT($,.RADIAN.)
);
#5598=(
NAMED_UNIT(*)
SI_UNIT($,.STERADIAN.)
SOLID_ANGLE_UNIT()
);
#5599=SHAPE_DEFINITION_REPRESENTATION(#5600,#5601);
#5600=PRODUCT_DEFINITION_SHAPE('',$,#5603);
#5601=SHAPE_REPRESENTATION('',(#2783),#5593);
#5602=PRODUCT_DEFINITION_CONTEXT('part definition',#5607,'design');
#5603=PRODUCT_DEFINITION('cantilever','cantilever',#5604,#5602);
#5604=PRODUCT_DEFINITION_FORMATION('',$,#5609);
#5605=PRODUCT_RELATED_PRODUCT_CATEGORY('cantilever','cantilever',(#5609));
#5606=APPLICATION_PROTOCOL_DEFINITION('international standard',
'automotive_design',2009,#5607);
#5607=APPLICATION_CONTEXT(
'Core Data for Automotive Mechanical Design Process');
#5608=PRODUCT_CONTEXT('part definition',#5607,'mechanical');
#5609=PRODUCT('cantilever','cantilever',$,(#5608));
#5610=PRESENTATION_STYLE_ASSIGNMENT((#5611));
#5611=SURFACE_STYLE_USAGE(.BOTH.,#5614);
#5612=SURFACE_STYLE_RENDERING_WITH_PROPERTIES($,#5618,(#5613));
#5613=SURFACE_STYLE_TRANSPARENT(0.);
#5614=SURFACE_SIDE_STYLE('',(#5615,#5612));
#5615=SURFACE_STYLE_FILL_AREA(#5616);
#5616=FILL_AREA_STYLE('',(#5617));
#5617=FILL_AREA_STYLE_COLOUR('',#5618);
#5618=COLOUR_RGB('',0.749019607843137,0.749019607843137,0.749019607843137);
ENDSEC;
END-ISO-10303-21;
