ISO-10303-21;
HEADER;
/* Generated by software containing ST-Developer
 * from STEP Tools, Inc. (www.steptools.com) 
 */

FILE_DESCRIPTION(
/* description */ (''),
/* implementation_level */ '2;1');

FILE_NAME(
/* name */ 'sortify_platform.stp',
/* time_stamp */ '2026-09-20T03:26:17-04:00',
/* author */ ('zhiwe'),
/* organization */ (''),
/* preprocessor_version */ 'ST-DEVELOPER v20.2',
/* originating_system */ 'Autodesk Inventor 2027',
/* authorisation */ '');

FILE_SCHEMA (('AUTOMOTIVE_DESIGN { 1 0 10303 214 3 1 1 }'));
ENDSEC;

DATA;
#10=MECHANICAL_DESIGN_GEOMETRIC_PRESENTATION_REPRESENTATION('',(#16),#6441);
#11=GEOMETRICALLY_BOUNDED_WIREFRAME_SHAPE_REPRESENTATION('',(#12),#6440);
#12=GEOMETRIC_CURVE_SET('Sketch7',(#6437));
#13=SHAPE_REPRESENTATION_RELATIONSHIP('SRR','None',#6448,#15);
#14=SHAPE_REPRESENTATION_RELATIONSHIP('SRR','None',#6448,#11);
#15=ADVANCED_BREP_SHAPE_REPRESENTATION('',(#17),#6440);
#16=STYLED_ITEM('',(#6457),#17);
#17=MANIFOLD_SOLID_BREP('Solid1',#3707);
#18=B_SPLINE_SURFACE_WITH_KNOTS('',3,3,((#6213,#6214,#6215,#6216,#6217,
#6218),(#6219,#6220,#6221,#6222,#6223,#6224),(#6225,#6226,#6227,#6228,#6229,
#6230),(#6231,#6232,#6233,#6234,#6235,#6236),(#6237,#6238,#6239,#6240,#6241,
#6242)),.UNSPECIFIED.,.F.,.F.,.F.,(4,1,4),(4,1,1,4),(0.,0.571428571428571,
1.),(-1.5707963267949,-0.897597901025656,-0.448798950512828,-3.70074341541719E-16),
 .UNSPECIFIED.);
#19=B_SPLINE_SURFACE_WITH_KNOTS('',3,3,((#6250,#6251,#6252,#6253,#6254,
#6255),(#6256,#6257,#6258,#6259,#6260,#6261),(#6262,#6263,#6264,#6265,#6266,
#6267),(#6268,#6269,#6270,#6271,#6272,#6273),(#6274,#6275,#6276,#6277,#6278,
#6279)),.UNSPECIFIED.,.F.,.F.,.F.,(4,1,4),(4,1,1,4),(0.,0.571428571428571,
1.),(0.,0.673198425769241,1.12199737628207,1.5707963267949),
 .UNSPECIFIED.);
#20=B_SPLINE_SURFACE_WITH_KNOTS('',3,3,((#6300,#6301,#6302,#6303,#6304,
#6305),(#6306,#6307,#6308,#6309,#6310,#6311),(#6312,#6313,#6314,#6315,#6316,
#6317),(#6318,#6319,#6320,#6321,#6322,#6323),(#6324,#6325,#6326,#6327,#6328,
#6329)),.UNSPECIFIED.,.F.,.F.,.F.,(4,1,4),(4,1,1,4),(0.,0.571428571428571,
1.),(-6.28318530717959,-5.60998688141034,-5.16118793089752,-4.71238898038469),
 .UNSPECIFIED.);
#21=B_SPLINE_SURFACE_WITH_KNOTS('',3,3,((#6339,#6340,#6341,#6342,#6343,
#6344),(#6345,#6346,#6347,#6348,#6349,#6350),(#6351,#6352,#6353,#6354,#6355,
#6356),(#6357,#6358,#6359,#6360,#6361,#6362),(#6363,#6364,#6365,#6366,#6367,
#6368)),.UNSPECIFIED.,.F.,.F.,.F.,(4,1,4),(4,1,1,4),(0.,0.571428571428571,
1.),(-1.5707963267949,-1.12199737628207,-0.673198425769241,0.),
 .UNSPECIFIED.);
#22=B_SPLINE_CURVE_WITH_KNOTS('',3,(#5446,#5447,#5448,#5449,#5450,#5451,
#5452,#5453),.UNSPECIFIED.,.F.,.F.,(4,2,2,4),(1.19007641570928,1.28453817883689,
1.3789999419645,1.69463954678005),.UNSPECIFIED.);
#23=B_SPLINE_CURVE_WITH_KNOTS('',3,(#5475,#5476,#5477,#5478,#5479,#5480,
#5481,#5482),.UNSPECIFIED.,.F.,.F.,(4,2,2,4),(0.,0.315639604815552,0.410101367943161,
0.504563131070771),.UNSPECIFIED.);
#24=B_SPLINE_CURVE_WITH_KNOTS('',3,(#5510,#5511,#5512,#5513,#5514,#5515,
#5516,#5517),.UNSPECIFIED.,.F.,.F.,(4,2,2,4),(1.19007641570928,1.28453817883689,
1.3789999419645,1.69463954678005),.UNSPECIFIED.);
#25=B_SPLINE_CURVE_WITH_KNOTS('',3,(#5541,#5542,#5543,#5544,#5545,#5546,
#5547,#5548),.UNSPECIFIED.,.F.,.F.,(4,2,2,4),(0.,0.315639604815551,0.410101367943161,
0.504563131070771),.UNSPECIFIED.);
#26=B_SPLINE_CURVE_WITH_KNOTS('',3,(#5709,#5710,#5711,#5712,#5713,#5714,
#5715,#5716,#5717,#5718,#5719,#5720,#5721,#5722),.UNSPECIFIED.,.F.,.F.,
(4,2,2,2,2,2,4),(0.,0.074173051594133,0.148346103188266,0.296692206376532,
0.593384412753064,0.777386396965572,0.909189435103541),.UNSPECIFIED.);
#27=B_SPLINE_CURVE_WITH_KNOTS('',3,(#6192,#6193,#6194,#6195,#6196,#6197,
#6198,#6199,#6200,#6201,#6202,#6203,#6204,#6205,#6206),.UNSPECIFIED.,.F.,
 .F.,(4,2,2,3,2,2,4),(4.36879060744789,4.42752138062654,4.64972382569246,
5.09412871582432,5.53853360595617,5.7607360510221,5.81946682420075),
 .UNSPECIFIED.);
#28=B_SPLINE_CURVE_WITH_KNOTS('',3,(#6377,#6378,#6379,#6380,#6381,#6382,
#6383,#6384,#6385,#6386,#6387,#6388,#6389,#6390,#6391),.UNSPECIFIED.,.F.,
 .F.,(4,2,2,3,2,2,4),(4.36879060744789,4.42752138062654,4.64972382569246,
5.09412871582431,5.53853360595617,5.76073605102209,5.81946682420074),
 .UNSPECIFIED.);
#29=TOROIDAL_SURFACE('',#3799,7.,2.);
#30=TOROIDAL_SURFACE('',#3809,7.,2.);
#31=TOROIDAL_SURFACE('',#3815,7.,2.);
#32=TOROIDAL_SURFACE('',#3821,7.,2.);
#33=ELLIPSE('',#3777,8.48528137423857,6.);
#34=ELLIPSE('',#3778,8.48528137423856,5.99999999999999);
#35=ELLIPSE('',#3781,8.48528137423858,6.00000000000001);
#36=ELLIPSE('',#3782,8.48528137423857,6.);
#37=ELLIPSE('',#3805,7.07106781186547,5.);
#38=ELLIPSE('',#3828,7.07106781186548,5.);
#39=ELLIPSE('',#3841,7.07106781186549,5.);
#40=ELLIPSE('',#3857,7.07106781186547,5.);
#41=ELLIPSE('',#3877,7.07106781186547,5.);
#42=ELLIPSE('',#4049,4.24264068711929,3.);
#43=ELLIPSE('',#4052,4.24264068711929,3.);
#44=ELLIPSE('',#4054,6.70820393249937,3.00000000000001);
#45=ELLIPSE('',#4058,6.70820393249935,3.00000000000001);
#46=ELLIPSE('',#4062,3.24717660087719,3.);
#47=ELLIPSE('',#4064,3.24717660087719,3.);
#48=ELLIPSE('',#4065,6.70820393249937,3.);
#49=ELLIPSE('',#4069,4.24264068711929,3.);
#50=ELLIPSE('',#4070,6.70820393249937,3.00000000000001);
#51=ELLIPSE('',#4077,4.24264068711929,3.);
#52=ELLIPSE('',#4080,3.24717660087718,3.);
#53=ELLIPSE('',#4083,3.24717660087718,3.);
#54=FACE_BOUND('',#415,.T.);
#55=FACE_BOUND('',#416,.T.);
#56=FACE_BOUND('',#420,.T.);
#57=FACE_BOUND('',#422,.T.);
#58=FACE_BOUND('',#423,.T.);
#59=FACE_BOUND('',#424,.T.);
#60=FACE_BOUND('',#427,.T.);
#61=FACE_BOUND('',#428,.T.);
#62=FACE_BOUND('',#460,.T.);
#63=FACE_BOUND('',#461,.T.);
#64=FACE_BOUND('',#462,.T.);
#65=FACE_BOUND('',#463,.T.);
#66=FACE_BOUND('',#464,.T.);
#67=FACE_BOUND('',#469,.T.);
#68=FACE_BOUND('',#470,.T.);
#69=FACE_BOUND('',#471,.T.);
#70=FACE_BOUND('',#472,.T.);
#71=FACE_BOUND('',#473,.T.);
#72=FACE_BOUND('',#495,.T.);
#73=FACE_BOUND('',#500,.T.);
#74=FACE_BOUND('',#515,.T.);
#75=FACE_BOUND('',#519,.T.);
#76=FACE_BOUND('',#533,.T.);
#77=FACE_BOUND('',#534,.T.);
#78=FACE_BOUND('',#535,.T.);
#79=FACE_BOUND('',#536,.T.);
#80=FACE_BOUND('',#537,.T.);
#81=FACE_BOUND('',#548,.T.);
#82=FACE_BOUND('',#549,.T.);
#83=FACE_BOUND('',#550,.T.);
#84=FACE_BOUND('',#551,.T.);
#85=FACE_BOUND('',#552,.T.);
#86=FACE_BOUND('',#555,.T.);
#87=FACE_BOUND('',#559,.T.);
#88=FACE_BOUND('',#563,.T.);
#89=FACE_BOUND('',#567,.T.);
#90=FACE_BOUND('',#580,.T.);
#91=FACE_BOUND('',#584,.T.);
#92=FACE_BOUND('',#588,.T.);
#93=FACE_BOUND('',#592,.T.);
#94=FACE_BOUND('',#609,.T.);
#95=FACE_BOUND('',#631,.T.);
#96=CONICAL_SURFACE('',#3739,57.5,0.78539816339745);
#97=CONICAL_SURFACE('',#3743,57.5,0.785398163397448);
#98=CONICAL_SURFACE('',#3747,57.5,0.785398163397449);
#99=CONICAL_SURFACE('',#3751,57.5,0.78539816339745);
#100=PLANE('',#3733);
#101=PLANE('',#3737);
#102=PLANE('',#3738);
#103=PLANE('',#3742);
#104=PLANE('',#3746);
#105=PLANE('',#3750);
#106=PLANE('',#3756);
#107=PLANE('',#3771);
#108=PLANE('',#3772);
#109=PLANE('',#3774);
#110=PLANE('',#3785);
#111=PLANE('',#3806);
#112=PLANE('',#3812);
#113=PLANE('',#3814);
#114=PLANE('',#3820);
#115=PLANE('',#3826);
#116=PLANE('',#3829);
#117=PLANE('',#3830);
#118=PLANE('',#3831);
#119=PLANE('',#3832);
#120=PLANE('',#3833);
#121=PLANE('',#3834);
#122=PLANE('',#3837);
#123=PLANE('',#3843);
#124=PLANE('',#3845);
#125=PLANE('',#3846);
#126=PLANE('',#3859);
#127=PLANE('',#3860);
#128=PLANE('',#3873);
#129=PLANE('',#3874);
#130=PLANE('',#3881);
#131=PLANE('',#3882);
#132=PLANE('',#3885);
#133=PLANE('',#3888);
#134=PLANE('',#3891);
#135=PLANE('',#3892);
#136=PLANE('',#3895);
#137=PLANE('',#3898);
#138=PLANE('',#3901);
#139=PLANE('',#3902);
#140=PLANE('',#3903);
#141=PLANE('',#3906);
#142=PLANE('',#3907);
#143=PLANE('',#3908);
#144=PLANE('',#3909);
#145=PLANE('',#3910);
#146=PLANE('',#3915);
#147=PLANE('',#3916);
#148=PLANE('',#3921);
#149=PLANE('',#3926);
#150=PLANE('',#3929);
#151=PLANE('',#3930);
#152=PLANE('',#3931);
#153=PLANE('',#3932);
#154=PLANE('',#3933);
#155=PLANE('',#3934);
#156=PLANE('',#3935);
#157=PLANE('',#3936);
#158=PLANE('',#3937);
#159=PLANE('',#3938);
#160=PLANE('',#3942);
#161=PLANE('',#3946);
#162=PLANE('',#3949);
#163=PLANE('',#3957);
#164=PLANE('',#3958);
#165=PLANE('',#3959);
#166=PLANE('',#3960);
#167=PLANE('',#3964);
#168=PLANE('',#3967);
#169=PLANE('',#3968);
#170=PLANE('',#3977);
#171=PLANE('',#3982);
#172=PLANE('',#3987);
#173=PLANE('',#3992);
#174=PLANE('',#3997);
#175=PLANE('',#3998);
#176=PLANE('',#4001);
#177=PLANE('',#4002);
#178=PLANE('',#4003);
#179=PLANE('',#4005);
#180=PLANE('',#4006);
#181=PLANE('',#4011);
#182=PLANE('',#4016);
#183=PLANE('',#4021);
#184=PLANE('',#4026);
#185=PLANE('',#4027);
#186=PLANE('',#4028);
#187=PLANE('',#4029);
#188=PLANE('',#4032);
#189=PLANE('',#4033);
#190=PLANE('',#4034);
#191=PLANE('',#4036);
#192=PLANE('',#4043);
#193=PLANE('',#4047);
#194=PLANE('',#4086);
#195=PLANE('',#4087);
#196=PLANE('',#4088);
#197=PLANE('',#4089);
#198=PLANE('',#4090);
#199=PLANE('',#4091);
#200=PLANE('',#4092);
#201=PLANE('',#4093);
#202=PLANE('',#4095);
#203=FACE_OUTER_BOUND('',#401,.T.);
#204=FACE_OUTER_BOUND('',#402,.T.);
#205=FACE_OUTER_BOUND('',#403,.T.);
#206=FACE_OUTER_BOUND('',#404,.T.);
#207=FACE_OUTER_BOUND('',#405,.T.);
#208=FACE_OUTER_BOUND('',#406,.T.);
#209=FACE_OUTER_BOUND('',#407,.T.);
#210=FACE_OUTER_BOUND('',#408,.T.);
#211=FACE_OUTER_BOUND('',#409,.T.);
#212=FACE_OUTER_BOUND('',#410,.T.);
#213=FACE_OUTER_BOUND('',#411,.T.);
#214=FACE_OUTER_BOUND('',#412,.T.);
#215=FACE_OUTER_BOUND('',#413,.T.);
#216=FACE_OUTER_BOUND('',#414,.T.);
#217=FACE_OUTER_BOUND('',#417,.T.);
#218=FACE_OUTER_BOUND('',#418,.T.);
#219=FACE_OUTER_BOUND('',#419,.T.);
#220=FACE_OUTER_BOUND('',#421,.T.);
#221=FACE_OUTER_BOUND('',#425,.T.);
#222=FACE_OUTER_BOUND('',#426,.T.);
#223=FACE_OUTER_BOUND('',#429,.T.);
#224=FACE_OUTER_BOUND('',#430,.T.);
#225=FACE_OUTER_BOUND('',#431,.T.);
#226=FACE_OUTER_BOUND('',#432,.T.);
#227=FACE_OUTER_BOUND('',#433,.T.);
#228=FACE_OUTER_BOUND('',#434,.T.);
#229=FACE_OUTER_BOUND('',#435,.T.);
#230=FACE_OUTER_BOUND('',#436,.T.);
#231=FACE_OUTER_BOUND('',#437,.T.);
#232=FACE_OUTER_BOUND('',#438,.T.);
#233=FACE_OUTER_BOUND('',#439,.T.);
#234=FACE_OUTER_BOUND('',#440,.T.);
#235=FACE_OUTER_BOUND('',#441,.T.);
#236=FACE_OUTER_BOUND('',#442,.T.);
#237=FACE_OUTER_BOUND('',#443,.T.);
#238=FACE_OUTER_BOUND('',#444,.T.);
#239=FACE_OUTER_BOUND('',#445,.T.);
#240=FACE_OUTER_BOUND('',#446,.T.);
#241=FACE_OUTER_BOUND('',#447,.T.);
#242=FACE_OUTER_BOUND('',#448,.T.);
#243=FACE_OUTER_BOUND('',#449,.T.);
#244=FACE_OUTER_BOUND('',#450,.T.);
#245=FACE_OUTER_BOUND('',#451,.T.);
#246=FACE_OUTER_BOUND('',#452,.T.);
#247=FACE_OUTER_BOUND('',#453,.T.);
#248=FACE_OUTER_BOUND('',#454,.T.);
#249=FACE_OUTER_BOUND('',#455,.T.);
#250=FACE_OUTER_BOUND('',#456,.T.);
#251=FACE_OUTER_BOUND('',#457,.T.);
#252=FACE_OUTER_BOUND('',#458,.T.);
#253=FACE_OUTER_BOUND('',#459,.T.);
#254=FACE_OUTER_BOUND('',#465,.T.);
#255=FACE_OUTER_BOUND('',#466,.T.);
#256=FACE_OUTER_BOUND('',#467,.T.);
#257=FACE_OUTER_BOUND('',#468,.T.);
#258=FACE_OUTER_BOUND('',#474,.T.);
#259=FACE_OUTER_BOUND('',#475,.T.);
#260=FACE_OUTER_BOUND('',#476,.T.);
#261=FACE_OUTER_BOUND('',#477,.T.);
#262=FACE_OUTER_BOUND('',#478,.T.);
#263=FACE_OUTER_BOUND('',#479,.T.);
#264=FACE_OUTER_BOUND('',#480,.T.);
#265=FACE_OUTER_BOUND('',#481,.T.);
#266=FACE_OUTER_BOUND('',#482,.T.);
#267=FACE_OUTER_BOUND('',#483,.T.);
#268=FACE_OUTER_BOUND('',#484,.T.);
#269=FACE_OUTER_BOUND('',#485,.T.);
#270=FACE_OUTER_BOUND('',#486,.T.);
#271=FACE_OUTER_BOUND('',#487,.T.);
#272=FACE_OUTER_BOUND('',#488,.T.);
#273=FACE_OUTER_BOUND('',#489,.T.);
#274=FACE_OUTER_BOUND('',#490,.T.);
#275=FACE_OUTER_BOUND('',#491,.T.);
#276=FACE_OUTER_BOUND('',#492,.T.);
#277=FACE_OUTER_BOUND('',#493,.T.);
#278=FACE_OUTER_BOUND('',#494,.T.);
#279=FACE_OUTER_BOUND('',#496,.T.);
#280=FACE_OUTER_BOUND('',#497,.T.);
#281=FACE_OUTER_BOUND('',#498,.T.);
#282=FACE_OUTER_BOUND('',#499,.T.);
#283=FACE_OUTER_BOUND('',#501,.T.);
#284=FACE_OUTER_BOUND('',#502,.T.);
#285=FACE_OUTER_BOUND('',#503,.T.);
#286=FACE_OUTER_BOUND('',#504,.T.);
#287=FACE_OUTER_BOUND('',#505,.T.);
#288=FACE_OUTER_BOUND('',#506,.T.);
#289=FACE_OUTER_BOUND('',#507,.T.);
#290=FACE_OUTER_BOUND('',#508,.T.);
#291=FACE_OUTER_BOUND('',#509,.T.);
#292=FACE_OUTER_BOUND('',#510,.T.);
#293=FACE_OUTER_BOUND('',#511,.T.);
#294=FACE_OUTER_BOUND('',#512,.T.);
#295=FACE_OUTER_BOUND('',#513,.T.);
#296=FACE_OUTER_BOUND('',#514,.T.);
#297=FACE_OUTER_BOUND('',#516,.T.);
#298=FACE_OUTER_BOUND('',#517,.T.);
#299=FACE_OUTER_BOUND('',#518,.T.);
#300=FACE_OUTER_BOUND('',#520,.T.);
#301=FACE_OUTER_BOUND('',#521,.T.);
#302=FACE_OUTER_BOUND('',#522,.T.);
#303=FACE_OUTER_BOUND('',#523,.T.);
#304=FACE_OUTER_BOUND('',#524,.T.);
#305=FACE_OUTER_BOUND('',#525,.T.);
#306=FACE_OUTER_BOUND('',#526,.T.);
#307=FACE_OUTER_BOUND('',#527,.T.);
#308=FACE_OUTER_BOUND('',#528,.T.);
#309=FACE_OUTER_BOUND('',#529,.T.);
#310=FACE_OUTER_BOUND('',#530,.T.);
#311=FACE_OUTER_BOUND('',#531,.T.);
#312=FACE_OUTER_BOUND('',#532,.T.);
#313=FACE_OUTER_BOUND('',#538,.T.);
#314=FACE_OUTER_BOUND('',#539,.T.);
#315=FACE_OUTER_BOUND('',#540,.T.);
#316=FACE_OUTER_BOUND('',#541,.T.);
#317=FACE_OUTER_BOUND('',#542,.T.);
#318=FACE_OUTER_BOUND('',#543,.T.);
#319=FACE_OUTER_BOUND('',#544,.T.);
#320=FACE_OUTER_BOUND('',#545,.T.);
#321=FACE_OUTER_BOUND('',#546,.T.);
#322=FACE_OUTER_BOUND('',#547,.T.);
#323=FACE_OUTER_BOUND('',#553,.T.);
#324=FACE_OUTER_BOUND('',#554,.T.);
#325=FACE_OUTER_BOUND('',#556,.T.);
#326=FACE_OUTER_BOUND('',#557,.T.);
#327=FACE_OUTER_BOUND('',#558,.T.);
#328=FACE_OUTER_BOUND('',#560,.T.);
#329=FACE_OUTER_BOUND('',#561,.T.);
#330=FACE_OUTER_BOUND('',#562,.T.);
#331=FACE_OUTER_BOUND('',#564,.T.);
#332=FACE_OUTER_BOUND('',#565,.T.);
#333=FACE_OUTER_BOUND('',#566,.T.);
#334=FACE_OUTER_BOUND('',#568,.T.);
#335=FACE_OUTER_BOUND('',#569,.T.);
#336=FACE_OUTER_BOUND('',#570,.T.);
#337=FACE_OUTER_BOUND('',#571,.T.);
#338=FACE_OUTER_BOUND('',#572,.T.);
#339=FACE_OUTER_BOUND('',#573,.T.);
#340=FACE_OUTER_BOUND('',#574,.T.);
#341=FACE_OUTER_BOUND('',#575,.T.);
#342=FACE_OUTER_BOUND('',#576,.T.);
#343=FACE_OUTER_BOUND('',#577,.T.);
#344=FACE_OUTER_BOUND('',#578,.T.);
#345=FACE_OUTER_BOUND('',#579,.T.);
#346=FACE_OUTER_BOUND('',#581,.T.);
#347=FACE_OUTER_BOUND('',#582,.T.);
#348=FACE_OUTER_BOUND('',#583,.T.);
#349=FACE_OUTER_BOUND('',#585,.T.);
#350=FACE_OUTER_BOUND('',#586,.T.);
#351=FACE_OUTER_BOUND('',#587,.T.);
#352=FACE_OUTER_BOUND('',#589,.T.);
#353=FACE_OUTER_BOUND('',#590,.T.);
#354=FACE_OUTER_BOUND('',#591,.T.);
#355=FACE_OUTER_BOUND('',#593,.T.);
#356=FACE_OUTER_BOUND('',#594,.T.);
#357=FACE_OUTER_BOUND('',#595,.T.);
#358=FACE_OUTER_BOUND('',#596,.T.);
#359=FACE_OUTER_BOUND('',#597,.T.);
#360=FACE_OUTER_BOUND('',#598,.T.);
#361=FACE_OUTER_BOUND('',#599,.T.);
#362=FACE_OUTER_BOUND('',#600,.T.);
#363=FACE_OUTER_BOUND('',#601,.T.);
#364=FACE_OUTER_BOUND('',#602,.T.);
#365=FACE_OUTER_BOUND('',#603,.T.);
#366=FACE_OUTER_BOUND('',#604,.T.);
#367=FACE_OUTER_BOUND('',#605,.T.);
#368=FACE_OUTER_BOUND('',#606,.T.);
#369=FACE_OUTER_BOUND('',#607,.T.);
#370=FACE_OUTER_BOUND('',#608,.T.);
#371=FACE_OUTER_BOUND('',#610,.T.);
#372=FACE_OUTER_BOUND('',#611,.T.);
#373=FACE_OUTER_BOUND('',#612,.T.);
#374=FACE_OUTER_BOUND('',#613,.T.);
#375=FACE_OUTER_BOUND('',#614,.T.);
#376=FACE_OUTER_BOUND('',#615,.T.);
#377=FACE_OUTER_BOUND('',#616,.T.);
#378=FACE_OUTER_BOUND('',#617,.T.);
#379=FACE_OUTER_BOUND('',#618,.T.);
#380=FACE_OUTER_BOUND('',#619,.T.);
#381=FACE_OUTER_BOUND('',#620,.T.);
#382=FACE_OUTER_BOUND('',#621,.T.);
#383=FACE_OUTER_BOUND('',#622,.T.);
#384=FACE_OUTER_BOUND('',#623,.T.);
#385=FACE_OUTER_BOUND('',#624,.T.);
#386=FACE_OUTER_BOUND('',#625,.T.);
#387=FACE_OUTER_BOUND('',#626,.T.);
#388=FACE_OUTER_BOUND('',#627,.T.);
#389=FACE_OUTER_BOUND('',#628,.T.);
#390=FACE_OUTER_BOUND('',#629,.T.);
#391=FACE_OUTER_BOUND('',#630,.T.);
#392=FACE_OUTER_BOUND('',#632,.T.);
#393=FACE_OUTER_BOUND('',#633,.T.);
#394=FACE_OUTER_BOUND('',#634,.T.);
#395=FACE_OUTER_BOUND('',#635,.T.);
#396=FACE_OUTER_BOUND('',#636,.T.);
#397=FACE_OUTER_BOUND('',#637,.T.);
#398=FACE_OUTER_BOUND('',#638,.T.);
#399=FACE_OUTER_BOUND('',#639,.T.);
#400=FACE_OUTER_BOUND('',#640,.T.);
#401=EDGE_LOOP('',(#2366,#2367,#2368,#2369));
#402=EDGE_LOOP('',(#2370));
#403=EDGE_LOOP('',(#2371,#2372,#2373,#2374));
#404=EDGE_LOOP('',(#2375));
#405=EDGE_LOOP('',(#2376,#2377,#2378,#2379));
#406=EDGE_LOOP('',(#2380,#2381,#2382,#2383));
#407=EDGE_LOOP('',(#2384,#2385,#2386,#2387));
#408=EDGE_LOOP('',(#2388,#2389,#2390,#2391));
#409=EDGE_LOOP('',(#2392,#2393,#2394,#2395));
#410=EDGE_LOOP('',(#2396,#2397,#2398,#2399));
#411=EDGE_LOOP('',(#2400,#2401,#2402,#2403));
#412=EDGE_LOOP('',(#2404,#2405,#2406,#2407));
#413=EDGE_LOOP('',(#2408,#2409,#2410,#2411));
#414=EDGE_LOOP('',(#2412,#2413,#2414,#2415,#2416,#2417,#2418,#2419,#2420,
#2421,#2422,#2423,#2424,#2425,#2426,#2427,#2428,#2429,#2430,#2431));
#415=EDGE_LOOP('',(#2432,#2433,#2434,#2435,#2436));
#416=EDGE_LOOP('',(#2437,#2438,#2439,#2440));
#417=EDGE_LOOP('',(#2441,#2442,#2443,#2444));
#418=EDGE_LOOP('',(#2445,#2446,#2447,#2448));
#419=EDGE_LOOP('',(#2449,#2450,#2451,#2452,#2453,#2454,#2455,#2456));
#420=EDGE_LOOP('',(#2457));
#421=EDGE_LOOP('',(#2458,#2459,#2460,#2461,#2462,#2463,#2464,#2465,#2466,
#2467,#2468,#2469,#2470,#2471,#2472,#2473,#2474,#2475,#2476,#2477,#2478,
#2479,#2480,#2481));
#422=EDGE_LOOP('',(#2482));
#423=EDGE_LOOP('',(#2483));
#424=EDGE_LOOP('',(#2484,#2485,#2486,#2487,#2488,#2489,#2490,#2491,#2492,
#2493,#2494,#2495,#2496,#2497,#2498,#2499,#2500));
#425=EDGE_LOOP('',(#2501,#2502,#2503,#2504));
#426=EDGE_LOOP('',(#2505,#2506,#2507,#2508,#2509,#2510,#2511,#2512,#2513,
#2514,#2515,#2516,#2517,#2518,#2519,#2520,#2521,#2522,#2523,#2524));
#427=EDGE_LOOP('',(#2525,#2526,#2527,#2528,#2529));
#428=EDGE_LOOP('',(#2530,#2531,#2532,#2533));
#429=EDGE_LOOP('',(#2534,#2535,#2536,#2537));
#430=EDGE_LOOP('',(#2538,#2539,#2540,#2541));
#431=EDGE_LOOP('',(#2542,#2543,#2544,#2545));
#432=EDGE_LOOP('',(#2546,#2547,#2548,#2549));
#433=EDGE_LOOP('',(#2550,#2551,#2552,#2553));
#434=EDGE_LOOP('',(#2554,#2555,#2556,#2557));
#435=EDGE_LOOP('',(#2558,#2559,#2560,#2561));
#436=EDGE_LOOP('',(#2562,#2563,#2564,#2565,#2566,#2567,#2568,#2569,#2570,
#2571));
#437=EDGE_LOOP('',(#2572,#2573,#2574,#2575));
#438=EDGE_LOOP('',(#2576,#2577,#2578,#2579));
#439=EDGE_LOOP('',(#2580,#2581,#2582,#2583));
#440=EDGE_LOOP('',(#2584,#2585,#2586,#2587,#2588,#2589,#2590,#2591,#2592));
#441=EDGE_LOOP('',(#2593,#2594,#2595,#2596));
#442=EDGE_LOOP('',(#2597,#2598,#2599,#2600));
#443=EDGE_LOOP('',(#2601,#2602,#2603,#2604));
#444=EDGE_LOOP('',(#2605,#2606,#2607,#2608));
#445=EDGE_LOOP('',(#2609,#2610,#2611,#2612));
#446=EDGE_LOOP('',(#2613,#2614,#2615,#2616));
#447=EDGE_LOOP('',(#2617,#2618,#2619,#2620,#2621,#2622,#2623,#2624,#2625));
#448=EDGE_LOOP('',(#2626,#2627,#2628,#2629));
#449=EDGE_LOOP('',(#2630,#2631,#2632,#2633,#2634,#2635,#2636,#2637,#2638));
#450=EDGE_LOOP('',(#2639,#2640,#2641,#2642));
#451=EDGE_LOOP('',(#2643,#2644,#2645,#2646));
#452=EDGE_LOOP('',(#2647,#2648,#2649,#2650));
#453=EDGE_LOOP('',(#2651,#2652,#2653,#2654));
#454=EDGE_LOOP('',(#2655,#2656,#2657,#2658));
#455=EDGE_LOOP('',(#2659,#2660,#2661,#2662));
#456=EDGE_LOOP('',(#2663,#2664,#2665,#2666));
#457=EDGE_LOOP('',(#2667,#2668,#2669,#2670));
#458=EDGE_LOOP('',(#2671,#2672,#2673,#2674));
#459=EDGE_LOOP('',(#2675,#2676,#2677,#2678,#2679,#2680,#2681,#2682,#2683,
#2684,#2685,#2686,#2687,#2688));
#460=EDGE_LOOP('',(#2689));
#461=EDGE_LOOP('',(#2690));
#462=EDGE_LOOP('',(#2691));
#463=EDGE_LOOP('',(#2692));
#464=EDGE_LOOP('',(#2693,#2694,#2695,#2696,#2697,#2698));
#465=EDGE_LOOP('',(#2699,#2700,#2701,#2702));
#466=EDGE_LOOP('',(#2703,#2704,#2705,#2706));
#467=EDGE_LOOP('',(#2707,#2708,#2709,#2710));
#468=EDGE_LOOP('',(#2711,#2712,#2713,#2714,#2715,#2716,#2717,#2718,#2719,
#2720,#2721,#2722,#2723,#2724));
#469=EDGE_LOOP('',(#2725,#2726,#2727,#2728,#2729,#2730));
#470=EDGE_LOOP('',(#2731));
#471=EDGE_LOOP('',(#2732));
#472=EDGE_LOOP('',(#2733));
#473=EDGE_LOOP('',(#2734));
#474=EDGE_LOOP('',(#2735,#2736,#2737,#2738));
#475=EDGE_LOOP('',(#2739,#2740,#2741,#2742,#2743,#2744));
#476=EDGE_LOOP('',(#2745,#2746,#2747));
#477=EDGE_LOOP('',(#2748,#2749,#2750,#2751));
#478=EDGE_LOOP('',(#2752,#2753,#2754,#2755,#2756,#2757,#2758));
#479=EDGE_LOOP('',(#2759,#2760,#2761));
#480=EDGE_LOOP('',(#2762,#2763,#2764,#2765,#2766,#2767));
#481=EDGE_LOOP('',(#2768,#2769,#2770,#2771,#2772,#2773,#2774));
#482=EDGE_LOOP('',(#2775,#2776,#2777,#2778));
#483=EDGE_LOOP('',(#2779,#2780,#2781,#2782));
#484=EDGE_LOOP('',(#2783,#2784,#2785,#2786));
#485=EDGE_LOOP('',(#2787,#2788,#2789,#2790));
#486=EDGE_LOOP('',(#2791,#2792,#2793,#2794));
#487=EDGE_LOOP('',(#2795,#2796,#2797,#2798));
#488=EDGE_LOOP('',(#2799,#2800,#2801,#2802));
#489=EDGE_LOOP('',(#2803,#2804,#2805,#2806));
#490=EDGE_LOOP('',(#2807,#2808,#2809,#2810));
#491=EDGE_LOOP('',(#2811,#2812,#2813,#2814));
#492=EDGE_LOOP('',(#2815,#2816,#2817,#2818));
#493=EDGE_LOOP('',(#2819,#2820,#2821,#2822));
#494=EDGE_LOOP('',(#2823,#2824,#2825,#2826,#2827,#2828));
#495=EDGE_LOOP('',(#2829,#2830,#2831,#2832));
#496=EDGE_LOOP('',(#2833,#2834,#2835,#2836));
#497=EDGE_LOOP('',(#2837,#2838,#2839,#2840,#2841,#2842));
#498=EDGE_LOOP('',(#2843,#2844,#2845,#2846));
#499=EDGE_LOOP('',(#2847,#2848,#2849,#2850,#2851,#2852));
#500=EDGE_LOOP('',(#2853,#2854,#2855,#2856,#2857));
#501=EDGE_LOOP('',(#2858,#2859,#2860,#2861));
#502=EDGE_LOOP('',(#2862,#2863,#2864,#2865,#2866,#2867));
#503=EDGE_LOOP('',(#2868,#2869,#2870,#2871,#2872,#2873));
#504=EDGE_LOOP('',(#2874,#2875,#2876,#2877,#2878,#2879,#2880));
#505=EDGE_LOOP('',(#2881,#2882,#2883,#2884));
#506=EDGE_LOOP('',(#2885,#2886,#2887,#2888));
#507=EDGE_LOOP('',(#2889,#2890,#2891,#2892));
#508=EDGE_LOOP('',(#2893,#2894,#2895,#2896));
#509=EDGE_LOOP('',(#2897,#2898,#2899,#2900));
#510=EDGE_LOOP('',(#2901,#2902,#2903,#2904));
#511=EDGE_LOOP('',(#2905,#2906,#2907,#2908));
#512=EDGE_LOOP('',(#2909,#2910,#2911,#2912));
#513=EDGE_LOOP('',(#2913,#2914,#2915,#2916));
#514=EDGE_LOOP('',(#2917,#2918,#2919,#2920,#2921,#2922));
#515=EDGE_LOOP('',(#2923,#2924,#2925,#2926));
#516=EDGE_LOOP('',(#2927,#2928,#2929,#2930));
#517=EDGE_LOOP('',(#2931,#2932,#2933,#2934));
#518=EDGE_LOOP('',(#2935,#2936,#2937,#2938,#2939,#2940));
#519=EDGE_LOOP('',(#2941,#2942,#2943,#2944,#2945));
#520=EDGE_LOOP('',(#2946,#2947,#2948,#2949,#2950));
#521=EDGE_LOOP('',(#2951,#2952,#2953,#2954));
#522=EDGE_LOOP('',(#2955,#2956,#2957,#2958));
#523=EDGE_LOOP('',(#2959,#2960,#2961,#2962,#2963,#2964));
#524=EDGE_LOOP('',(#2965,#2966,#2967,#2968,#2969));
#525=EDGE_LOOP('',(#2970,#2971,#2972,#2973,#2974,#2975));
#526=EDGE_LOOP('',(#2976,#2977,#2978,#2979));
#527=EDGE_LOOP('',(#2980,#2981,#2982,#2983));
#528=EDGE_LOOP('',(#2984,#2985,#2986,#2987));
#529=EDGE_LOOP('',(#2988,#2989,#2990,#2991));
#530=EDGE_LOOP('',(#2992,#2993,#2994,#2995));
#531=EDGE_LOOP('',(#2996,#2997,#2998,#2999,#3000,#3001,#3002,#3003,#3004,
#3005,#3006,#3007));
#532=EDGE_LOOP('',(#3008,#3009,#3010,#3011,#3012,#3013));
#533=EDGE_LOOP('',(#3014,#3015,#3016,#3017,#3018,#3019));
#534=EDGE_LOOP('',(#3020));
#535=EDGE_LOOP('',(#3021));
#536=EDGE_LOOP('',(#3022));
#537=EDGE_LOOP('',(#3023));
#538=EDGE_LOOP('',(#3024,#3025,#3026,#3027));
#539=EDGE_LOOP('',(#3028,#3029,#3030,#3031));
#540=EDGE_LOOP('',(#3032,#3033,#3034,#3035));
#541=EDGE_LOOP('',(#3036,#3037,#3038,#3039,#3040,#3041,#3042,#3043,#3044,
#3045));
#542=EDGE_LOOP('',(#3046,#3047,#3048,#3049));
#543=EDGE_LOOP('',(#3050,#3051,#3052,#3053));
#544=EDGE_LOOP('',(#3054,#3055,#3056,#3057));
#545=EDGE_LOOP('',(#3058,#3059,#3060,#3061));
#546=EDGE_LOOP('',(#3062,#3063,#3064,#3065));
#547=EDGE_LOOP('',(#3066,#3067,#3068,#3069));
#548=EDGE_LOOP('',(#3070));
#549=EDGE_LOOP('',(#3071));
#550=EDGE_LOOP('',(#3072));
#551=EDGE_LOOP('',(#3073));
#552=EDGE_LOOP('',(#3074,#3075,#3076,#3077,#3078,#3079));
#553=EDGE_LOOP('',(#3080,#3081,#3082,#3083));
#554=EDGE_LOOP('',(#3084));
#555=EDGE_LOOP('',(#3085));
#556=EDGE_LOOP('',(#3086,#3087,#3088,#3089));
#557=EDGE_LOOP('',(#3090,#3091,#3092,#3093));
#558=EDGE_LOOP('',(#3094));
#559=EDGE_LOOP('',(#3095));
#560=EDGE_LOOP('',(#3096,#3097,#3098,#3099));
#561=EDGE_LOOP('',(#3100,#3101,#3102,#3103));
#562=EDGE_LOOP('',(#3104));
#563=EDGE_LOOP('',(#3105));
#564=EDGE_LOOP('',(#3106,#3107,#3108,#3109));
#565=EDGE_LOOP('',(#3110,#3111,#3112,#3113));
#566=EDGE_LOOP('',(#3114));
#567=EDGE_LOOP('',(#3115));
#568=EDGE_LOOP('',(#3116,#3117,#3118,#3119));
#569=EDGE_LOOP('',(#3120,#3121,#3122,#3123));
#570=EDGE_LOOP('',(#3124,#3125,#3126,#3127,#3128,#3129));
#571=EDGE_LOOP('',(#3130,#3131,#3132,#3133,#3134,#3135,#3136));
#572=EDGE_LOOP('',(#3137,#3138,#3139,#3140));
#573=EDGE_LOOP('',(#3141,#3142,#3143,#3144));
#574=EDGE_LOOP('',(#3145,#3146,#3147,#3148));
#575=EDGE_LOOP('',(#3149,#3150,#3151,#3152));
#576=EDGE_LOOP('',(#3153,#3154,#3155,#3156));
#577=EDGE_LOOP('',(#3157,#3158,#3159,#3160));
#578=EDGE_LOOP('',(#3161,#3162,#3163,#3164,#3165,#3166,#3167,#3168,#3169,
#3170));
#579=EDGE_LOOP('',(#3171));
#580=EDGE_LOOP('',(#3172));
#581=EDGE_LOOP('',(#3173,#3174,#3175,#3176));
#582=EDGE_LOOP('',(#3177,#3178,#3179,#3180));
#583=EDGE_LOOP('',(#3181));
#584=EDGE_LOOP('',(#3182));
#585=EDGE_LOOP('',(#3183,#3184,#3185,#3186));
#586=EDGE_LOOP('',(#3187,#3188,#3189,#3190));
#587=EDGE_LOOP('',(#3191));
#588=EDGE_LOOP('',(#3192));
#589=EDGE_LOOP('',(#3193,#3194,#3195,#3196));
#590=EDGE_LOOP('',(#3197,#3198,#3199,#3200));
#591=EDGE_LOOP('',(#3201));
#592=EDGE_LOOP('',(#3202));
#593=EDGE_LOOP('',(#3203,#3204,#3205,#3206));
#594=EDGE_LOOP('',(#3207,#3208,#3209,#3210));
#595=EDGE_LOOP('',(#3211,#3212,#3213,#3214));
#596=EDGE_LOOP('',(#3215,#3216,#3217,#3218,#3219,#3220));
#597=EDGE_LOOP('',(#3221,#3222,#3223,#3224));
#598=EDGE_LOOP('',(#3225,#3226,#3227,#3228,#3229,#3230,#3231,#3232,#3233,
#3234,#3235));
#599=EDGE_LOOP('',(#3236,#3237,#3238,#3239));
#600=EDGE_LOOP('',(#3240,#3241,#3242,#3243));
#601=EDGE_LOOP('',(#3244,#3245,#3246,#3247));
#602=EDGE_LOOP('',(#3248,#3249,#3250,#3251));
#603=EDGE_LOOP('',(#3252,#3253,#3254,#3255));
#604=EDGE_LOOP('',(#3256,#3257,#3258,#3259));
#605=EDGE_LOOP('',(#3260,#3261,#3262,#3263,#3264,#3265,#3266,#3267));
#606=EDGE_LOOP('',(#3268,#3269,#3270,#3271));
#607=EDGE_LOOP('',(#3272,#3273,#3274,#3275));
#608=EDGE_LOOP('',(#3276,#3277,#3278,#3279));
#609=EDGE_LOOP('',(#3280));
#610=EDGE_LOOP('',(#3281,#3282,#3283,#3284));
#611=EDGE_LOOP('',(#3285,#3286,#3287,#3288));
#612=EDGE_LOOP('',(#3289,#3290,#3291,#3292,#3293,#3294,#3295,#3296));
#613=EDGE_LOOP('',(#3297,#3298,#3299,#3300));
#614=EDGE_LOOP('',(#3301,#3302,#3303,#3304));
#615=EDGE_LOOP('',(#3305,#3306,#3307,#3308));
#616=EDGE_LOOP('',(#3309,#3310,#3311,#3312));
#617=EDGE_LOOP('',(#3313,#3314,#3315,#3316));
#618=EDGE_LOOP('',(#3317,#3318,#3319,#3320,#3321,#3322));
#619=EDGE_LOOP('',(#3323,#3324,#3325,#3326));
#620=EDGE_LOOP('',(#3327,#3328,#3329,#3330));
#621=EDGE_LOOP('',(#3331,#3332,#3333,#3334));
#622=EDGE_LOOP('',(#3335,#3336,#3337,#3338));
#623=EDGE_LOOP('',(#3339,#3340,#3341,#3342,#3343,#3344,#3345,#3346));
#624=EDGE_LOOP('',(#3347,#3348,#3349,#3350));
#625=EDGE_LOOP('',(#3351,#3352,#3353,#3354));
#626=EDGE_LOOP('',(#3355,#3356,#3357,#3358));
#627=EDGE_LOOP('',(#3359,#3360,#3361,#3362,#3363,#3364));
#628=EDGE_LOOP('',(#3365,#3366,#3367,#3368));
#629=EDGE_LOOP('',(#3369,#3370,#3371,#3372));
#630=EDGE_LOOP('',(#3373,#3374,#3375,#3376));
#631=EDGE_LOOP('',(#3377));
#632=EDGE_LOOP('',(#3378,#3379,#3380,#3381));
#633=EDGE_LOOP('',(#3382,#3383,#3384,#3385,#3386,#3387));
#634=EDGE_LOOP('',(#3388,#3389,#3390,#3391,#3392,#3393));
#635=EDGE_LOOP('',(#3394,#3395,#3396,#3397,#3398,#3399));
#636=EDGE_LOOP('',(#3400,#3401,#3402,#3403));
#637=EDGE_LOOP('',(#3404,#3405,#3406,#3407));
#638=EDGE_LOOP('',(#3408,#3409,#3410,#3411,#3412,#3413));
#639=EDGE_LOOP('',(#3414,#3415,#3416,#3417,#3418,#3419,#3420,#3421));
#640=EDGE_LOOP('',(#3422,#3423,#3424,#3425));
#641=LINE('',#5186,#992);
#642=LINE('',#5193,#993);
#643=LINE('',#5199,#994);
#644=LINE('',#5201,#995);
#645=LINE('',#5203,#996);
#646=LINE('',#5204,#997);
#647=LINE('',#5208,#998);
#648=LINE('',#5214,#999);
#649=LINE('',#5215,#1000);
#650=LINE('',#5216,#1001);
#651=LINE('',#5220,#1002);
#652=LINE('',#5226,#1003);
#653=LINE('',#5227,#1004);
#654=LINE('',#5228,#1005);
#655=LINE('',#5232,#1006);
#656=LINE('',#5238,#1007);
#657=LINE('',#5239,#1008);
#658=LINE('',#5240,#1009);
#659=LINE('',#5246,#1010);
#660=LINE('',#5249,#1011);
#661=LINE('',#5252,#1012);
#662=LINE('',#5254,#1013);
#663=LINE('',#5258,#1014);
#664=LINE('',#5262,#1015);
#665=LINE('',#5266,#1016);
#666=LINE('',#5270,#1017);
#667=LINE('',#5274,#1018);
#668=LINE('',#5278,#1019);
#669=LINE('',#5282,#1020);
#670=LINE('',#5285,#1021);
#671=LINE('',#5288,#1022);
#672=LINE('',#5292,#1023);
#673=LINE('',#5295,#1024);
#674=LINE('',#5298,#1025);
#675=LINE('',#5302,#1026);
#676=LINE('',#5306,#1027);
#677=LINE('',#5310,#1028);
#678=LINE('',#5311,#1029);
#679=LINE('',#5319,#1030);
#680=LINE('',#5321,#1031);
#681=LINE('',#5323,#1032);
#682=LINE('',#5325,#1033);
#683=LINE('',#5327,#1034);
#684=LINE('',#5329,#1035);
#685=LINE('',#5331,#1036);
#686=LINE('',#5333,#1037);
#687=LINE('',#5335,#1038);
#688=LINE('',#5338,#1039);
#689=LINE('',#5340,#1040);
#690=LINE('',#5342,#1041);
#691=LINE('',#5344,#1042);
#692=LINE('',#5346,#1043);
#693=LINE('',#5348,#1044);
#694=LINE('',#5350,#1045);
#695=LINE('',#5351,#1046);
#696=LINE('',#5354,#1047);
#697=LINE('',#5356,#1048);
#698=LINE('',#5360,#1049);
#699=LINE('',#5364,#1050);
#700=LINE('',#5366,#1051);
#701=LINE('',#5372,#1052);
#702=LINE('',#5374,#1053);
#703=LINE('',#5378,#1054);
#704=LINE('',#5382,#1055);
#705=LINE('',#5384,#1056);
#706=LINE('',#5387,#1057);
#707=LINE('',#5389,#1058);
#708=LINE('',#5393,#1059);
#709=LINE('',#5397,#1060);
#710=LINE('',#5401,#1061);
#711=LINE('',#5405,#1062);
#712=LINE('',#5409,#1063);
#713=LINE('',#5413,#1064);
#714=LINE('',#5417,#1065);
#715=LINE('',#5421,#1066);
#716=LINE('',#5423,#1067);
#717=LINE('',#5427,#1068);
#718=LINE('',#5431,#1069);
#719=LINE('',#5435,#1070);
#720=LINE('',#5438,#1071);
#721=LINE('',#5456,#1072);
#722=LINE('',#5457,#1073);
#723=LINE('',#5460,#1074);
#724=LINE('',#5463,#1075);
#725=LINE('',#5465,#1076);
#726=LINE('',#5468,#1077);
#727=LINE('',#5471,#1078);
#728=LINE('',#5487,#1079);
#729=LINE('',#5489,#1080);
#730=LINE('',#5491,#1081);
#731=LINE('',#5495,#1082);
#732=LINE('',#5497,#1083);
#733=LINE('',#5498,#1084);
#734=LINE('',#5501,#1085);
#735=LINE('',#5502,#1086);
#736=LINE('',#5520,#1087);
#737=LINE('',#5521,#1088);
#738=LINE('',#5524,#1089);
#739=LINE('',#5526,#1090);
#740=LINE('',#5528,#1091);
#741=LINE('',#5530,#1092);
#742=LINE('',#5532,#1093);
#743=LINE('',#5533,#1094);
#744=LINE('',#5551,#1095);
#745=LINE('',#5552,#1096);
#746=LINE('',#5555,#1097);
#747=LINE('',#5556,#1098);
#748=LINE('',#5559,#1099);
#749=LINE('',#5563,#1100);
#750=LINE('',#5565,#1101);
#751=LINE('',#5566,#1102);
#752=LINE('',#5570,#1103);
#753=LINE('',#5572,#1104);
#754=LINE('',#5574,#1105);
#755=LINE('',#5575,#1106);
#756=LINE('',#5578,#1107);
#757=LINE('',#5580,#1108);
#758=LINE('',#5582,#1109);
#759=LINE('',#5583,#1110);
#760=LINE('',#5584,#1111);
#761=LINE('',#5588,#1112);
#762=LINE('',#5590,#1113);
#763=LINE('',#5592,#1114);
#764=LINE('',#5593,#1115);
#765=LINE('',#5595,#1116);
#766=LINE('',#5597,#1117);
#767=LINE('',#5599,#1118);
#768=LINE('',#5601,#1119);
#769=LINE('',#5602,#1120);
#770=LINE('',#5605,#1121);
#771=LINE('',#5607,#1122);
#772=LINE('',#5608,#1123);
#773=LINE('',#5612,#1124);
#774=LINE('',#5615,#1125);
#775=LINE('',#5616,#1126);
#776=LINE('',#5620,#1127);
#777=LINE('',#5623,#1128);
#778=LINE('',#5625,#1129);
#779=LINE('',#5628,#1130);
#780=LINE('',#5629,#1131);
#781=LINE('',#5632,#1132);
#782=LINE('',#5634,#1133);
#783=LINE('',#5637,#1134);
#784=LINE('',#5641,#1135);
#785=LINE('',#5644,#1136);
#786=LINE('',#5661,#1137);
#787=LINE('',#5663,#1138);
#788=LINE('',#5664,#1139);
#789=LINE('',#5667,#1140);
#790=LINE('',#5670,#1141);
#791=LINE('',#5672,#1142);
#792=LINE('',#5673,#1143);
#793=LINE('',#5676,#1144);
#794=LINE('',#5680,#1145);
#795=LINE('',#5683,#1146);
#796=LINE('',#5692,#1147);
#797=LINE('',#5694,#1148);
#798=LINE('',#5695,#1149);
#799=LINE('',#5707,#1150);
#800=LINE('',#5724,#1151);
#801=LINE('',#5727,#1152);
#802=LINE('',#5730,#1153);
#803=LINE('',#5731,#1154);
#804=LINE('',#5734,#1155);
#805=LINE('',#5735,#1156);
#806=LINE('',#5741,#1157);
#807=LINE('',#5745,#1158);
#808=LINE('',#5749,#1159);
#809=LINE('',#5750,#1160);
#810=LINE('',#5751,#1161);
#811=LINE('',#5754,#1162);
#812=LINE('',#5756,#1163);
#813=LINE('',#5758,#1164);
#814=LINE('',#5759,#1165);
#815=LINE('',#5763,#1166);
#816=LINE('',#5766,#1167);
#817=LINE('',#5767,#1168);
#818=LINE('',#5772,#1169);
#819=LINE('',#5773,#1170);
#820=LINE('',#5776,#1171);
#821=LINE('',#5777,#1172);
#822=LINE('',#5781,#1173);
#823=LINE('',#5784,#1174);
#824=LINE('',#5785,#1175);
#825=LINE('',#5788,#1176);
#826=LINE('',#5790,#1177);
#827=LINE('',#5791,#1178);
#828=LINE('',#5794,#1179);
#829=LINE('',#5798,#1180);
#830=LINE('',#5799,#1181);
#831=LINE('',#5803,#1182);
#832=LINE('',#5804,#1183);
#833=LINE('',#5808,#1184);
#834=LINE('',#5810,#1185);
#835=LINE('',#5814,#1186);
#836=LINE('',#5816,#1187);
#837=LINE('',#5817,#1188);
#838=LINE('',#5818,#1189);
#839=LINE('',#5822,#1190);
#840=LINE('',#5826,#1191);
#841=LINE('',#5828,#1192);
#842=LINE('',#5830,#1193);
#843=LINE('',#5831,#1194);
#844=LINE('',#5834,#1195);
#845=LINE('',#5836,#1196);
#846=LINE('',#5838,#1197);
#847=LINE('',#5839,#1198);
#848=LINE('',#5842,#1199);
#849=LINE('',#5844,#1200);
#850=LINE('',#5845,#1201);
#851=LINE('',#5849,#1202);
#852=LINE('',#5854,#1203);
#853=LINE('',#5855,#1204);
#854=LINE('',#5858,#1205);
#855=LINE('',#5859,#1206);
#856=LINE('',#5862,#1207);
#857=LINE('',#5863,#1208);
#858=LINE('',#5867,#1209);
#859=LINE('',#5870,#1210);
#860=LINE('',#5873,#1211);
#861=LINE('',#5876,#1212);
#862=LINE('',#5877,#1213);
#863=LINE('',#5881,#1214);
#864=LINE('',#5885,#1215);
#865=LINE('',#5886,#1216);
#866=LINE('',#5890,#1217);
#867=LINE('',#5892,#1218);
#868=LINE('',#5894,#1219);
#869=LINE('',#5900,#1220);
#870=LINE('',#5902,#1221);
#871=LINE('',#5904,#1222);
#872=LINE('',#5905,#1223);
#873=LINE('',#5908,#1224);
#874=LINE('',#5909,#1225);
#875=LINE('',#5912,#1226);
#876=LINE('',#5914,#1227);
#877=LINE('',#5915,#1228);
#878=LINE('',#5918,#1229);
#879=LINE('',#5919,#1230);
#880=LINE('',#5922,#1231);
#881=LINE('',#5923,#1232);
#882=LINE('',#5929,#1233);
#883=LINE('',#5932,#1234);
#884=LINE('',#5935,#1235);
#885=LINE('',#5937,#1236);
#886=LINE('',#5938,#1237);
#887=LINE('',#5944,#1238);
#888=LINE('',#5946,#1239);
#889=LINE('',#5950,#1240);
#890=LINE('',#5952,#1241);
#891=LINE('',#5955,#1242);
#892=LINE('',#5957,#1243);
#893=LINE('',#5958,#1244);
#894=LINE('',#5963,#1245);
#895=LINE('',#5965,#1246);
#896=LINE('',#5967,#1247);
#897=LINE('',#5981,#1248);
#898=LINE('',#5982,#1249);
#899=LINE('',#5986,#1250);
#900=LINE('',#5988,#1251);
#901=LINE('',#5990,#1252);
#902=LINE('',#5991,#1253);
#903=LINE('',#5994,#1254);
#904=LINE('',#5996,#1255);
#905=LINE('',#5997,#1256);
#906=LINE('',#6002,#1257);
#907=LINE('',#6004,#1258);
#908=LINE('',#6005,#1259);
#909=LINE('',#6007,#1260);
#910=LINE('',#6009,#1261);
#911=LINE('',#6012,#1262);
#912=LINE('',#6014,#1263);
#913=LINE('',#6017,#1264);
#914=LINE('',#6019,#1265);
#915=LINE('',#6020,#1266);
#916=LINE('',#6033,#1267);
#917=LINE('',#6035,#1268);
#918=LINE('',#6037,#1269);
#919=LINE('',#6048,#1270);
#920=LINE('',#6050,#1271);
#921=LINE('',#6057,#1272);
#922=LINE('',#6059,#1273);
#923=LINE('',#6066,#1274);
#924=LINE('',#6068,#1275);
#925=LINE('',#6075,#1276);
#926=LINE('',#6077,#1277);
#927=LINE('',#6079,#1278);
#928=LINE('',#6081,#1279);
#929=LINE('',#6083,#1280);
#930=LINE('',#6084,#1281);
#931=LINE('',#6086,#1282);
#932=LINE('',#6088,#1283);
#933=LINE('',#6090,#1284);
#934=LINE('',#6092,#1285);
#935=LINE('',#6101,#1286);
#936=LINE('',#6103,#1287);
#937=LINE('',#6110,#1288);
#938=LINE('',#6112,#1289);
#939=LINE('',#6119,#1290);
#940=LINE('',#6121,#1291);
#941=LINE('',#6128,#1292);
#942=LINE('',#6130,#1293);
#943=LINE('',#6133,#1294);
#944=LINE('',#6134,#1295);
#945=LINE('',#6137,#1296);
#946=LINE('',#6138,#1297);
#947=LINE('',#6141,#1298);
#948=LINE('',#6142,#1299);
#949=LINE('',#6144,#1300);
#950=LINE('',#6146,#1301);
#951=LINE('',#6147,#1302);
#952=LINE('',#6149,#1303);
#953=LINE('',#6151,#1304);
#954=LINE('',#6153,#1305);
#955=LINE('',#6155,#1306);
#956=LINE('',#6162,#1307);
#957=LINE('',#6169,#1308);
#958=LINE('',#6172,#1309);
#959=LINE('',#6175,#1310);
#960=LINE('',#6177,#1311);
#961=LINE('',#6178,#1312);
#962=LINE('',#6184,#1313);
#963=LINE('',#6187,#1314);
#964=LINE('',#6189,#1315);
#965=LINE('',#6190,#1316);
#966=LINE('',#6249,#1317);
#967=LINE('',#6286,#1318);
#968=LINE('',#6289,#1319);
#969=LINE('',#6291,#1320);
#970=LINE('',#6294,#1321);
#971=LINE('',#6296,#1322);
#972=LINE('',#6299,#1323);
#973=LINE('',#6337,#1324);
#974=LINE('',#6375,#1325);
#975=LINE('',#6395,#1326);
#976=LINE('',#6400,#1327);
#977=LINE('',#6403,#1328);
#978=LINE('',#6405,#1329);
#979=LINE('',#6408,#1330);
#980=LINE('',#6409,#1331);
#981=LINE('',#6412,#1332);
#982=LINE('',#6413,#1333);
#983=LINE('',#6415,#1334);
#984=LINE('',#6418,#1335);
#985=LINE('',#6419,#1336);
#986=LINE('',#6421,#1337);
#987=LINE('',#6423,#1338);
#988=LINE('',#6424,#1339);
#989=LINE('',#6429,#1340);
#990=LINE('',#6432,#1341);
#991=LINE('',#6435,#1342);
#992=VECTOR('',#4102,2.8);
#993=VECTOR('',#4111,2.8);
#994=VECTOR('',#4118,10.);
#995=VECTOR('',#4119,10.);
#996=VECTOR('',#4120,10.);
#997=VECTOR('',#4121,10.);
#998=VECTOR('',#4124,10.);
#999=VECTOR('',#4131,10.);
#1000=VECTOR('',#4132,10.);
#1001=VECTOR('',#4133,10.);
#1002=VECTOR('',#4136,10.);
#1003=VECTOR('',#4143,10.);
#1004=VECTOR('',#4144,10.);
#1005=VECTOR('',#4145,10.);
#1006=VECTOR('',#4148,10.);
#1007=VECTOR('',#4155,10.);
#1008=VECTOR('',#4156,10.);
#1009=VECTOR('',#4157,10.);
#1010=VECTOR('',#4166,10.);
#1011=VECTOR('',#4169,10.);
#1012=VECTOR('',#4172,10.);
#1013=VECTOR('',#4173,10.);
#1014=VECTOR('',#4176,10.);
#1015=VECTOR('',#4179,10.);
#1016=VECTOR('',#4182,10.);
#1017=VECTOR('',#4185,10.);
#1018=VECTOR('',#4188,10.);
#1019=VECTOR('',#4191,10.);
#1020=VECTOR('',#4194,10.);
#1021=VECTOR('',#4197,10.);
#1022=VECTOR('',#4198,10.);
#1023=VECTOR('',#4201,10.);
#1024=VECTOR('',#4204,10.);
#1025=VECTOR('',#4205,10.);
#1026=VECTOR('',#4208,10.);
#1027=VECTOR('',#4213,10.);
#1028=VECTOR('',#4218,10.);
#1029=VECTOR('',#4219,10.);
#1030=VECTOR('',#4228,10.);
#1031=VECTOR('',#4229,10.);
#1032=VECTOR('',#4230,10.);
#1033=VECTOR('',#4231,10.);
#1034=VECTOR('',#4232,10.);
#1035=VECTOR('',#4233,10.);
#1036=VECTOR('',#4234,10.);
#1037=VECTOR('',#4235,10.);
#1038=VECTOR('',#4236,10.);
#1039=VECTOR('',#4239,10.);
#1040=VECTOR('',#4240,10.);
#1041=VECTOR('',#4241,10.);
#1042=VECTOR('',#4242,10.);
#1043=VECTOR('',#4243,10.);
#1044=VECTOR('',#4244,10.);
#1045=VECTOR('',#4245,10.);
#1046=VECTOR('',#4246,10.);
#1047=VECTOR('',#4247,10.);
#1048=VECTOR('',#4248,10.);
#1049=VECTOR('',#4251,10.);
#1050=VECTOR('',#4254,10.);
#1051=VECTOR('',#4255,10.);
#1052=VECTOR('',#4260,10.);
#1053=VECTOR('',#4261,10.);
#1054=VECTOR('',#4264,10.);
#1055=VECTOR('',#4267,10.);
#1056=VECTOR('',#4268,10.);
#1057=VECTOR('',#4273,10.);
#1058=VECTOR('',#4276,10.);
#1059=VECTOR('',#4279,10.);
#1060=VECTOR('',#4282,10.);
#1061=VECTOR('',#4285,10.);
#1062=VECTOR('',#4288,10.);
#1063=VECTOR('',#4291,10.);
#1064=VECTOR('',#4294,10.);
#1065=VECTOR('',#4297,10.);
#1066=VECTOR('',#4300,10.);
#1067=VECTOR('',#4301,10.);
#1068=VECTOR('',#4304,10.);
#1069=VECTOR('',#4307,10.);
#1070=VECTOR('',#4310,10.);
#1071=VECTOR('',#4315,10.);
#1072=VECTOR('',#4326,10.);
#1073=VECTOR('',#4327,10.);
#1074=VECTOR('',#4330,10.);
#1075=VECTOR('',#4333,10.);
#1076=VECTOR('',#4336,10.);
#1077=VECTOR('',#4339,10.);
#1078=VECTOR('',#4342,10.);
#1079=VECTOR('',#4351,10.);
#1080=VECTOR('',#4352,10.);
#1081=VECTOR('',#4353,10.);
#1082=VECTOR('',#4356,10.);
#1083=VECTOR('',#4357,10.);
#1084=VECTOR('',#4358,10.);
#1085=VECTOR('',#4361,10.);
#1086=VECTOR('',#4362,10.);
#1087=VECTOR('',#4373,10.);
#1088=VECTOR('',#4374,10.);
#1089=VECTOR('',#4377,10.);
#1090=VECTOR('',#4378,10.);
#1091=VECTOR('',#4379,10.);
#1092=VECTOR('',#4380,10.);
#1093=VECTOR('',#4381,10.);
#1094=VECTOR('',#4382,10.);
#1095=VECTOR('',#4393,10.);
#1096=VECTOR('',#4394,10.);
#1097=VECTOR('',#4397,10.);
#1098=VECTOR('',#4398,10.);
#1099=VECTOR('',#4401,10.);
#1100=VECTOR('',#4406,10.);
#1101=VECTOR('',#4407,10.);
#1102=VECTOR('',#4408,10.);
#1103=VECTOR('',#4411,10.);
#1104=VECTOR('',#4412,10.);
#1105=VECTOR('',#4413,10.);
#1106=VECTOR('',#4414,10.);
#1107=VECTOR('',#4417,10.);
#1108=VECTOR('',#4418,10.);
#1109=VECTOR('',#4419,10.);
#1110=VECTOR('',#4420,10.);
#1111=VECTOR('',#4421,10.);
#1112=VECTOR('',#4424,10.);
#1113=VECTOR('',#4425,10.);
#1114=VECTOR('',#4426,10.);
#1115=VECTOR('',#4427,10.);
#1116=VECTOR('',#4430,10.);
#1117=VECTOR('',#4431,10.);
#1118=VECTOR('',#4432,10.);
#1119=VECTOR('',#4433,10.);
#1120=VECTOR('',#4434,10.);
#1121=VECTOR('',#4437,10.);
#1122=VECTOR('',#4438,10.);
#1123=VECTOR('',#4439,10.);
#1124=VECTOR('',#4444,10.);
#1125=VECTOR('',#4447,10.);
#1126=VECTOR('',#4448,10.);
#1127=VECTOR('',#4453,10.);
#1128=VECTOR('',#4456,10.);
#1129=VECTOR('',#4457,10.);
#1130=VECTOR('',#4462,10.);
#1131=VECTOR('',#4463,10.);
#1132=VECTOR('',#4468,10.);
#1133=VECTOR('',#4471,10.);
#1134=VECTOR('',#4474,10.);
#1135=VECTOR('',#4477,10.);
#1136=VECTOR('',#4480,10.);
#1137=VECTOR('',#4495,10.);
#1138=VECTOR('',#4496,10.);
#1139=VECTOR('',#4497,10.);
#1140=VECTOR('',#4500,10.);
#1141=VECTOR('',#4505,10.);
#1142=VECTOR('',#4508,10.);
#1143=VECTOR('',#4509,10.);
#1144=VECTOR('',#4512,10.);
#1145=VECTOR('',#4515,10.);
#1146=VECTOR('',#4518,10.);
#1147=VECTOR('',#4525,10.);
#1148=VECTOR('',#4526,10.);
#1149=VECTOR('',#4527,10.);
#1150=VECTOR('',#4540,5.);
#1151=VECTOR('',#4541,10.);
#1152=VECTOR('',#4544,10.);
#1153=VECTOR('',#4547,10.);
#1154=VECTOR('',#4548,10.);
#1155=VECTOR('',#4551,10.);
#1156=VECTOR('',#4552,10.);
#1157=VECTOR('',#4559,10.);
#1158=VECTOR('',#4564,10.);
#1159=VECTOR('',#4569,10.);
#1160=VECTOR('',#4570,10.);
#1161=VECTOR('',#4571,10.);
#1162=VECTOR('',#4574,10.);
#1163=VECTOR('',#4575,10.);
#1164=VECTOR('',#4576,10.);
#1165=VECTOR('',#4577,10.);
#1166=VECTOR('',#4582,10.);
#1167=VECTOR('',#4585,10.);
#1168=VECTOR('',#4586,10.);
#1169=VECTOR('',#4591,10.);
#1170=VECTOR('',#4592,10.);
#1171=VECTOR('',#4595,10.);
#1172=VECTOR('',#4596,10.);
#1173=VECTOR('',#4601,10.);
#1174=VECTOR('',#4604,10.);
#1175=VECTOR('',#4605,10.);
#1176=VECTOR('',#4608,10.);
#1177=VECTOR('',#4609,10.);
#1178=VECTOR('',#4610,10.);
#1179=VECTOR('',#4613,10.);
#1180=VECTOR('',#4618,10.);
#1181=VECTOR('',#4619,10.);
#1182=VECTOR('',#4626,10.);
#1183=VECTOR('',#4627,10.);
#1184=VECTOR('',#4632,10.);
#1185=VECTOR('',#4635,10.);
#1186=VECTOR('',#4640,10.);
#1187=VECTOR('',#4641,10.);
#1188=VECTOR('',#4642,10.);
#1189=VECTOR('',#4643,10.);
#1190=VECTOR('',#4650,10.);
#1191=VECTOR('',#4655,10.);
#1192=VECTOR('',#4656,10.);
#1193=VECTOR('',#4657,10.);
#1194=VECTOR('',#4658,10.);
#1195=VECTOR('',#4661,10.);
#1196=VECTOR('',#4662,10.);
#1197=VECTOR('',#4663,10.);
#1198=VECTOR('',#4664,10.);
#1199=VECTOR('',#4667,10.);
#1200=VECTOR('',#4668,10.);
#1201=VECTOR('',#4669,10.);
#1202=VECTOR('',#4674,10.);
#1203=VECTOR('',#4679,10.);
#1204=VECTOR('',#4680,10.);
#1205=VECTOR('',#4683,10.);
#1206=VECTOR('',#4684,10.);
#1207=VECTOR('',#4687,10.);
#1208=VECTOR('',#4688,10.);
#1209=VECTOR('',#4693,10.);
#1210=VECTOR('',#4696,10.);
#1211=VECTOR('',#4699,10.);
#1212=VECTOR('',#4702,10.);
#1213=VECTOR('',#4703,10.);
#1214=VECTOR('',#4708,10.);
#1215=VECTOR('',#4715,10.);
#1216=VECTOR('',#4716,10.);
#1217=VECTOR('',#4721,10.);
#1218=VECTOR('',#4724,10.);
#1219=VECTOR('',#4727,10.);
#1220=VECTOR('',#4736,10.);
#1221=VECTOR('',#4737,10.);
#1222=VECTOR('',#4738,10.);
#1223=VECTOR('',#4739,10.);
#1224=VECTOR('',#4742,10.);
#1225=VECTOR('',#4743,10.);
#1226=VECTOR('',#4746,10.);
#1227=VECTOR('',#4747,10.);
#1228=VECTOR('',#4748,10.);
#1229=VECTOR('',#4751,10.);
#1230=VECTOR('',#4752,10.);
#1231=VECTOR('',#4755,10.);
#1232=VECTOR('',#4756,10.);
#1233=VECTOR('',#4761,10.);
#1234=VECTOR('',#4764,10.);
#1235=VECTOR('',#4767,10.);
#1236=VECTOR('',#4768,10.);
#1237=VECTOR('',#4769,10.);
#1238=VECTOR('',#4776,10.);
#1239=VECTOR('',#4779,10.);
#1240=VECTOR('',#4782,10.);
#1241=VECTOR('',#4785,10.);
#1242=VECTOR('',#4788,10.);
#1243=VECTOR('',#4789,10.);
#1244=VECTOR('',#4790,10.);
#1245=VECTOR('',#4793,10.);
#1246=VECTOR('',#4794,10.);
#1247=VECTOR('',#4795,10.);
#1248=VECTOR('',#4810,10.);
#1249=VECTOR('',#4811,10.);
#1250=VECTOR('',#4814,10.);
#1251=VECTOR('',#4815,10.);
#1252=VECTOR('',#4816,10.);
#1253=VECTOR('',#4817,10.);
#1254=VECTOR('',#4820,10.);
#1255=VECTOR('',#4821,10.);
#1256=VECTOR('',#4822,10.);
#1257=VECTOR('',#4827,10.);
#1258=VECTOR('',#4830,10.);
#1259=VECTOR('',#4831,10.);
#1260=VECTOR('',#4834,10.);
#1261=VECTOR('',#4837,10.);
#1262=VECTOR('',#4842,10.);
#1263=VECTOR('',#4845,10.);
#1264=VECTOR('',#4848,10.);
#1265=VECTOR('',#4849,10.);
#1266=VECTOR('',#4850,10.);
#1267=VECTOR('',#4861,10.);
#1268=VECTOR('',#4862,10.);
#1269=VECTOR('',#4863,10.);
#1270=VECTOR('',#4878,2.);
#1271=VECTOR('',#4881,1.25);
#1272=VECTOR('',#4890,2.);
#1273=VECTOR('',#4893,1.25);
#1274=VECTOR('',#4902,2.);
#1275=VECTOR('',#4905,1.25);
#1276=VECTOR('',#4914,2.);
#1277=VECTOR('',#4917,1.25);
#1278=VECTOR('',#4920,10.);
#1279=VECTOR('',#4923,10.);
#1280=VECTOR('',#4926,10.);
#1281=VECTOR('',#4927,10.);
#1282=VECTOR('',#4930,10.);
#1283=VECTOR('',#4933,10.);
#1284=VECTOR('',#4936,10.);
#1285=VECTOR('',#4939,10.);
#1286=VECTOR('',#4952,2.);
#1287=VECTOR('',#4955,1.25);
#1288=VECTOR('',#4964,2.);
#1289=VECTOR('',#4967,1.25);
#1290=VECTOR('',#4976,2.);
#1291=VECTOR('',#4979,1.25);
#1292=VECTOR('',#4988,2.);
#1293=VECTOR('',#4991,1.25);
#1294=VECTOR('',#4994,10.);
#1295=VECTOR('',#4995,10.);
#1296=VECTOR('',#4998,10.);
#1297=VECTOR('',#4999,10.);
#1298=VECTOR('',#5002,10.);
#1299=VECTOR('',#5003,10.);
#1300=VECTOR('',#5006,10.);
#1301=VECTOR('',#5009,10.);
#1302=VECTOR('',#5010,10.);
#1303=VECTOR('',#5013,10.);
#1304=VECTOR('',#5016,10.);
#1305=VECTOR('',#5019,10.);
#1306=VECTOR('',#5022,10.);
#1307=VECTOR('',#5031,5.5);
#1308=VECTOR('',#5038,10.);
#1309=VECTOR('',#5041,10.);
#1310=VECTOR('',#5044,10.);
#1311=VECTOR('',#5045,10.);
#1312=VECTOR('',#5046,10.);
#1313=VECTOR('',#5053,10.);
#1314=VECTOR('',#5056,10.);
#1315=VECTOR('',#5057,10.);
#1316=VECTOR('',#5058,10.);
#1317=VECTOR('',#5077,10.);
#1318=VECTOR('',#5086,10.);
#1319=VECTOR('',#5089,10.);
#1320=VECTOR('',#5090,10.);
#1321=VECTOR('',#5095,10.);
#1322=VECTOR('',#5096,10.);
#1323=VECTOR('',#5099,10.);
#1324=VECTOR('',#5108,10.);
#1325=VECTOR('',#5119,10.);
#1326=VECTOR('',#5124,10.);
#1327=VECTOR('',#5131,10.);
#1328=VECTOR('',#5134,10.);
#1329=VECTOR('',#5135,10.);
#1330=VECTOR('',#5140,10.);
#1331=VECTOR('',#5141,10.);
#1332=VECTOR('',#5144,10.);
#1333=VECTOR('',#5145,10.);
#1334=VECTOR('',#5146,10.);
#1335=VECTOR('',#5151,10.);
#1336=VECTOR('',#5152,10.);
#1337=VECTOR('',#5155,10.);
#1338=VECTOR('',#5158,10.);
#1339=VECTOR('',#5159,10.);
#1340=VECTOR('',#5168,10.);
#1341=VECTOR('',#5173,10.);
#1342=VECTOR('',#5178,11.);
#1343=CIRCLE('',#3731,2.8);
#1344=CIRCLE('',#3732,2.8);
#1345=CIRCLE('',#3735,2.8);
#1346=CIRCLE('',#3736,2.8);
#1347=CIRCLE('',#3740,60.);
#1348=CIRCLE('',#3741,55.);
#1349=CIRCLE('',#3744,60.);
#1350=CIRCLE('',#3745,55.);
#1351=CIRCLE('',#3748,60.);
#1352=CIRCLE('',#3749,55.);
#1353=CIRCLE('',#3752,60.);
#1354=CIRCLE('',#3753,55.);
#1355=CIRCLE('',#3755,60.);
#1356=CIRCLE('',#3757,2.);
#1357=CIRCLE('',#3758,5.);
#1358=CIRCLE('',#3759,2.);
#1359=CIRCLE('',#3760,5.);
#1360=CIRCLE('',#3761,5.);
#1361=CIRCLE('',#3762,2.);
#1362=CIRCLE('',#3763,5.);
#1363=CIRCLE('',#3764,2.);
#1364=CIRCLE('',#3765,2.);
#1365=CIRCLE('',#3766,2.);
#1366=CIRCLE('',#3767,2.);
#1367=CIRCLE('',#3768,2.);
#1368=CIRCLE('',#3770,60.);
#1369=CIRCLE('',#3773,11.);
#1370=CIRCLE('',#3775,60.);
#1371=CIRCLE('',#3776,60.);
#1372=CIRCLE('',#3779,11.);
#1373=CIRCLE('',#3780,11.);
#1374=CIRCLE('',#3783,11.);
#1375=CIRCLE('',#3786,2.);
#1376=CIRCLE('',#3787,5.);
#1377=CIRCLE('',#3788,2.);
#1378=CIRCLE('',#3789,5.);
#1379=CIRCLE('',#3790,5.);
#1380=CIRCLE('',#3791,2.);
#1381=CIRCLE('',#3792,5.);
#1382=CIRCLE('',#3793,2.);
#1383=CIRCLE('',#3794,2.);
#1384=CIRCLE('',#3795,2.);
#1385=CIRCLE('',#3796,2.);
#1386=CIRCLE('',#3797,2.);
#1387=CIRCLE('',#3800,2.);
#1388=CIRCLE('',#3801,5.);
#1389=CIRCLE('',#3802,7.);
#1390=CIRCLE('',#3808,2.);
#1391=CIRCLE('',#3810,5.);
#1392=CIRCLE('',#3811,7.);
#1393=CIRCLE('',#3813,5.);
#1394=CIRCLE('',#3816,2.00000000000001);
#1395=CIRCLE('',#3817,5.);
#1396=CIRCLE('',#3818,7.);
#1397=CIRCLE('',#3822,2.);
#1398=CIRCLE('',#3823,7.);
#1399=CIRCLE('',#3824,5.);
#1400=CIRCLE('',#3836,2.);
#1401=CIRCLE('',#3839,2.);
#1402=CIRCLE('',#3847,5.);
#1403=CIRCLE('',#3848,5.);
#1404=CIRCLE('',#3849,2.);
#1405=CIRCLE('',#3850,2.);
#1406=CIRCLE('',#3851,2.);
#1407=CIRCLE('',#3852,2.);
#1408=CIRCLE('',#3853,10.);
#1409=CIRCLE('',#3854,10.0747626041932);
#1410=CIRCLE('',#3855,10.);
#1411=CIRCLE('',#3861,5.);
#1412=CIRCLE('',#3862,5.);
#1413=CIRCLE('',#3863,10.);
#1414=CIRCLE('',#3864,10.0747626041932);
#1415=CIRCLE('',#3865,10.);
#1416=CIRCLE('',#3866,2.);
#1417=CIRCLE('',#3867,2.);
#1418=CIRCLE('',#3868,2.);
#1419=CIRCLE('',#3869,2.);
#1420=CIRCLE('',#3872,5.);
#1421=CIRCLE('',#3876,5.);
#1422=CIRCLE('',#3878,5.);
#1423=CIRCLE('',#3880,5.);
#1424=CIRCLE('',#3884,2.);
#1425=CIRCLE('',#3887,2.);
#1426=CIRCLE('',#3890,2.);
#1427=CIRCLE('',#3894,2.);
#1428=CIRCLE('',#3897,2.);
#1429=CIRCLE('',#3900,5.);
#1430=CIRCLE('',#3905,5.);
#1431=CIRCLE('',#3912,2.);
#1432=CIRCLE('',#3914,2.);
#1433=CIRCLE('',#3918,2.);
#1434=CIRCLE('',#3920,2.);
#1435=CIRCLE('',#3923,2.);
#1436=CIRCLE('',#3925,5.);
#1437=CIRCLE('',#3928,5.);
#1438=CIRCLE('',#3940,2.55051025721681);
#1439=CIRCLE('',#3941,2.55051025721681);
#1440=CIRCLE('',#3944,2.55051025721682);
#1441=CIRCLE('',#3945,2.55051025721682);
#1442=CIRCLE('',#3947,5.);
#1443=CIRCLE('',#3948,5.00000000000002);
#1444=CIRCLE('',#3950,10.);
#1445=CIRCLE('',#3951,10.);
#1446=CIRCLE('',#3952,10.0747626041932);
#1447=CIRCLE('',#3953,1.25);
#1448=CIRCLE('',#3954,1.25);
#1449=CIRCLE('',#3955,1.25);
#1450=CIRCLE('',#3956,1.25);
#1451=CIRCLE('',#3961,4.99999999999996);
#1452=CIRCLE('',#3962,5.);
#1453=CIRCLE('',#3969,1.25);
#1454=CIRCLE('',#3970,1.25);
#1455=CIRCLE('',#3971,1.25);
#1456=CIRCLE('',#3972,1.25);
#1457=CIRCLE('',#3973,10.);
#1458=CIRCLE('',#3974,10.);
#1459=CIRCLE('',#3975,10.0747626041932);
#1460=CIRCLE('',#3978,2.);
#1461=CIRCLE('',#3979,1.25);
#1462=CIRCLE('',#3983,2.);
#1463=CIRCLE('',#3984,1.25);
#1464=CIRCLE('',#3988,2.);
#1465=CIRCLE('',#3989,1.25);
#1466=CIRCLE('',#3993,2.);
#1467=CIRCLE('',#3994,1.25);
#1468=CIRCLE('',#4007,2.);
#1469=CIRCLE('',#4008,1.25);
#1470=CIRCLE('',#4012,2.);
#1471=CIRCLE('',#4013,1.25);
#1472=CIRCLE('',#4017,2.);
#1473=CIRCLE('',#4018,1.25);
#1474=CIRCLE('',#4022,2.);
#1475=CIRCLE('',#4023,1.25);
#1476=CIRCLE('',#4038,5.5);
#1477=CIRCLE('',#4039,5.49999999999998);
#1478=CIRCLE('',#4041,3.);
#1479=CIRCLE('',#4042,3.);
#1480=CIRCLE('',#4045,3.);
#1481=CIRCLE('',#4046,3.);
#1482=CIRCLE('',#4050,3.);
#1483=CIRCLE('',#4051,3.);
#1484=CIRCLE('',#4053,3.);
#1485=CIRCLE('',#4055,3.);
#1486=CIRCLE('',#4057,2.99999999999999);
#1487=CIRCLE('',#4059,3.);
#1488=CIRCLE('',#4066,3.);
#1489=CIRCLE('',#4067,3.);
#1490=CIRCLE('',#4071,3.);
#1491=CIRCLE('',#4072,3.00000000000001);
#1492=CIRCLE('',#4075,3.);
#1493=CIRCLE('',#4076,3.);
#1494=VERTEX_POINT('',#5183);
#1495=VERTEX_POINT('',#5185);
#1496=VERTEX_POINT('',#5190);
#1497=VERTEX_POINT('',#5192);
#1498=VERTEX_POINT('',#5197);
#1499=VERTEX_POINT('',#5198);
#1500=VERTEX_POINT('',#5200);
#1501=VERTEX_POINT('',#5202);
#1502=VERTEX_POINT('',#5206);
#1503=VERTEX_POINT('',#5207);
#1504=VERTEX_POINT('',#5212);
#1505=VERTEX_POINT('',#5213);
#1506=VERTEX_POINT('',#5218);
#1507=VERTEX_POINT('',#5219);
#1508=VERTEX_POINT('',#5224);
#1509=VERTEX_POINT('',#5225);
#1510=VERTEX_POINT('',#5230);
#1511=VERTEX_POINT('',#5231);
#1512=VERTEX_POINT('',#5236);
#1513=VERTEX_POINT('',#5237);
#1514=VERTEX_POINT('',#5245);
#1515=VERTEX_POINT('',#5247);
#1516=VERTEX_POINT('',#5251);
#1517=VERTEX_POINT('',#5253);
#1518=VERTEX_POINT('',#5255);
#1519=VERTEX_POINT('',#5257);
#1520=VERTEX_POINT('',#5259);
#1521=VERTEX_POINT('',#5261);
#1522=VERTEX_POINT('',#5263);
#1523=VERTEX_POINT('',#5265);
#1524=VERTEX_POINT('',#5267);
#1525=VERTEX_POINT('',#5269);
#1526=VERTEX_POINT('',#5271);
#1527=VERTEX_POINT('',#5273);
#1528=VERTEX_POINT('',#5275);
#1529=VERTEX_POINT('',#5277);
#1530=VERTEX_POINT('',#5279);
#1531=VERTEX_POINT('',#5281);
#1532=VERTEX_POINT('',#5283);
#1533=VERTEX_POINT('',#5286);
#1534=VERTEX_POINT('',#5287);
#1535=VERTEX_POINT('',#5289);
#1536=VERTEX_POINT('',#5291);
#1537=VERTEX_POINT('',#5293);
#1538=VERTEX_POINT('',#5296);
#1539=VERTEX_POINT('',#5297);
#1540=VERTEX_POINT('',#5299);
#1541=VERTEX_POINT('',#5301);
#1542=VERTEX_POINT('',#5305);
#1543=VERTEX_POINT('',#5309);
#1544=VERTEX_POINT('',#5313);
#1545=VERTEX_POINT('',#5316);
#1546=VERTEX_POINT('',#5318);
#1547=VERTEX_POINT('',#5320);
#1548=VERTEX_POINT('',#5322);
#1549=VERTEX_POINT('',#5324);
#1550=VERTEX_POINT('',#5326);
#1551=VERTEX_POINT('',#5328);
#1552=VERTEX_POINT('',#5330);
#1553=VERTEX_POINT('',#5332);
#1554=VERTEX_POINT('',#5334);
#1555=VERTEX_POINT('',#5336);
#1556=VERTEX_POINT('',#5339);
#1557=VERTEX_POINT('',#5341);
#1558=VERTEX_POINT('',#5343);
#1559=VERTEX_POINT('',#5345);
#1560=VERTEX_POINT('',#5347);
#1561=VERTEX_POINT('',#5349);
#1562=VERTEX_POINT('',#5352);
#1563=VERTEX_POINT('',#5353);
#1564=VERTEX_POINT('',#5355);
#1565=VERTEX_POINT('',#5357);
#1566=VERTEX_POINT('',#5359);
#1567=VERTEX_POINT('',#5361);
#1568=VERTEX_POINT('',#5363);
#1569=VERTEX_POINT('',#5365);
#1570=VERTEX_POINT('',#5367);
#1571=VERTEX_POINT('',#5369);
#1572=VERTEX_POINT('',#5371);
#1573=VERTEX_POINT('',#5373);
#1574=VERTEX_POINT('',#5375);
#1575=VERTEX_POINT('',#5377);
#1576=VERTEX_POINT('',#5379);
#1577=VERTEX_POINT('',#5381);
#1578=VERTEX_POINT('',#5383);
#1579=VERTEX_POINT('',#5390);
#1580=VERTEX_POINT('',#5392);
#1581=VERTEX_POINT('',#5394);
#1582=VERTEX_POINT('',#5396);
#1583=VERTEX_POINT('',#5398);
#1584=VERTEX_POINT('',#5400);
#1585=VERTEX_POINT('',#5402);
#1586=VERTEX_POINT('',#5404);
#1587=VERTEX_POINT('',#5406);
#1588=VERTEX_POINT('',#5408);
#1589=VERTEX_POINT('',#5410);
#1590=VERTEX_POINT('',#5412);
#1591=VERTEX_POINT('',#5414);
#1592=VERTEX_POINT('',#5416);
#1593=VERTEX_POINT('',#5419);
#1594=VERTEX_POINT('',#5420);
#1595=VERTEX_POINT('',#5422);
#1596=VERTEX_POINT('',#5424);
#1597=VERTEX_POINT('',#5426);
#1598=VERTEX_POINT('',#5429);
#1599=VERTEX_POINT('',#5430);
#1600=VERTEX_POINT('',#5432);
#1601=VERTEX_POINT('',#5434);
#1602=VERTEX_POINT('',#5440);
#1603=VERTEX_POINT('',#5441);
#1604=VERTEX_POINT('',#5443);
#1605=VERTEX_POINT('',#5445);
#1606=VERTEX_POINT('',#5459);
#1607=VERTEX_POINT('',#5461);
#1608=VERTEX_POINT('',#5467);
#1609=VERTEX_POINT('',#5469);
#1610=VERTEX_POINT('',#5473);
#1611=VERTEX_POINT('',#5474);
#1612=VERTEX_POINT('',#5486);
#1613=VERTEX_POINT('',#5488);
#1614=VERTEX_POINT('',#5490);
#1615=VERTEX_POINT('',#5492);
#1616=VERTEX_POINT('',#5494);
#1617=VERTEX_POINT('',#5496);
#1618=VERTEX_POINT('',#5500);
#1619=VERTEX_POINT('',#5504);
#1620=VERTEX_POINT('',#5505);
#1621=VERTEX_POINT('',#5507);
#1622=VERTEX_POINT('',#5509);
#1623=VERTEX_POINT('',#5523);
#1624=VERTEX_POINT('',#5525);
#1625=VERTEX_POINT('',#5527);
#1626=VERTEX_POINT('',#5529);
#1627=VERTEX_POINT('',#5531);
#1628=VERTEX_POINT('',#5535);
#1629=VERTEX_POINT('',#5536);
#1630=VERTEX_POINT('',#5538);
#1631=VERTEX_POINT('',#5540);
#1632=VERTEX_POINT('',#5554);
#1633=VERTEX_POINT('',#5558);
#1634=VERTEX_POINT('',#5562);
#1635=VERTEX_POINT('',#5564);
#1636=VERTEX_POINT('',#5568);
#1637=VERTEX_POINT('',#5569);
#1638=VERTEX_POINT('',#5571);
#1639=VERTEX_POINT('',#5573);
#1640=VERTEX_POINT('',#5577);
#1641=VERTEX_POINT('',#5579);
#1642=VERTEX_POINT('',#5581);
#1643=VERTEX_POINT('',#5586);
#1644=VERTEX_POINT('',#5587);
#1645=VERTEX_POINT('',#5589);
#1646=VERTEX_POINT('',#5591);
#1647=VERTEX_POINT('',#5596);
#1648=VERTEX_POINT('',#5598);
#1649=VERTEX_POINT('',#5600);
#1650=VERTEX_POINT('',#5604);
#1651=VERTEX_POINT('',#5606);
#1652=VERTEX_POINT('',#5610);
#1653=VERTEX_POINT('',#5614);
#1654=VERTEX_POINT('',#5618);
#1655=VERTEX_POINT('',#5622);
#1656=VERTEX_POINT('',#5624);
#1657=VERTEX_POINT('',#5636);
#1658=VERTEX_POINT('',#5638);
#1659=VERTEX_POINT('',#5640);
#1660=VERTEX_POINT('',#5642);
#1661=VERTEX_POINT('',#5645);
#1662=VERTEX_POINT('',#5647);
#1663=VERTEX_POINT('',#5649);
#1664=VERTEX_POINT('',#5651);
#1665=VERTEX_POINT('',#5653);
#1666=VERTEX_POINT('',#5654);
#1667=VERTEX_POINT('',#5656);
#1668=VERTEX_POINT('',#5658);
#1669=VERTEX_POINT('',#5660);
#1670=VERTEX_POINT('',#5662);
#1671=VERTEX_POINT('',#5666);
#1672=VERTEX_POINT('',#5675);
#1673=VERTEX_POINT('',#5677);
#1674=VERTEX_POINT('',#5679);
#1675=VERTEX_POINT('',#5681);
#1676=VERTEX_POINT('',#5684);
#1677=VERTEX_POINT('',#5685);
#1678=VERTEX_POINT('',#5687);
#1679=VERTEX_POINT('',#5689);
#1680=VERTEX_POINT('',#5691);
#1681=VERTEX_POINT('',#5693);
#1682=VERTEX_POINT('',#5696);
#1683=VERTEX_POINT('',#5698);
#1684=VERTEX_POINT('',#5700);
#1685=VERTEX_POINT('',#5702);
#1686=VERTEX_POINT('',#5706);
#1687=VERTEX_POINT('',#5708);
#1688=VERTEX_POINT('',#5723);
#1689=VERTEX_POINT('',#5725);
#1690=VERTEX_POINT('',#5729);
#1691=VERTEX_POINT('',#5733);
#1692=VERTEX_POINT('',#5738);
#1693=VERTEX_POINT('',#5740);
#1694=VERTEX_POINT('',#5744);
#1695=VERTEX_POINT('',#5748);
#1696=VERTEX_POINT('',#5753);
#1697=VERTEX_POINT('',#5755);
#1698=VERTEX_POINT('',#5757);
#1699=VERTEX_POINT('',#5761);
#1700=VERTEX_POINT('',#5765);
#1701=VERTEX_POINT('',#5769);
#1702=VERTEX_POINT('',#5770);
#1703=VERTEX_POINT('',#5775);
#1704=VERTEX_POINT('',#5779);
#1705=VERTEX_POINT('',#5783);
#1706=VERTEX_POINT('',#5787);
#1707=VERTEX_POINT('',#5789);
#1708=VERTEX_POINT('',#5793);
#1709=VERTEX_POINT('',#5797);
#1710=VERTEX_POINT('',#5806);
#1711=VERTEX_POINT('',#5813);
#1712=VERTEX_POINT('',#5815);
#1713=VERTEX_POINT('',#5825);
#1714=VERTEX_POINT('',#5827);
#1715=VERTEX_POINT('',#5829);
#1716=VERTEX_POINT('',#5833);
#1717=VERTEX_POINT('',#5835);
#1718=VERTEX_POINT('',#5837);
#1719=VERTEX_POINT('',#5841);
#1720=VERTEX_POINT('',#5843);
#1721=VERTEX_POINT('',#5847);
#1722=VERTEX_POINT('',#5851);
#1723=VERTEX_POINT('',#5852);
#1724=VERTEX_POINT('',#5857);
#1725=VERTEX_POINT('',#5861);
#1726=VERTEX_POINT('',#5865);
#1727=VERTEX_POINT('',#5869);
#1728=VERTEX_POINT('',#5871);
#1729=VERTEX_POINT('',#5875);
#1730=VERTEX_POINT('',#5879);
#1731=VERTEX_POINT('',#5888);
#1732=VERTEX_POINT('',#5899);
#1733=VERTEX_POINT('',#5901);
#1734=VERTEX_POINT('',#5903);
#1735=VERTEX_POINT('',#5907);
#1736=VERTEX_POINT('',#5911);
#1737=VERTEX_POINT('',#5913);
#1738=VERTEX_POINT('',#5917);
#1739=VERTEX_POINT('',#5921);
#1740=VERTEX_POINT('',#5925);
#1741=VERTEX_POINT('',#5926);
#1742=VERTEX_POINT('',#5928);
#1743=VERTEX_POINT('',#5930);
#1744=VERTEX_POINT('',#5934);
#1745=VERTEX_POINT('',#5936);
#1746=VERTEX_POINT('',#5940);
#1747=VERTEX_POINT('',#5942);
#1748=VERTEX_POINT('',#5947);
#1749=VERTEX_POINT('',#5949);
#1750=VERTEX_POINT('',#5954);
#1751=VERTEX_POINT('',#5956);
#1752=VERTEX_POINT('',#5959);
#1753=VERTEX_POINT('',#5960);
#1754=VERTEX_POINT('',#5962);
#1755=VERTEX_POINT('',#5964);
#1756=VERTEX_POINT('',#5966);
#1757=VERTEX_POINT('',#5968);
#1758=VERTEX_POINT('',#5971);
#1759=VERTEX_POINT('',#5973);
#1760=VERTEX_POINT('',#5975);
#1761=VERTEX_POINT('',#5977);
#1762=VERTEX_POINT('',#5980);
#1763=VERTEX_POINT('',#5984);
#1764=VERTEX_POINT('',#5985);
#1765=VERTEX_POINT('',#5987);
#1766=VERTEX_POINT('',#5989);
#1767=VERTEX_POINT('',#5993);
#1768=VERTEX_POINT('',#5995);
#1769=VERTEX_POINT('',#5999);
#1770=VERTEX_POINT('',#6001);
#1771=VERTEX_POINT('',#6016);
#1772=VERTEX_POINT('',#6018);
#1773=VERTEX_POINT('',#6021);
#1774=VERTEX_POINT('',#6023);
#1775=VERTEX_POINT('',#6025);
#1776=VERTEX_POINT('',#6027);
#1777=VERTEX_POINT('',#6029);
#1778=VERTEX_POINT('',#6030);
#1779=VERTEX_POINT('',#6032);
#1780=VERTEX_POINT('',#6034);
#1781=VERTEX_POINT('',#6036);
#1782=VERTEX_POINT('',#6038);
#1783=VERTEX_POINT('',#6043);
#1784=VERTEX_POINT('',#6045);
#1785=VERTEX_POINT('',#6052);
#1786=VERTEX_POINT('',#6054);
#1787=VERTEX_POINT('',#6061);
#1788=VERTEX_POINT('',#6063);
#1789=VERTEX_POINT('',#6070);
#1790=VERTEX_POINT('',#6072);
#1791=VERTEX_POINT('',#6096);
#1792=VERTEX_POINT('',#6098);
#1793=VERTEX_POINT('',#6105);
#1794=VERTEX_POINT('',#6107);
#1795=VERTEX_POINT('',#6114);
#1796=VERTEX_POINT('',#6116);
#1797=VERTEX_POINT('',#6123);
#1798=VERTEX_POINT('',#6125);
#1799=VERTEX_POINT('',#6132);
#1800=VERTEX_POINT('',#6136);
#1801=VERTEX_POINT('',#6140);
#1802=VERTEX_POINT('',#6159);
#1803=VERTEX_POINT('',#6161);
#1804=VERTEX_POINT('',#6165);
#1805=VERTEX_POINT('',#6166);
#1806=VERTEX_POINT('',#6168);
#1807=VERTEX_POINT('',#6170);
#1808=VERTEX_POINT('',#6174);
#1809=VERTEX_POINT('',#6176);
#1810=VERTEX_POINT('',#6180);
#1811=VERTEX_POINT('',#6182);
#1812=VERTEX_POINT('',#6186);
#1813=VERTEX_POINT('',#6188);
#1814=VERTEX_POINT('',#6207);
#1815=VERTEX_POINT('',#6210);
#1816=VERTEX_POINT('',#6243);
#1817=VERTEX_POINT('',#6245);
#1818=VERTEX_POINT('',#6280);
#1819=VERTEX_POINT('',#6282);
#1820=VERTEX_POINT('',#6288);
#1821=VERTEX_POINT('',#6290);
#1822=VERTEX_POINT('',#6295);
#1823=VERTEX_POINT('',#6297);
#1824=VERTEX_POINT('',#6330);
#1825=VERTEX_POINT('',#6331);
#1826=VERTEX_POINT('',#6336);
#1827=VERTEX_POINT('',#6369);
#1828=VERTEX_POINT('',#6370);
#1829=VERTEX_POINT('',#6392);
#1830=VERTEX_POINT('',#6394);
#1831=VERTEX_POINT('',#6396);
#1832=VERTEX_POINT('',#6402);
#1833=VERTEX_POINT('',#6404);
#1834=VERTEX_POINT('',#6411);
#1835=VERTEX_POINT('',#6414);
#1836=EDGE_CURVE('',#1494,#1494,#1343,.T.);
#1837=EDGE_CURVE('',#1494,#1495,#641,.T.);
#1838=EDGE_CURVE('',#1495,#1495,#1344,.T.);
#1839=EDGE_CURVE('',#1496,#1496,#1345,.T.);
#1840=EDGE_CURVE('',#1496,#1497,#642,.T.);
#1841=EDGE_CURVE('',#1497,#1497,#1346,.T.);
#1842=EDGE_CURVE('',#1498,#1499,#643,.T.);
#1843=EDGE_CURVE('',#1499,#1500,#644,.T.);
#1844=EDGE_CURVE('',#1500,#1501,#645,.T.);
#1845=EDGE_CURVE('',#1501,#1498,#646,.T.);
#1846=EDGE_CURVE('',#1502,#1503,#647,.T.);
#1847=EDGE_CURVE('',#1503,#1499,#1347,.T.);
#1848=EDGE_CURVE('',#1498,#1502,#1348,.T.);
#1849=EDGE_CURVE('',#1504,#1505,#648,.T.);
#1850=EDGE_CURVE('',#1505,#1503,#649,.T.);
#1851=EDGE_CURVE('',#1502,#1504,#650,.T.);
#1852=EDGE_CURVE('',#1506,#1507,#651,.T.);
#1853=EDGE_CURVE('',#1507,#1505,#1349,.T.);
#1854=EDGE_CURVE('',#1504,#1506,#1350,.T.);
#1855=EDGE_CURVE('',#1508,#1509,#652,.T.);
#1856=EDGE_CURVE('',#1509,#1507,#653,.T.);
#1857=EDGE_CURVE('',#1506,#1508,#654,.T.);
#1858=EDGE_CURVE('',#1510,#1511,#655,.T.);
#1859=EDGE_CURVE('',#1511,#1509,#1351,.T.);
#1860=EDGE_CURVE('',#1508,#1510,#1352,.T.);
#1861=EDGE_CURVE('',#1512,#1513,#656,.T.);
#1862=EDGE_CURVE('',#1513,#1511,#657,.T.);
#1863=EDGE_CURVE('',#1510,#1512,#658,.T.);
#1864=EDGE_CURVE('',#1500,#1513,#1353,.T.);
#1865=EDGE_CURVE('',#1512,#1501,#1354,.T.);
#1866=EDGE_CURVE('',#1511,#1514,#659,.T.);
#1867=EDGE_CURVE('',#1514,#1515,#1355,.T.);
#1868=EDGE_CURVE('',#1515,#1509,#660,.T.);
#1869=EDGE_CURVE('',#1516,#1513,#661,.T.);
#1870=EDGE_CURVE('',#1517,#1516,#662,.T.);
#1871=EDGE_CURVE('',#1518,#1517,#1356,.T.);
#1872=EDGE_CURVE('',#1518,#1519,#663,.T.);
#1873=EDGE_CURVE('',#1520,#1519,#1357,.T.);
#1874=EDGE_CURVE('',#1520,#1521,#664,.T.);
#1875=EDGE_CURVE('',#1522,#1521,#1358,.T.);
#1876=EDGE_CURVE('',#1522,#1523,#665,.T.);
#1877=EDGE_CURVE('',#1524,#1523,#1359,.T.);
#1878=EDGE_CURVE('',#1525,#1524,#666,.T.);
#1879=EDGE_CURVE('',#1526,#1525,#1360,.T.);
#1880=EDGE_CURVE('',#1526,#1527,#667,.T.);
#1881=EDGE_CURVE('',#1528,#1527,#1361,.T.);
#1882=EDGE_CURVE('',#1528,#1529,#668,.T.);
#1883=EDGE_CURVE('',#1530,#1529,#1362,.T.);
#1884=EDGE_CURVE('',#1530,#1531,#669,.T.);
#1885=EDGE_CURVE('',#1532,#1531,#1363,.T.);
#1886=EDGE_CURVE('',#1514,#1532,#670,.T.);
#1887=EDGE_CURVE('',#1533,#1534,#671,.T.);
#1888=EDGE_CURVE('',#1535,#1534,#1364,.T.);
#1889=EDGE_CURVE('',#1535,#1536,#672,.T.);
#1890=EDGE_CURVE('',#1537,#1536,#1365,.T.);
#1891=EDGE_CURVE('',#1537,#1533,#673,.T.);
#1892=EDGE_CURVE('',#1538,#1539,#674,.T.);
#1893=EDGE_CURVE('',#1540,#1539,#1366,.T.);
#1894=EDGE_CURVE('',#1540,#1541,#675,.T.);
#1895=EDGE_CURVE('',#1538,#1541,#1367,.T.);
#1896=EDGE_CURVE('',#1500,#1542,#676,.T.);
#1897=EDGE_CURVE('',#1542,#1516,#1368,.T.);
#1898=EDGE_CURVE('',#1543,#1499,#677,.T.);
#1899=EDGE_CURVE('',#1542,#1543,#678,.T.);
#1900=EDGE_CURVE('',#1544,#1544,#1369,.T.);
#1901=EDGE_CURVE('',#1545,#1543,#1370,.T.);
#1902=EDGE_CURVE('',#1545,#1546,#679,.T.);
#1903=EDGE_CURVE('',#1547,#1546,#680,.T.);
#1904=EDGE_CURVE('',#1547,#1548,#681,.T.);
#1905=EDGE_CURVE('',#1548,#1549,#682,.T.);
#1906=EDGE_CURVE('',#1549,#1550,#683,.T.);
#1907=EDGE_CURVE('',#1550,#1551,#684,.T.);
#1908=EDGE_CURVE('',#1551,#1552,#685,.T.);
#1909=EDGE_CURVE('',#1553,#1552,#686,.T.);
#1910=EDGE_CURVE('',#1553,#1554,#687,.T.);
#1911=EDGE_CURVE('',#1555,#1554,#1371,.T.);
#1912=EDGE_CURVE('',#1555,#1515,#688,.T.);
#1913=EDGE_CURVE('',#1556,#1532,#689,.T.);
#1914=EDGE_CURVE('',#1556,#1557,#690,.T.);
#1915=EDGE_CURVE('',#1557,#1558,#691,.T.);
#1916=EDGE_CURVE('',#1559,#1558,#692,.T.);
#1917=EDGE_CURVE('',#1559,#1560,#693,.T.);
#1918=EDGE_CURVE('',#1560,#1561,#694,.T.);
#1919=EDGE_CURVE('',#1517,#1561,#695,.T.);
#1920=EDGE_CURVE('',#1562,#1563,#696,.T.);
#1921=EDGE_CURVE('',#1564,#1562,#697,.T.);
#1922=EDGE_CURVE('',#1565,#1564,#33,.T.);
#1923=EDGE_CURVE('',#1566,#1565,#698,.T.);
#1924=EDGE_CURVE('',#1567,#1566,#34,.T.);
#1925=EDGE_CURVE('',#1568,#1567,#699,.T.);
#1926=EDGE_CURVE('',#1569,#1568,#700,.T.);
#1927=EDGE_CURVE('',#1569,#1570,#1372,.T.);
#1928=EDGE_CURVE('',#1570,#1571,#1373,.T.);
#1929=EDGE_CURVE('',#1572,#1571,#701,.T.);
#1930=EDGE_CURVE('',#1573,#1572,#702,.T.);
#1931=EDGE_CURVE('',#1574,#1573,#35,.T.);
#1932=EDGE_CURVE('',#1575,#1574,#703,.T.);
#1933=EDGE_CURVE('',#1576,#1575,#36,.T.);
#1934=EDGE_CURVE('',#1577,#1576,#704,.T.);
#1935=EDGE_CURVE('',#1578,#1577,#705,.T.);
#1936=EDGE_CURVE('',#1578,#1563,#1374,.T.);
#1937=EDGE_CURVE('',#1503,#1545,#706,.T.);
#1938=EDGE_CURVE('',#1554,#1505,#707,.T.);
#1939=EDGE_CURVE('',#1579,#1553,#1375,.T.);
#1940=EDGE_CURVE('',#1580,#1579,#708,.T.);
#1941=EDGE_CURVE('',#1580,#1581,#1376,.T.);
#1942=EDGE_CURVE('',#1582,#1581,#709,.T.);
#1943=EDGE_CURVE('',#1583,#1582,#1377,.T.);
#1944=EDGE_CURVE('',#1584,#1583,#710,.T.);
#1945=EDGE_CURVE('',#1585,#1584,#1378,.T.);
#1946=EDGE_CURVE('',#1586,#1585,#711,.T.);
#1947=EDGE_CURVE('',#1587,#1586,#1379,.T.);
#1948=EDGE_CURVE('',#1588,#1587,#712,.T.);
#1949=EDGE_CURVE('',#1589,#1588,#1380,.T.);
#1950=EDGE_CURVE('',#1590,#1589,#713,.T.);
#1951=EDGE_CURVE('',#1590,#1591,#1381,.T.);
#1952=EDGE_CURVE('',#1592,#1591,#714,.T.);
#1953=EDGE_CURVE('',#1546,#1592,#1382,.T.);
#1954=EDGE_CURVE('',#1593,#1594,#715,.T.);
#1955=EDGE_CURVE('',#1595,#1593,#716,.T.);
#1956=EDGE_CURVE('',#1596,#1595,#1383,.T.);
#1957=EDGE_CURVE('',#1597,#1596,#717,.T.);
#1958=EDGE_CURVE('',#1594,#1597,#1384,.T.);
#1959=EDGE_CURVE('',#1598,#1599,#718,.T.);
#1960=EDGE_CURVE('',#1600,#1598,#1385,.T.);
#1961=EDGE_CURVE('',#1601,#1600,#719,.T.);
#1962=EDGE_CURVE('',#1599,#1601,#1386,.T.);
#1963=EDGE_CURVE('',#1507,#1555,#720,.T.);
#1964=EDGE_CURVE('',#1602,#1603,#1387,.T.);
#1965=EDGE_CURVE('',#1603,#1604,#1388,.T.);
#1966=EDGE_CURVE('',#1604,#1605,#22,.F.);
#1967=EDGE_CURVE('',#1605,#1602,#1389,.T.);
#1968=EDGE_CURVE('',#1527,#1603,#721,.T.);
#1969=EDGE_CURVE('',#1602,#1528,#722,.T.);
#1970=EDGE_CURVE('',#1603,#1606,#723,.T.);
#1971=EDGE_CURVE('',#1606,#1607,#37,.T.);
#1972=EDGE_CURVE('',#1607,#1604,#724,.T.);
#1973=EDGE_CURVE('',#1606,#1526,#725,.T.);
#1974=EDGE_CURVE('',#1521,#1608,#726,.T.);
#1975=EDGE_CURVE('',#1608,#1609,#1390,.T.);
#1976=EDGE_CURVE('',#1609,#1522,#727,.T.);
#1977=EDGE_CURVE('',#1610,#1611,#23,.F.);
#1978=EDGE_CURVE('',#1611,#1609,#1391,.T.);
#1979=EDGE_CURVE('',#1608,#1610,#1392,.T.);
#1980=EDGE_CURVE('',#1612,#1520,#728,.T.);
#1981=EDGE_CURVE('',#1613,#1612,#729,.T.);
#1982=EDGE_CURVE('',#1614,#1613,#730,.T.);
#1983=EDGE_CURVE('',#1615,#1614,#1393,.T.);
#1984=EDGE_CURVE('',#1616,#1615,#731,.T.);
#1985=EDGE_CURVE('',#1617,#1616,#732,.T.);
#1986=EDGE_CURVE('',#1610,#1617,#733,.T.);
#1987=EDGE_CURVE('',#1618,#1609,#734,.T.);
#1988=EDGE_CURVE('',#1523,#1618,#735,.T.);
#1989=EDGE_CURVE('',#1619,#1620,#1394,.T.);
#1990=EDGE_CURVE('',#1620,#1621,#1395,.T.);
#1991=EDGE_CURVE('',#1621,#1622,#24,.F.);
#1992=EDGE_CURVE('',#1622,#1619,#1396,.T.);
#1993=EDGE_CURVE('',#1588,#1620,#736,.T.);
#1994=EDGE_CURVE('',#1619,#1589,#737,.T.);
#1995=EDGE_CURVE('',#1623,#1622,#738,.T.);
#1996=EDGE_CURVE('',#1624,#1623,#739,.T.);
#1997=EDGE_CURVE('',#1625,#1624,#740,.T.);
#1998=EDGE_CURVE('',#1625,#1626,#741,.T.);
#1999=EDGE_CURVE('',#1626,#1627,#742,.T.);
#2000=EDGE_CURVE('',#1627,#1590,#743,.T.);
#2001=EDGE_CURVE('',#1628,#1629,#1397,.T.);
#2002=EDGE_CURVE('',#1629,#1630,#1398,.T.);
#2003=EDGE_CURVE('',#1630,#1631,#25,.F.);
#2004=EDGE_CURVE('',#1631,#1628,#1399,.T.);
#2005=EDGE_CURVE('',#1582,#1629,#744,.T.);
#2006=EDGE_CURVE('',#1628,#1583,#745,.T.);
#2007=EDGE_CURVE('',#1632,#1628,#746,.T.);
#2008=EDGE_CURVE('',#1584,#1632,#747,.T.);
#2009=EDGE_CURVE('',#1631,#1633,#748,.T.);
#2010=EDGE_CURVE('',#1632,#1633,#38,.T.);
#2011=EDGE_CURVE('',#1634,#1624,#749,.T.);
#2012=EDGE_CURVE('',#1623,#1635,#750,.T.);
#2013=EDGE_CURVE('',#1635,#1634,#751,.T.);
#2014=EDGE_CURVE('',#1636,#1637,#752,.T.);
#2015=EDGE_CURVE('',#1637,#1638,#753,.T.);
#2016=EDGE_CURVE('',#1638,#1639,#754,.T.);
#2017=EDGE_CURVE('',#1639,#1636,#755,.T.);
#2018=EDGE_CURVE('',#1581,#1640,#756,.T.);
#2019=EDGE_CURVE('',#1640,#1641,#757,.T.);
#2020=EDGE_CURVE('',#1641,#1642,#758,.T.);
#2021=EDGE_CURVE('',#1638,#1642,#759,.T.);
#2022=EDGE_CURVE('',#1630,#1637,#760,.T.);
#2023=EDGE_CURVE('',#1643,#1644,#761,.T.);
#2024=EDGE_CURVE('',#1644,#1645,#762,.T.);
#2025=EDGE_CURVE('',#1645,#1646,#763,.T.);
#2026=EDGE_CURVE('',#1646,#1643,#764,.T.);
#2027=EDGE_CURVE('',#1645,#1605,#765,.T.);
#2028=EDGE_CURVE('',#1647,#1644,#766,.T.);
#2029=EDGE_CURVE('',#1648,#1647,#767,.T.);
#2030=EDGE_CURVE('',#1649,#1648,#768,.T.);
#2031=EDGE_CURVE('',#1529,#1649,#769,.T.);
#2032=EDGE_CURVE('',#1650,#1617,#770,.T.);
#2033=EDGE_CURVE('',#1616,#1651,#771,.T.);
#2034=EDGE_CURVE('',#1651,#1650,#772,.T.);
#2035=EDGE_CURVE('',#1561,#1652,#1400,.T.);
#2036=EDGE_CURVE('',#1652,#1518,#773,.T.);
#2037=EDGE_CURVE('',#1653,#1652,#774,.T.);
#2038=EDGE_CURVE('',#1519,#1653,#775,.T.);
#2039=EDGE_CURVE('',#1654,#1547,#1401,.T.);
#2040=EDGE_CURVE('',#1592,#1654,#776,.T.);
#2041=EDGE_CURVE('',#1655,#1587,#777,.T.);
#2042=EDGE_CURVE('',#1586,#1656,#778,.T.);
#2043=EDGE_CURVE('',#1656,#1655,#39,.T.);
#2044=EDGE_CURVE('',#1620,#1655,#779,.T.);
#2045=EDGE_CURVE('',#1656,#1621,#780,.T.);
#2046=EDGE_CURVE('',#1633,#1585,#781,.T.);
#2047=EDGE_CURVE('',#1633,#1656,#782,.T.);
#2048=EDGE_CURVE('',#1636,#1657,#783,.T.);
#2049=EDGE_CURVE('',#1658,#1657,#1402,.T.);
#2050=EDGE_CURVE('',#1658,#1659,#784,.T.);
#2051=EDGE_CURVE('',#1660,#1659,#1403,.T.);
#2052=EDGE_CURVE('',#1660,#1635,#785,.T.);
#2053=EDGE_CURVE('',#1661,#1661,#1404,.T.);
#2054=EDGE_CURVE('',#1662,#1662,#1405,.T.);
#2055=EDGE_CURVE('',#1663,#1663,#1406,.T.);
#2056=EDGE_CURVE('',#1664,#1664,#1407,.T.);
#2057=EDGE_CURVE('',#1665,#1666,#1408,.T.);
#2058=EDGE_CURVE('',#1666,#1667,#1409,.T.);
#2059=EDGE_CURVE('',#1667,#1668,#1410,.T.);
#2060=EDGE_CURVE('',#1668,#1669,#786,.T.);
#2061=EDGE_CURVE('',#1669,#1670,#787,.T.);
#2062=EDGE_CURVE('',#1670,#1665,#788,.T.);
#2063=EDGE_CURVE('',#1671,#1524,#789,.T.);
#2064=EDGE_CURVE('',#1618,#1671,#40,.T.);
#2065=EDGE_CURVE('',#1611,#1671,#790,.T.);
#2066=EDGE_CURVE('',#1671,#1607,#791,.T.);
#2067=EDGE_CURVE('',#1525,#1607,#792,.T.);
#2068=EDGE_CURVE('',#1650,#1672,#793,.T.);
#2069=EDGE_CURVE('',#1673,#1672,#1411,.T.);
#2070=EDGE_CURVE('',#1673,#1674,#794,.T.);
#2071=EDGE_CURVE('',#1675,#1674,#1412,.T.);
#2072=EDGE_CURVE('',#1675,#1646,#795,.T.);
#2073=EDGE_CURVE('',#1676,#1677,#1413,.T.);
#2074=EDGE_CURVE('',#1677,#1678,#1414,.T.);
#2075=EDGE_CURVE('',#1678,#1679,#1415,.T.);
#2076=EDGE_CURVE('',#1679,#1680,#796,.T.);
#2077=EDGE_CURVE('',#1680,#1681,#797,.T.);
#2078=EDGE_CURVE('',#1681,#1676,#798,.T.);
#2079=EDGE_CURVE('',#1682,#1682,#1416,.T.);
#2080=EDGE_CURVE('',#1683,#1683,#1417,.T.);
#2081=EDGE_CURVE('',#1684,#1684,#1418,.T.);
#2082=EDGE_CURVE('',#1685,#1685,#1419,.T.);
#2083=EDGE_CURVE('',#1614,#1686,#799,.T.);
#2084=EDGE_CURVE('',#1687,#1686,#26,.T.);
#2085=EDGE_CURVE('',#1688,#1687,#800,.T.);
#2086=EDGE_CURVE('',#1689,#1688,#1420,.T.);
#2087=EDGE_CURVE('',#1615,#1689,#801,.T.);
#2088=EDGE_CURVE('',#1690,#1688,#802,.T.);
#2089=EDGE_CURVE('',#1689,#1690,#803,.T.);
#2090=EDGE_CURVE('',#1691,#1687,#804,.T.);
#2091=EDGE_CURVE('',#1691,#1690,#805,.T.);
#2092=EDGE_CURVE('',#1559,#1686,#1421,.T.);
#2093=EDGE_CURVE('',#1692,#1558,#41,.T.);
#2094=EDGE_CURVE('',#1693,#1692,#806,.F.);
#2095=EDGE_CURVE('',#1693,#1691,#1422,.T.);
#2096=EDGE_CURVE('',#1558,#1694,#807,.T.);
#2097=EDGE_CURVE('',#1694,#1692,#1423,.T.);
#2098=EDGE_CURVE('',#1695,#1694,#808,.T.);
#2099=EDGE_CURVE('',#1648,#1557,#809,.T.);
#2100=EDGE_CURVE('',#1695,#1647,#810,.T.);
#2101=EDGE_CURVE('',#1696,#1695,#811,.T.);
#2102=EDGE_CURVE('',#1643,#1697,#812,.T.);
#2103=EDGE_CURVE('',#1697,#1698,#813,.T.);
#2104=EDGE_CURVE('',#1698,#1696,#814,.T.);
#2105=EDGE_CURVE('',#1552,#1699,#1424,.T.);
#2106=EDGE_CURVE('',#1699,#1579,#815,.T.);
#2107=EDGE_CURVE('',#1699,#1700,#816,.T.);
#2108=EDGE_CURVE('',#1700,#1580,#817,.T.);
#2109=EDGE_CURVE('',#1701,#1702,#1425,.T.);
#2110=EDGE_CURVE('',#1702,#1596,#818,.T.);
#2111=EDGE_CURVE('',#1595,#1701,#819,.T.);
#2112=EDGE_CURVE('',#1702,#1703,#820,.T.);
#2113=EDGE_CURVE('',#1597,#1703,#821,.T.);
#2114=EDGE_CURVE('',#1703,#1704,#1426,.T.);
#2115=EDGE_CURVE('',#1704,#1594,#822,.T.);
#2116=EDGE_CURVE('',#1704,#1705,#823,.T.);
#2117=EDGE_CURVE('',#1593,#1705,#824,.T.);
#2118=EDGE_CURVE('',#1706,#1599,#825,.T.);
#2119=EDGE_CURVE('',#1706,#1707,#826,.T.);
#2120=EDGE_CURVE('',#1598,#1707,#827,.T.);
#2121=EDGE_CURVE('',#1601,#1708,#828,.T.);
#2122=EDGE_CURVE('',#1708,#1706,#1427,.T.);
#2123=EDGE_CURVE('',#1709,#1600,#829,.T.);
#2124=EDGE_CURVE('',#1709,#1708,#830,.T.);
#2125=EDGE_CURVE('',#1707,#1709,#1428,.T.);
#2126=EDGE_CURVE('',#1549,#1625,#831,.T.);
#2127=EDGE_CURVE('',#1548,#1626,#832,.T.);
#2128=EDGE_CURVE('',#1710,#1627,#1429,.T.);
#2129=EDGE_CURVE('',#1591,#1710,#833,.T.);
#2130=EDGE_CURVE('',#1710,#1654,#834,.T.);
#2131=EDGE_CURVE('',#1711,#1550,#835,.T.);
#2132=EDGE_CURVE('',#1712,#1711,#836,.T.);
#2133=EDGE_CURVE('',#1642,#1712,#837,.T.);
#2134=EDGE_CURVE('',#1641,#1551,#838,.T.);
#2135=EDGE_CURVE('',#1640,#1700,#1430,.T.);
#2136=EDGE_CURVE('',#1705,#1701,#839,.T.);
#2137=EDGE_CURVE('',#1713,#1660,#840,.T.);
#2138=EDGE_CURVE('',#1714,#1713,#841,.T.);
#2139=EDGE_CURVE('',#1715,#1714,#842,.T.);
#2140=EDGE_CURVE('',#1634,#1715,#843,.T.);
#2141=EDGE_CURVE('',#1716,#1639,#844,.T.);
#2142=EDGE_CURVE('',#1716,#1717,#845,.T.);
#2143=EDGE_CURVE('',#1718,#1717,#846,.T.);
#2144=EDGE_CURVE('',#1657,#1718,#847,.T.);
#2145=EDGE_CURVE('',#1712,#1719,#848,.T.);
#2146=EDGE_CURVE('',#1720,#1719,#849,.T.);
#2147=EDGE_CURVE('',#1716,#1720,#850,.T.);
#2148=EDGE_CURVE('',#1721,#1556,#1431,.T.);
#2149=EDGE_CURVE('',#1531,#1721,#851,.T.);
#2150=EDGE_CURVE('',#1722,#1723,#1432,.T.);
#2151=EDGE_CURVE('',#1723,#1537,#852,.T.);
#2152=EDGE_CURVE('',#1536,#1722,#853,.T.);
#2153=EDGE_CURVE('',#1724,#1723,#854,.T.);
#2154=EDGE_CURVE('',#1533,#1724,#855,.T.);
#2155=EDGE_CURVE('',#1725,#1535,#856,.T.);
#2156=EDGE_CURVE('',#1722,#1725,#857,.T.);
#2157=EDGE_CURVE('',#1726,#1725,#1433,.T.);
#2158=EDGE_CURVE('',#1534,#1726,#858,.T.);
#2159=EDGE_CURVE('',#1541,#1727,#859,.T.);
#2160=EDGE_CURVE('',#1727,#1728,#1434,.T.);
#2161=EDGE_CURVE('',#1728,#1538,#860,.T.);
#2162=EDGE_CURVE('',#1729,#1540,#861,.T.);
#2163=EDGE_CURVE('',#1727,#1729,#862,.T.);
#2164=EDGE_CURVE('',#1730,#1729,#1435,.T.);
#2165=EDGE_CURVE('',#1539,#1730,#863,.T.);
#2166=EDGE_CURVE('',#1653,#1612,#1436,.T.);
#2167=EDGE_CURVE('',#1560,#1613,#864,.T.);
#2168=EDGE_CURVE('',#1730,#1728,#865,.T.);
#2169=EDGE_CURVE('',#1649,#1731,#1437,.T.);
#2170=EDGE_CURVE('',#1731,#1530,#866,.T.);
#2171=EDGE_CURVE('',#1721,#1731,#867,.T.);
#2172=EDGE_CURVE('',#1726,#1724,#868,.T.);
#2173=EDGE_CURVE('',#1732,#1651,#869,.T.);
#2174=EDGE_CURVE('',#1732,#1733,#870,.T.);
#2175=EDGE_CURVE('',#1734,#1733,#871,.T.);
#2176=EDGE_CURVE('',#1672,#1734,#872,.T.);
#2177=EDGE_CURVE('',#1735,#1615,#873,.T.);
#2178=EDGE_CURVE('',#1732,#1735,#874,.T.);
#2179=EDGE_CURVE('',#1736,#1675,#875,.T.);
#2180=EDGE_CURVE('',#1737,#1736,#876,.T.);
#2181=EDGE_CURVE('',#1697,#1737,#877,.T.);
#2182=EDGE_CURVE('',#1735,#1738,#878,.T.);
#2183=EDGE_CURVE('',#1733,#1738,#879,.T.);
#2184=EDGE_CURVE('',#1739,#1737,#880,.T.);
#2185=EDGE_CURVE('',#1698,#1739,#881,.T.);
#2186=EDGE_CURVE('',#1740,#1741,#1438,.T.);
#2187=EDGE_CURVE('',#1740,#1742,#882,.T.);
#2188=EDGE_CURVE('',#1743,#1742,#1439,.T.);
#2189=EDGE_CURVE('',#1741,#1743,#883,.T.);
#2190=EDGE_CURVE('',#1741,#1744,#884,.T.);
#2191=EDGE_CURVE('',#1745,#1743,#885,.T.);
#2192=EDGE_CURVE('',#1744,#1745,#886,.T.);
#2193=EDGE_CURVE('',#1744,#1746,#1440,.T.);
#2194=EDGE_CURVE('',#1747,#1745,#1441,.T.);
#2195=EDGE_CURVE('',#1746,#1747,#887,.T.);
#2196=EDGE_CURVE('',#1742,#1739,#888,.T.);
#2197=EDGE_CURVE('',#1736,#1748,#1442,.T.);
#2198=EDGE_CURVE('',#1748,#1749,#889,.T.);
#2199=EDGE_CURVE('',#1749,#1734,#1443,.T.);
#2200=EDGE_CURVE('',#1738,#1747,#890,.T.);
#2201=EDGE_CURVE('',#1750,#1740,#891,.T.);
#2202=EDGE_CURVE('',#1746,#1751,#892,.T.);
#2203=EDGE_CURVE('',#1751,#1750,#893,.T.);
#2204=EDGE_CURVE('',#1752,#1753,#1444,.T.);
#2205=EDGE_CURVE('',#1753,#1754,#894,.T.);
#2206=EDGE_CURVE('',#1754,#1755,#895,.T.);
#2207=EDGE_CURVE('',#1755,#1756,#896,.T.);
#2208=EDGE_CURVE('',#1756,#1757,#1445,.T.);
#2209=EDGE_CURVE('',#1757,#1752,#1446,.T.);
#2210=EDGE_CURVE('',#1758,#1758,#1447,.T.);
#2211=EDGE_CURVE('',#1759,#1759,#1448,.T.);
#2212=EDGE_CURVE('',#1760,#1760,#1449,.T.);
#2213=EDGE_CURVE('',#1761,#1761,#1450,.T.);
#2214=EDGE_CURVE('',#1720,#1762,#897,.T.);
#2215=EDGE_CURVE('',#1717,#1762,#898,.T.);
#2216=EDGE_CURVE('',#1763,#1764,#899,.T.);
#2217=EDGE_CURVE('',#1763,#1765,#900,.T.);
#2218=EDGE_CURVE('',#1766,#1765,#901,.T.);
#2219=EDGE_CURVE('',#1764,#1766,#902,.T.);
#2220=EDGE_CURVE('',#1715,#1767,#903,.T.);
#2221=EDGE_CURVE('',#1768,#1714,#904,.T.);
#2222=EDGE_CURVE('',#1767,#1768,#905,.T.);
#2223=EDGE_CURVE('',#1713,#1769,#1451,.T.);
#2224=EDGE_CURVE('',#1769,#1770,#906,.T.);
#2225=EDGE_CURVE('',#1770,#1718,#1452,.T.);
#2226=EDGE_CURVE('',#1762,#1766,#907,.T.);
#2227=EDGE_CURVE('',#1765,#1768,#908,.T.);
#2228=EDGE_CURVE('',#1749,#1673,#909,.T.);
#2229=EDGE_CURVE('',#1674,#1748,#910,.T.);
#2230=EDGE_CURVE('',#1770,#1658,#911,.T.);
#2231=EDGE_CURVE('',#1659,#1769,#912,.T.);
#2232=EDGE_CURVE('',#1764,#1771,#913,.T.);
#2233=EDGE_CURVE('',#1771,#1772,#914,.T.);
#2234=EDGE_CURVE('',#1772,#1763,#915,.T.);
#2235=EDGE_CURVE('',#1773,#1773,#1453,.T.);
#2236=EDGE_CURVE('',#1774,#1774,#1454,.T.);
#2237=EDGE_CURVE('',#1775,#1775,#1455,.T.);
#2238=EDGE_CURVE('',#1776,#1776,#1456,.T.);
#2239=EDGE_CURVE('',#1777,#1778,#1457,.T.);
#2240=EDGE_CURVE('',#1778,#1779,#916,.T.);
#2241=EDGE_CURVE('',#1779,#1780,#917,.T.);
#2242=EDGE_CURVE('',#1780,#1781,#918,.T.);
#2243=EDGE_CURVE('',#1781,#1782,#1458,.T.);
#2244=EDGE_CURVE('',#1782,#1777,#1459,.T.);
#2245=EDGE_CURVE('',#1783,#1783,#1460,.T.);
#2246=EDGE_CURVE('',#1784,#1784,#1461,.T.);
#2247=EDGE_CURVE('',#1685,#1783,#919,.T.);
#2248=EDGE_CURVE('',#1784,#1761,#920,.T.);
#2249=EDGE_CURVE('',#1785,#1785,#1462,.T.);
#2250=EDGE_CURVE('',#1786,#1786,#1463,.T.);
#2251=EDGE_CURVE('',#1684,#1785,#921,.T.);
#2252=EDGE_CURVE('',#1786,#1760,#922,.T.);
#2253=EDGE_CURVE('',#1787,#1787,#1464,.T.);
#2254=EDGE_CURVE('',#1788,#1788,#1465,.T.);
#2255=EDGE_CURVE('',#1683,#1787,#923,.T.);
#2256=EDGE_CURVE('',#1788,#1759,#924,.T.);
#2257=EDGE_CURVE('',#1789,#1789,#1466,.T.);
#2258=EDGE_CURVE('',#1790,#1790,#1467,.T.);
#2259=EDGE_CURVE('',#1682,#1789,#925,.T.);
#2260=EDGE_CURVE('',#1790,#1758,#926,.T.);
#2261=EDGE_CURVE('',#1750,#1696,#927,.T.);
#2262=EDGE_CURVE('',#1751,#1693,#928,.T.);
#2263=EDGE_CURVE('',#1677,#1752,#929,.T.);
#2264=EDGE_CURVE('',#1678,#1757,#930,.T.);
#2265=EDGE_CURVE('',#1679,#1756,#931,.T.);
#2266=EDGE_CURVE('',#1680,#1755,#932,.T.);
#2267=EDGE_CURVE('',#1681,#1754,#933,.T.);
#2268=EDGE_CURVE('',#1676,#1753,#934,.T.);
#2269=EDGE_CURVE('',#1791,#1791,#1468,.T.);
#2270=EDGE_CURVE('',#1792,#1792,#1469,.T.);
#2271=EDGE_CURVE('',#1661,#1791,#935,.T.);
#2272=EDGE_CURVE('',#1792,#1773,#936,.T.);
#2273=EDGE_CURVE('',#1793,#1793,#1470,.T.);
#2274=EDGE_CURVE('',#1794,#1794,#1471,.T.);
#2275=EDGE_CURVE('',#1662,#1793,#937,.T.);
#2276=EDGE_CURVE('',#1794,#1774,#938,.T.);
#2277=EDGE_CURVE('',#1795,#1795,#1472,.T.);
#2278=EDGE_CURVE('',#1796,#1796,#1473,.T.);
#2279=EDGE_CURVE('',#1663,#1795,#939,.T.);
#2280=EDGE_CURVE('',#1796,#1775,#940,.T.);
#2281=EDGE_CURVE('',#1797,#1797,#1474,.T.);
#2282=EDGE_CURVE('',#1798,#1798,#1475,.T.);
#2283=EDGE_CURVE('',#1664,#1797,#941,.T.);
#2284=EDGE_CURVE('',#1798,#1776,#942,.T.);
#2285=EDGE_CURVE('',#1799,#1711,#943,.T.);
#2286=EDGE_CURVE('',#1719,#1799,#944,.T.);
#2287=EDGE_CURVE('',#1772,#1800,#945,.T.);
#2288=EDGE_CURVE('',#1767,#1800,#946,.T.);
#2289=EDGE_CURVE('',#1771,#1801,#947,.T.);
#2290=EDGE_CURVE('',#1800,#1801,#948,.T.);
#2291=EDGE_CURVE('',#1801,#1799,#949,.T.);
#2292=EDGE_CURVE('',#1666,#1777,#950,.T.);
#2293=EDGE_CURVE('',#1667,#1782,#951,.T.);
#2294=EDGE_CURVE('',#1668,#1781,#952,.T.);
#2295=EDGE_CURVE('',#1669,#1780,#953,.T.);
#2296=EDGE_CURVE('',#1670,#1779,#954,.T.);
#2297=EDGE_CURVE('',#1665,#1778,#955,.T.);
#2298=EDGE_CURVE('',#1802,#1802,#1476,.T.);
#2299=EDGE_CURVE('',#1802,#1803,#956,.T.);
#2300=EDGE_CURVE('',#1803,#1803,#1477,.T.);
#2301=EDGE_CURVE('',#1804,#1805,#1478,.T.);
#2302=EDGE_CURVE('',#1805,#1806,#957,.T.);
#2303=EDGE_CURVE('',#1807,#1806,#1479,.F.);
#2304=EDGE_CURVE('',#1807,#1804,#958,.T.);
#2305=EDGE_CURVE('',#1808,#1807,#959,.T.);
#2306=EDGE_CURVE('',#1809,#1808,#960,.T.);
#2307=EDGE_CURVE('',#1804,#1809,#961,.T.);
#2308=EDGE_CURVE('',#1810,#1809,#1480,.T.);
#2309=EDGE_CURVE('',#1811,#1808,#1481,.F.);
#2310=EDGE_CURVE('',#1811,#1810,#962,.T.);
#2311=EDGE_CURVE('',#1812,#1811,#963,.T.);
#2312=EDGE_CURVE('',#1813,#1812,#964,.T.);
#2313=EDGE_CURVE('',#1810,#1813,#965,.T.);
#2314=EDGE_CURVE('',#1569,#1563,#27,.F.);
#2315=EDGE_CURVE('',#1568,#1814,#42,.T.);
#2316=EDGE_CURVE('',#1814,#1813,#1482,.T.);
#2317=EDGE_CURVE('',#1812,#1815,#1483,.T.);
#2318=EDGE_CURVE('',#1562,#1815,#43,.T.);
#2319=EDGE_CURVE('',#1816,#1564,#1484,.T.);
#2320=EDGE_CURVE('',#1817,#1816,#44,.F.);
#2321=EDGE_CURVE('',#1565,#1817,#1485,.T.);
#2322=EDGE_CURVE('',#1815,#1816,#966,.T.);
#2323=EDGE_CURVE('',#1818,#1566,#1486,.T.);
#2324=EDGE_CURVE('',#1819,#1818,#45,.F.);
#2325=EDGE_CURVE('',#1567,#1819,#1487,.T.);
#2326=EDGE_CURVE('',#1817,#1818,#967,.T.);
#2327=EDGE_CURVE('',#1820,#1817,#968,.T.);
#2328=EDGE_CURVE('',#1816,#1821,#969,.T.);
#2329=EDGE_CURVE('',#1821,#1820,#46,.T.);
#2330=EDGE_CURVE('',#1821,#1808,#970,.T.);
#2331=EDGE_CURVE('',#1807,#1822,#971,.T.);
#2332=EDGE_CURVE('',#1822,#1823,#47,.T.);
#2333=EDGE_CURVE('',#1823,#1820,#972,.T.);
#2334=EDGE_CURVE('',#1824,#1825,#48,.F.);
#2335=EDGE_CURVE('',#1576,#1824,#1488,.T.);
#2336=EDGE_CURVE('',#1825,#1575,#1489,.T.);
#2337=EDGE_CURVE('',#1824,#1826,#973,.T.);
#2338=EDGE_CURVE('',#1826,#1577,#49,.T.);
#2339=EDGE_CURVE('',#1827,#1828,#50,.F.);
#2340=EDGE_CURVE('',#1574,#1827,#1490,.T.);
#2341=EDGE_CURVE('',#1828,#1573,#1491,.T.);
#2342=EDGE_CURVE('',#1827,#1825,#974,.T.);
#2343=EDGE_CURVE('',#1578,#1571,#28,.F.);
#2344=EDGE_CURVE('',#1826,#1829,#1492,.T.);
#2345=EDGE_CURVE('',#1829,#1830,#975,.T.);
#2346=EDGE_CURVE('',#1830,#1831,#1493,.T.);
#2347=EDGE_CURVE('',#1831,#1572,#51,.T.);
#2348=EDGE_CURVE('',#1828,#1831,#976,.T.);
#2349=EDGE_CURVE('',#1832,#1827,#977,.T.);
#2350=EDGE_CURVE('',#1828,#1833,#978,.T.);
#2351=EDGE_CURVE('',#1833,#1832,#52,.T.);
#2352=EDGE_CURVE('',#1822,#1824,#979,.T.);
#2353=EDGE_CURVE('',#1825,#1823,#980,.T.);
#2354=EDGE_CURVE('',#1834,#1832,#981,.T.);
#2355=EDGE_CURVE('',#1833,#1804,#982,.T.);
#2356=EDGE_CURVE('',#1809,#1835,#983,.T.);
#2357=EDGE_CURVE('',#1835,#1834,#53,.T.);
#2358=EDGE_CURVE('',#1835,#1819,#984,.T.);
#2359=EDGE_CURVE('',#1818,#1834,#985,.T.);
#2360=EDGE_CURVE('',#1819,#1814,#986,.T.);
#2361=EDGE_CURVE('',#1832,#1823,#987,.T.);
#2362=EDGE_CURVE('',#1820,#1834,#988,.T.);
#2363=EDGE_CURVE('',#1806,#1829,#989,.T.);
#2364=EDGE_CURVE('',#1830,#1805,#990,.T.);
#2365=EDGE_CURVE('',#1544,#1570,#991,.T.);
#2366=ORIENTED_EDGE('',*,*,#1836,.F.);
#2367=ORIENTED_EDGE('',*,*,#1837,.T.);
#2368=ORIENTED_EDGE('',*,*,#1838,.F.);
#2369=ORIENTED_EDGE('',*,*,#1837,.F.);
#2370=ORIENTED_EDGE('',*,*,#1838,.T.);
#2371=ORIENTED_EDGE('',*,*,#1839,.F.);
#2372=ORIENTED_EDGE('',*,*,#1840,.T.);
#2373=ORIENTED_EDGE('',*,*,#1841,.F.);
#2374=ORIENTED_EDGE('',*,*,#1840,.F.);
#2375=ORIENTED_EDGE('',*,*,#1841,.T.);
#2376=ORIENTED_EDGE('',*,*,#1842,.T.);
#2377=ORIENTED_EDGE('',*,*,#1843,.T.);
#2378=ORIENTED_EDGE('',*,*,#1844,.T.);
#2379=ORIENTED_EDGE('',*,*,#1845,.T.);
#2380=ORIENTED_EDGE('',*,*,#1846,.T.);
#2381=ORIENTED_EDGE('',*,*,#1847,.T.);
#2382=ORIENTED_EDGE('',*,*,#1842,.F.);
#2383=ORIENTED_EDGE('',*,*,#1848,.T.);
#2384=ORIENTED_EDGE('',*,*,#1849,.T.);
#2385=ORIENTED_EDGE('',*,*,#1850,.T.);
#2386=ORIENTED_EDGE('',*,*,#1846,.F.);
#2387=ORIENTED_EDGE('',*,*,#1851,.T.);
#2388=ORIENTED_EDGE('',*,*,#1852,.T.);
#2389=ORIENTED_EDGE('',*,*,#1853,.T.);
#2390=ORIENTED_EDGE('',*,*,#1849,.F.);
#2391=ORIENTED_EDGE('',*,*,#1854,.T.);
#2392=ORIENTED_EDGE('',*,*,#1855,.T.);
#2393=ORIENTED_EDGE('',*,*,#1856,.T.);
#2394=ORIENTED_EDGE('',*,*,#1852,.F.);
#2395=ORIENTED_EDGE('',*,*,#1857,.T.);
#2396=ORIENTED_EDGE('',*,*,#1858,.T.);
#2397=ORIENTED_EDGE('',*,*,#1859,.T.);
#2398=ORIENTED_EDGE('',*,*,#1855,.F.);
#2399=ORIENTED_EDGE('',*,*,#1860,.T.);
#2400=ORIENTED_EDGE('',*,*,#1861,.T.);
#2401=ORIENTED_EDGE('',*,*,#1862,.T.);
#2402=ORIENTED_EDGE('',*,*,#1858,.F.);
#2403=ORIENTED_EDGE('',*,*,#1863,.T.);
#2404=ORIENTED_EDGE('',*,*,#1844,.F.);
#2405=ORIENTED_EDGE('',*,*,#1864,.T.);
#2406=ORIENTED_EDGE('',*,*,#1861,.F.);
#2407=ORIENTED_EDGE('',*,*,#1865,.T.);
#2408=ORIENTED_EDGE('',*,*,#1859,.F.);
#2409=ORIENTED_EDGE('',*,*,#1866,.T.);
#2410=ORIENTED_EDGE('',*,*,#1867,.T.);
#2411=ORIENTED_EDGE('',*,*,#1868,.T.);
#2412=ORIENTED_EDGE('',*,*,#1862,.F.);
#2413=ORIENTED_EDGE('',*,*,#1869,.F.);
#2414=ORIENTED_EDGE('',*,*,#1870,.F.);
#2415=ORIENTED_EDGE('',*,*,#1871,.F.);
#2416=ORIENTED_EDGE('',*,*,#1872,.T.);
#2417=ORIENTED_EDGE('',*,*,#1873,.F.);
#2418=ORIENTED_EDGE('',*,*,#1874,.T.);
#2419=ORIENTED_EDGE('',*,*,#1875,.F.);
#2420=ORIENTED_EDGE('',*,*,#1876,.T.);
#2421=ORIENTED_EDGE('',*,*,#1877,.F.);
#2422=ORIENTED_EDGE('',*,*,#1878,.F.);
#2423=ORIENTED_EDGE('',*,*,#1879,.F.);
#2424=ORIENTED_EDGE('',*,*,#1880,.T.);
#2425=ORIENTED_EDGE('',*,*,#1881,.F.);
#2426=ORIENTED_EDGE('',*,*,#1882,.T.);
#2427=ORIENTED_EDGE('',*,*,#1883,.F.);
#2428=ORIENTED_EDGE('',*,*,#1884,.T.);
#2429=ORIENTED_EDGE('',*,*,#1885,.F.);
#2430=ORIENTED_EDGE('',*,*,#1886,.F.);
#2431=ORIENTED_EDGE('',*,*,#1866,.F.);
#2432=ORIENTED_EDGE('',*,*,#1887,.T.);
#2433=ORIENTED_EDGE('',*,*,#1888,.F.);
#2434=ORIENTED_EDGE('',*,*,#1889,.T.);
#2435=ORIENTED_EDGE('',*,*,#1890,.F.);
#2436=ORIENTED_EDGE('',*,*,#1891,.T.);
#2437=ORIENTED_EDGE('',*,*,#1892,.T.);
#2438=ORIENTED_EDGE('',*,*,#1893,.F.);
#2439=ORIENTED_EDGE('',*,*,#1894,.T.);
#2440=ORIENTED_EDGE('',*,*,#1895,.F.);
#2441=ORIENTED_EDGE('',*,*,#1864,.F.);
#2442=ORIENTED_EDGE('',*,*,#1896,.T.);
#2443=ORIENTED_EDGE('',*,*,#1897,.T.);
#2444=ORIENTED_EDGE('',*,*,#1869,.T.);
#2445=ORIENTED_EDGE('',*,*,#1843,.F.);
#2446=ORIENTED_EDGE('',*,*,#1898,.F.);
#2447=ORIENTED_EDGE('',*,*,#1899,.F.);
#2448=ORIENTED_EDGE('',*,*,#1896,.F.);
#2449=ORIENTED_EDGE('',*,*,#1845,.F.);
#2450=ORIENTED_EDGE('',*,*,#1865,.F.);
#2451=ORIENTED_EDGE('',*,*,#1863,.F.);
#2452=ORIENTED_EDGE('',*,*,#1860,.F.);
#2453=ORIENTED_EDGE('',*,*,#1857,.F.);
#2454=ORIENTED_EDGE('',*,*,#1854,.F.);
#2455=ORIENTED_EDGE('',*,*,#1851,.F.);
#2456=ORIENTED_EDGE('',*,*,#1848,.F.);
#2457=ORIENTED_EDGE('',*,*,#1900,.T.);
#2458=ORIENTED_EDGE('',*,*,#1897,.F.);
#2459=ORIENTED_EDGE('',*,*,#1899,.T.);
#2460=ORIENTED_EDGE('',*,*,#1901,.F.);
#2461=ORIENTED_EDGE('',*,*,#1902,.T.);
#2462=ORIENTED_EDGE('',*,*,#1903,.F.);
#2463=ORIENTED_EDGE('',*,*,#1904,.T.);
#2464=ORIENTED_EDGE('',*,*,#1905,.T.);
#2465=ORIENTED_EDGE('',*,*,#1906,.T.);
#2466=ORIENTED_EDGE('',*,*,#1907,.T.);
#2467=ORIENTED_EDGE('',*,*,#1908,.T.);
#2468=ORIENTED_EDGE('',*,*,#1909,.F.);
#2469=ORIENTED_EDGE('',*,*,#1910,.T.);
#2470=ORIENTED_EDGE('',*,*,#1911,.F.);
#2471=ORIENTED_EDGE('',*,*,#1912,.T.);
#2472=ORIENTED_EDGE('',*,*,#1867,.F.);
#2473=ORIENTED_EDGE('',*,*,#1886,.T.);
#2474=ORIENTED_EDGE('',*,*,#1913,.F.);
#2475=ORIENTED_EDGE('',*,*,#1914,.T.);
#2476=ORIENTED_EDGE('',*,*,#1915,.T.);
#2477=ORIENTED_EDGE('',*,*,#1916,.F.);
#2478=ORIENTED_EDGE('',*,*,#1917,.T.);
#2479=ORIENTED_EDGE('',*,*,#1918,.T.);
#2480=ORIENTED_EDGE('',*,*,#1919,.F.);
#2481=ORIENTED_EDGE('',*,*,#1870,.T.);
#2482=ORIENTED_EDGE('',*,*,#1836,.T.);
#2483=ORIENTED_EDGE('',*,*,#1839,.T.);
#2484=ORIENTED_EDGE('',*,*,#1920,.F.);
#2485=ORIENTED_EDGE('',*,*,#1921,.F.);
#2486=ORIENTED_EDGE('',*,*,#1922,.F.);
#2487=ORIENTED_EDGE('',*,*,#1923,.F.);
#2488=ORIENTED_EDGE('',*,*,#1924,.F.);
#2489=ORIENTED_EDGE('',*,*,#1925,.F.);
#2490=ORIENTED_EDGE('',*,*,#1926,.F.);
#2491=ORIENTED_EDGE('',*,*,#1927,.T.);
#2492=ORIENTED_EDGE('',*,*,#1928,.T.);
#2493=ORIENTED_EDGE('',*,*,#1929,.F.);
#2494=ORIENTED_EDGE('',*,*,#1930,.F.);
#2495=ORIENTED_EDGE('',*,*,#1931,.F.);
#2496=ORIENTED_EDGE('',*,*,#1932,.F.);
#2497=ORIENTED_EDGE('',*,*,#1933,.F.);
#2498=ORIENTED_EDGE('',*,*,#1934,.F.);
#2499=ORIENTED_EDGE('',*,*,#1935,.F.);
#2500=ORIENTED_EDGE('',*,*,#1936,.T.);
#2501=ORIENTED_EDGE('',*,*,#1847,.F.);
#2502=ORIENTED_EDGE('',*,*,#1937,.T.);
#2503=ORIENTED_EDGE('',*,*,#1901,.T.);
#2504=ORIENTED_EDGE('',*,*,#1898,.T.);
#2505=ORIENTED_EDGE('',*,*,#1850,.F.);
#2506=ORIENTED_EDGE('',*,*,#1938,.F.);
#2507=ORIENTED_EDGE('',*,*,#1910,.F.);
#2508=ORIENTED_EDGE('',*,*,#1939,.F.);
#2509=ORIENTED_EDGE('',*,*,#1940,.F.);
#2510=ORIENTED_EDGE('',*,*,#1941,.T.);
#2511=ORIENTED_EDGE('',*,*,#1942,.F.);
#2512=ORIENTED_EDGE('',*,*,#1943,.F.);
#2513=ORIENTED_EDGE('',*,*,#1944,.F.);
#2514=ORIENTED_EDGE('',*,*,#1945,.F.);
#2515=ORIENTED_EDGE('',*,*,#1946,.F.);
#2516=ORIENTED_EDGE('',*,*,#1947,.F.);
#2517=ORIENTED_EDGE('',*,*,#1948,.F.);
#2518=ORIENTED_EDGE('',*,*,#1949,.F.);
#2519=ORIENTED_EDGE('',*,*,#1950,.F.);
#2520=ORIENTED_EDGE('',*,*,#1951,.T.);
#2521=ORIENTED_EDGE('',*,*,#1952,.F.);
#2522=ORIENTED_EDGE('',*,*,#1953,.F.);
#2523=ORIENTED_EDGE('',*,*,#1902,.F.);
#2524=ORIENTED_EDGE('',*,*,#1937,.F.);
#2525=ORIENTED_EDGE('',*,*,#1954,.F.);
#2526=ORIENTED_EDGE('',*,*,#1955,.F.);
#2527=ORIENTED_EDGE('',*,*,#1956,.F.);
#2528=ORIENTED_EDGE('',*,*,#1957,.F.);
#2529=ORIENTED_EDGE('',*,*,#1958,.F.);
#2530=ORIENTED_EDGE('',*,*,#1959,.F.);
#2531=ORIENTED_EDGE('',*,*,#1960,.F.);
#2532=ORIENTED_EDGE('',*,*,#1961,.F.);
#2533=ORIENTED_EDGE('',*,*,#1962,.F.);
#2534=ORIENTED_EDGE('',*,*,#1853,.F.);
#2535=ORIENTED_EDGE('',*,*,#1963,.T.);
#2536=ORIENTED_EDGE('',*,*,#1911,.T.);
#2537=ORIENTED_EDGE('',*,*,#1938,.T.);
#2538=ORIENTED_EDGE('',*,*,#1964,.T.);
#2539=ORIENTED_EDGE('',*,*,#1965,.T.);
#2540=ORIENTED_EDGE('',*,*,#1966,.T.);
#2541=ORIENTED_EDGE('',*,*,#1967,.T.);
#2542=ORIENTED_EDGE('',*,*,#1881,.T.);
#2543=ORIENTED_EDGE('',*,*,#1968,.T.);
#2544=ORIENTED_EDGE('',*,*,#1964,.F.);
#2545=ORIENTED_EDGE('',*,*,#1969,.T.);
#2546=ORIENTED_EDGE('',*,*,#1965,.F.);
#2547=ORIENTED_EDGE('',*,*,#1970,.T.);
#2548=ORIENTED_EDGE('',*,*,#1971,.T.);
#2549=ORIENTED_EDGE('',*,*,#1972,.T.);
#2550=ORIENTED_EDGE('',*,*,#1968,.F.);
#2551=ORIENTED_EDGE('',*,*,#1880,.F.);
#2552=ORIENTED_EDGE('',*,*,#1973,.F.);
#2553=ORIENTED_EDGE('',*,*,#1970,.F.);
#2554=ORIENTED_EDGE('',*,*,#1875,.T.);
#2555=ORIENTED_EDGE('',*,*,#1974,.T.);
#2556=ORIENTED_EDGE('',*,*,#1975,.T.);
#2557=ORIENTED_EDGE('',*,*,#1976,.T.);
#2558=ORIENTED_EDGE('',*,*,#1977,.T.);
#2559=ORIENTED_EDGE('',*,*,#1978,.T.);
#2560=ORIENTED_EDGE('',*,*,#1975,.F.);
#2561=ORIENTED_EDGE('',*,*,#1979,.T.);
#2562=ORIENTED_EDGE('',*,*,#1979,.F.);
#2563=ORIENTED_EDGE('',*,*,#1974,.F.);
#2564=ORIENTED_EDGE('',*,*,#1874,.F.);
#2565=ORIENTED_EDGE('',*,*,#1980,.F.);
#2566=ORIENTED_EDGE('',*,*,#1981,.F.);
#2567=ORIENTED_EDGE('',*,*,#1982,.F.);
#2568=ORIENTED_EDGE('',*,*,#1983,.F.);
#2569=ORIENTED_EDGE('',*,*,#1984,.F.);
#2570=ORIENTED_EDGE('',*,*,#1985,.F.);
#2571=ORIENTED_EDGE('',*,*,#1986,.F.);
#2572=ORIENTED_EDGE('',*,*,#1976,.F.);
#2573=ORIENTED_EDGE('',*,*,#1987,.F.);
#2574=ORIENTED_EDGE('',*,*,#1988,.F.);
#2575=ORIENTED_EDGE('',*,*,#1876,.F.);
#2576=ORIENTED_EDGE('',*,*,#1989,.T.);
#2577=ORIENTED_EDGE('',*,*,#1990,.T.);
#2578=ORIENTED_EDGE('',*,*,#1991,.T.);
#2579=ORIENTED_EDGE('',*,*,#1992,.T.);
#2580=ORIENTED_EDGE('',*,*,#1949,.T.);
#2581=ORIENTED_EDGE('',*,*,#1993,.T.);
#2582=ORIENTED_EDGE('',*,*,#1989,.F.);
#2583=ORIENTED_EDGE('',*,*,#1994,.T.);
#2584=ORIENTED_EDGE('',*,*,#1994,.F.);
#2585=ORIENTED_EDGE('',*,*,#1992,.F.);
#2586=ORIENTED_EDGE('',*,*,#1995,.F.);
#2587=ORIENTED_EDGE('',*,*,#1996,.F.);
#2588=ORIENTED_EDGE('',*,*,#1997,.F.);
#2589=ORIENTED_EDGE('',*,*,#1998,.T.);
#2590=ORIENTED_EDGE('',*,*,#1999,.T.);
#2591=ORIENTED_EDGE('',*,*,#2000,.T.);
#2592=ORIENTED_EDGE('',*,*,#1950,.T.);
#2593=ORIENTED_EDGE('',*,*,#2001,.T.);
#2594=ORIENTED_EDGE('',*,*,#2002,.T.);
#2595=ORIENTED_EDGE('',*,*,#2003,.T.);
#2596=ORIENTED_EDGE('',*,*,#2004,.T.);
#2597=ORIENTED_EDGE('',*,*,#1943,.T.);
#2598=ORIENTED_EDGE('',*,*,#2005,.T.);
#2599=ORIENTED_EDGE('',*,*,#2001,.F.);
#2600=ORIENTED_EDGE('',*,*,#2006,.T.);
#2601=ORIENTED_EDGE('',*,*,#2006,.F.);
#2602=ORIENTED_EDGE('',*,*,#2007,.F.);
#2603=ORIENTED_EDGE('',*,*,#2008,.F.);
#2604=ORIENTED_EDGE('',*,*,#1944,.T.);
#2605=ORIENTED_EDGE('',*,*,#2004,.F.);
#2606=ORIENTED_EDGE('',*,*,#2009,.T.);
#2607=ORIENTED_EDGE('',*,*,#2010,.F.);
#2608=ORIENTED_EDGE('',*,*,#2007,.T.);
#2609=ORIENTED_EDGE('',*,*,#2011,.T.);
#2610=ORIENTED_EDGE('',*,*,#1996,.T.);
#2611=ORIENTED_EDGE('',*,*,#2012,.T.);
#2612=ORIENTED_EDGE('',*,*,#2013,.T.);
#2613=ORIENTED_EDGE('',*,*,#2014,.T.);
#2614=ORIENTED_EDGE('',*,*,#2015,.T.);
#2615=ORIENTED_EDGE('',*,*,#2016,.T.);
#2616=ORIENTED_EDGE('',*,*,#2017,.T.);
#2617=ORIENTED_EDGE('',*,*,#2005,.F.);
#2618=ORIENTED_EDGE('',*,*,#1942,.T.);
#2619=ORIENTED_EDGE('',*,*,#2018,.T.);
#2620=ORIENTED_EDGE('',*,*,#2019,.T.);
#2621=ORIENTED_EDGE('',*,*,#2020,.T.);
#2622=ORIENTED_EDGE('',*,*,#2021,.F.);
#2623=ORIENTED_EDGE('',*,*,#2015,.F.);
#2624=ORIENTED_EDGE('',*,*,#2022,.F.);
#2625=ORIENTED_EDGE('',*,*,#2002,.F.);
#2626=ORIENTED_EDGE('',*,*,#2023,.T.);
#2627=ORIENTED_EDGE('',*,*,#2024,.T.);
#2628=ORIENTED_EDGE('',*,*,#2025,.T.);
#2629=ORIENTED_EDGE('',*,*,#2026,.T.);
#2630=ORIENTED_EDGE('',*,*,#1967,.F.);
#2631=ORIENTED_EDGE('',*,*,#2027,.F.);
#2632=ORIENTED_EDGE('',*,*,#2024,.F.);
#2633=ORIENTED_EDGE('',*,*,#2028,.F.);
#2634=ORIENTED_EDGE('',*,*,#2029,.F.);
#2635=ORIENTED_EDGE('',*,*,#2030,.F.);
#2636=ORIENTED_EDGE('',*,*,#2031,.F.);
#2637=ORIENTED_EDGE('',*,*,#1882,.F.);
#2638=ORIENTED_EDGE('',*,*,#1969,.F.);
#2639=ORIENTED_EDGE('',*,*,#2032,.T.);
#2640=ORIENTED_EDGE('',*,*,#1985,.T.);
#2641=ORIENTED_EDGE('',*,*,#2033,.T.);
#2642=ORIENTED_EDGE('',*,*,#2034,.T.);
#2643=ORIENTED_EDGE('',*,*,#2035,.T.);
#2644=ORIENTED_EDGE('',*,*,#2036,.T.);
#2645=ORIENTED_EDGE('',*,*,#1871,.T.);
#2646=ORIENTED_EDGE('',*,*,#1919,.T.);
#2647=ORIENTED_EDGE('',*,*,#2036,.F.);
#2648=ORIENTED_EDGE('',*,*,#2037,.F.);
#2649=ORIENTED_EDGE('',*,*,#2038,.F.);
#2650=ORIENTED_EDGE('',*,*,#1872,.F.);
#2651=ORIENTED_EDGE('',*,*,#2039,.T.);
#2652=ORIENTED_EDGE('',*,*,#1903,.T.);
#2653=ORIENTED_EDGE('',*,*,#1953,.T.);
#2654=ORIENTED_EDGE('',*,*,#2040,.T.);
#2655=ORIENTED_EDGE('',*,*,#2041,.T.);
#2656=ORIENTED_EDGE('',*,*,#1947,.T.);
#2657=ORIENTED_EDGE('',*,*,#2042,.T.);
#2658=ORIENTED_EDGE('',*,*,#2043,.T.);
#2659=ORIENTED_EDGE('',*,*,#1990,.F.);
#2660=ORIENTED_EDGE('',*,*,#2044,.T.);
#2661=ORIENTED_EDGE('',*,*,#2043,.F.);
#2662=ORIENTED_EDGE('',*,*,#2045,.T.);
#2663=ORIENTED_EDGE('',*,*,#1993,.F.);
#2664=ORIENTED_EDGE('',*,*,#1948,.T.);
#2665=ORIENTED_EDGE('',*,*,#2041,.F.);
#2666=ORIENTED_EDGE('',*,*,#2044,.F.);
#2667=ORIENTED_EDGE('',*,*,#2046,.T.);
#2668=ORIENTED_EDGE('',*,*,#1945,.T.);
#2669=ORIENTED_EDGE('',*,*,#2008,.T.);
#2670=ORIENTED_EDGE('',*,*,#2010,.T.);
#2671=ORIENTED_EDGE('',*,*,#2042,.F.);
#2672=ORIENTED_EDGE('',*,*,#1946,.T.);
#2673=ORIENTED_EDGE('',*,*,#2046,.F.);
#2674=ORIENTED_EDGE('',*,*,#2047,.T.);
#2675=ORIENTED_EDGE('',*,*,#2045,.F.);
#2676=ORIENTED_EDGE('',*,*,#2047,.F.);
#2677=ORIENTED_EDGE('',*,*,#2009,.F.);
#2678=ORIENTED_EDGE('',*,*,#2003,.F.);
#2679=ORIENTED_EDGE('',*,*,#2022,.T.);
#2680=ORIENTED_EDGE('',*,*,#2014,.F.);
#2681=ORIENTED_EDGE('',*,*,#2048,.T.);
#2682=ORIENTED_EDGE('',*,*,#2049,.F.);
#2683=ORIENTED_EDGE('',*,*,#2050,.T.);
#2684=ORIENTED_EDGE('',*,*,#2051,.F.);
#2685=ORIENTED_EDGE('',*,*,#2052,.T.);
#2686=ORIENTED_EDGE('',*,*,#2012,.F.);
#2687=ORIENTED_EDGE('',*,*,#1995,.T.);
#2688=ORIENTED_EDGE('',*,*,#1991,.F.);
#2689=ORIENTED_EDGE('',*,*,#2053,.T.);
#2690=ORIENTED_EDGE('',*,*,#2054,.T.);
#2691=ORIENTED_EDGE('',*,*,#2055,.T.);
#2692=ORIENTED_EDGE('',*,*,#2056,.T.);
#2693=ORIENTED_EDGE('',*,*,#2057,.T.);
#2694=ORIENTED_EDGE('',*,*,#2058,.T.);
#2695=ORIENTED_EDGE('',*,*,#2059,.T.);
#2696=ORIENTED_EDGE('',*,*,#2060,.T.);
#2697=ORIENTED_EDGE('',*,*,#2061,.T.);
#2698=ORIENTED_EDGE('',*,*,#2062,.T.);
#2699=ORIENTED_EDGE('',*,*,#2063,.T.);
#2700=ORIENTED_EDGE('',*,*,#1877,.T.);
#2701=ORIENTED_EDGE('',*,*,#1988,.T.);
#2702=ORIENTED_EDGE('',*,*,#2064,.T.);
#2703=ORIENTED_EDGE('',*,*,#1978,.F.);
#2704=ORIENTED_EDGE('',*,*,#2065,.T.);
#2705=ORIENTED_EDGE('',*,*,#2064,.F.);
#2706=ORIENTED_EDGE('',*,*,#1987,.T.);
#2707=ORIENTED_EDGE('',*,*,#2063,.F.);
#2708=ORIENTED_EDGE('',*,*,#2066,.T.);
#2709=ORIENTED_EDGE('',*,*,#2067,.F.);
#2710=ORIENTED_EDGE('',*,*,#1878,.T.);
#2711=ORIENTED_EDGE('',*,*,#1986,.T.);
#2712=ORIENTED_EDGE('',*,*,#2032,.F.);
#2713=ORIENTED_EDGE('',*,*,#2068,.T.);
#2714=ORIENTED_EDGE('',*,*,#2069,.F.);
#2715=ORIENTED_EDGE('',*,*,#2070,.T.);
#2716=ORIENTED_EDGE('',*,*,#2071,.F.);
#2717=ORIENTED_EDGE('',*,*,#2072,.T.);
#2718=ORIENTED_EDGE('',*,*,#2025,.F.);
#2719=ORIENTED_EDGE('',*,*,#2027,.T.);
#2720=ORIENTED_EDGE('',*,*,#1966,.F.);
#2721=ORIENTED_EDGE('',*,*,#1972,.F.);
#2722=ORIENTED_EDGE('',*,*,#2066,.F.);
#2723=ORIENTED_EDGE('',*,*,#2065,.F.);
#2724=ORIENTED_EDGE('',*,*,#1977,.F.);
#2725=ORIENTED_EDGE('',*,*,#2073,.T.);
#2726=ORIENTED_EDGE('',*,*,#2074,.T.);
#2727=ORIENTED_EDGE('',*,*,#2075,.T.);
#2728=ORIENTED_EDGE('',*,*,#2076,.T.);
#2729=ORIENTED_EDGE('',*,*,#2077,.T.);
#2730=ORIENTED_EDGE('',*,*,#2078,.T.);
#2731=ORIENTED_EDGE('',*,*,#2079,.T.);
#2732=ORIENTED_EDGE('',*,*,#2080,.T.);
#2733=ORIENTED_EDGE('',*,*,#2081,.T.);
#2734=ORIENTED_EDGE('',*,*,#2082,.T.);
#2735=ORIENTED_EDGE('',*,*,#1973,.T.);
#2736=ORIENTED_EDGE('',*,*,#1879,.T.);
#2737=ORIENTED_EDGE('',*,*,#2067,.T.);
#2738=ORIENTED_EDGE('',*,*,#1971,.F.);
#2739=ORIENTED_EDGE('',*,*,#1983,.T.);
#2740=ORIENTED_EDGE('',*,*,#2083,.T.);
#2741=ORIENTED_EDGE('',*,*,#2084,.F.);
#2742=ORIENTED_EDGE('',*,*,#2085,.F.);
#2743=ORIENTED_EDGE('',*,*,#2086,.F.);
#2744=ORIENTED_EDGE('',*,*,#2087,.F.);
#2745=ORIENTED_EDGE('',*,*,#2086,.T.);
#2746=ORIENTED_EDGE('',*,*,#2088,.F.);
#2747=ORIENTED_EDGE('',*,*,#2089,.F.);
#2748=ORIENTED_EDGE('',*,*,#2085,.T.);
#2749=ORIENTED_EDGE('',*,*,#2090,.F.);
#2750=ORIENTED_EDGE('',*,*,#2091,.T.);
#2751=ORIENTED_EDGE('',*,*,#2088,.T.);
#2752=ORIENTED_EDGE('',*,*,#2084,.T.);
#2753=ORIENTED_EDGE('',*,*,#2092,.F.);
#2754=ORIENTED_EDGE('',*,*,#1916,.T.);
#2755=ORIENTED_EDGE('',*,*,#2093,.F.);
#2756=ORIENTED_EDGE('',*,*,#2094,.F.);
#2757=ORIENTED_EDGE('',*,*,#2095,.T.);
#2758=ORIENTED_EDGE('',*,*,#2090,.T.);
#2759=ORIENTED_EDGE('',*,*,#2093,.T.);
#2760=ORIENTED_EDGE('',*,*,#2096,.T.);
#2761=ORIENTED_EDGE('',*,*,#2097,.T.);
#2762=ORIENTED_EDGE('',*,*,#2098,.T.);
#2763=ORIENTED_EDGE('',*,*,#2096,.F.);
#2764=ORIENTED_EDGE('',*,*,#1915,.F.);
#2765=ORIENTED_EDGE('',*,*,#2099,.F.);
#2766=ORIENTED_EDGE('',*,*,#2029,.T.);
#2767=ORIENTED_EDGE('',*,*,#2100,.F.);
#2768=ORIENTED_EDGE('',*,*,#2101,.T.);
#2769=ORIENTED_EDGE('',*,*,#2100,.T.);
#2770=ORIENTED_EDGE('',*,*,#2028,.T.);
#2771=ORIENTED_EDGE('',*,*,#2023,.F.);
#2772=ORIENTED_EDGE('',*,*,#2102,.T.);
#2773=ORIENTED_EDGE('',*,*,#2103,.T.);
#2774=ORIENTED_EDGE('',*,*,#2104,.T.);
#2775=ORIENTED_EDGE('',*,*,#2105,.T.);
#2776=ORIENTED_EDGE('',*,*,#2106,.T.);
#2777=ORIENTED_EDGE('',*,*,#1939,.T.);
#2778=ORIENTED_EDGE('',*,*,#1909,.T.);
#2779=ORIENTED_EDGE('',*,*,#2106,.F.);
#2780=ORIENTED_EDGE('',*,*,#2107,.T.);
#2781=ORIENTED_EDGE('',*,*,#2108,.T.);
#2782=ORIENTED_EDGE('',*,*,#1940,.T.);
#2783=ORIENTED_EDGE('',*,*,#2109,.T.);
#2784=ORIENTED_EDGE('',*,*,#2110,.T.);
#2785=ORIENTED_EDGE('',*,*,#1956,.T.);
#2786=ORIENTED_EDGE('',*,*,#2111,.T.);
#2787=ORIENTED_EDGE('',*,*,#2110,.F.);
#2788=ORIENTED_EDGE('',*,*,#2112,.T.);
#2789=ORIENTED_EDGE('',*,*,#2113,.F.);
#2790=ORIENTED_EDGE('',*,*,#1957,.T.);
#2791=ORIENTED_EDGE('',*,*,#2114,.T.);
#2792=ORIENTED_EDGE('',*,*,#2115,.T.);
#2793=ORIENTED_EDGE('',*,*,#1958,.T.);
#2794=ORIENTED_EDGE('',*,*,#2113,.T.);
#2795=ORIENTED_EDGE('',*,*,#2115,.F.);
#2796=ORIENTED_EDGE('',*,*,#2116,.T.);
#2797=ORIENTED_EDGE('',*,*,#2117,.F.);
#2798=ORIENTED_EDGE('',*,*,#1954,.T.);
#2799=ORIENTED_EDGE('',*,*,#2118,.F.);
#2800=ORIENTED_EDGE('',*,*,#2119,.T.);
#2801=ORIENTED_EDGE('',*,*,#2120,.F.);
#2802=ORIENTED_EDGE('',*,*,#1959,.T.);
#2803=ORIENTED_EDGE('',*,*,#1962,.T.);
#2804=ORIENTED_EDGE('',*,*,#2121,.T.);
#2805=ORIENTED_EDGE('',*,*,#2122,.T.);
#2806=ORIENTED_EDGE('',*,*,#2118,.T.);
#2807=ORIENTED_EDGE('',*,*,#2121,.F.);
#2808=ORIENTED_EDGE('',*,*,#1961,.T.);
#2809=ORIENTED_EDGE('',*,*,#2123,.F.);
#2810=ORIENTED_EDGE('',*,*,#2124,.T.);
#2811=ORIENTED_EDGE('',*,*,#2125,.T.);
#2812=ORIENTED_EDGE('',*,*,#2123,.T.);
#2813=ORIENTED_EDGE('',*,*,#1960,.T.);
#2814=ORIENTED_EDGE('',*,*,#2120,.T.);
#2815=ORIENTED_EDGE('',*,*,#2126,.F.);
#2816=ORIENTED_EDGE('',*,*,#1905,.F.);
#2817=ORIENTED_EDGE('',*,*,#2127,.T.);
#2818=ORIENTED_EDGE('',*,*,#1998,.F.);
#2819=ORIENTED_EDGE('',*,*,#1951,.F.);
#2820=ORIENTED_EDGE('',*,*,#2000,.F.);
#2821=ORIENTED_EDGE('',*,*,#2128,.F.);
#2822=ORIENTED_EDGE('',*,*,#2129,.F.);
#2823=ORIENTED_EDGE('',*,*,#2128,.T.);
#2824=ORIENTED_EDGE('',*,*,#1999,.F.);
#2825=ORIENTED_EDGE('',*,*,#2127,.F.);
#2826=ORIENTED_EDGE('',*,*,#1904,.F.);
#2827=ORIENTED_EDGE('',*,*,#2039,.F.);
#2828=ORIENTED_EDGE('',*,*,#2130,.F.);
#2829=ORIENTED_EDGE('',*,*,#2125,.F.);
#2830=ORIENTED_EDGE('',*,*,#2119,.F.);
#2831=ORIENTED_EDGE('',*,*,#2122,.F.);
#2832=ORIENTED_EDGE('',*,*,#2124,.F.);
#2833=ORIENTED_EDGE('',*,*,#2040,.F.);
#2834=ORIENTED_EDGE('',*,*,#1952,.T.);
#2835=ORIENTED_EDGE('',*,*,#2129,.T.);
#2836=ORIENTED_EDGE('',*,*,#2130,.T.);
#2837=ORIENTED_EDGE('',*,*,#2131,.F.);
#2838=ORIENTED_EDGE('',*,*,#2132,.F.);
#2839=ORIENTED_EDGE('',*,*,#2133,.F.);
#2840=ORIENTED_EDGE('',*,*,#2020,.F.);
#2841=ORIENTED_EDGE('',*,*,#2134,.T.);
#2842=ORIENTED_EDGE('',*,*,#1907,.F.);
#2843=ORIENTED_EDGE('',*,*,#1941,.F.);
#2844=ORIENTED_EDGE('',*,*,#2108,.F.);
#2845=ORIENTED_EDGE('',*,*,#2135,.F.);
#2846=ORIENTED_EDGE('',*,*,#2018,.F.);
#2847=ORIENTED_EDGE('',*,*,#2135,.T.);
#2848=ORIENTED_EDGE('',*,*,#2107,.F.);
#2849=ORIENTED_EDGE('',*,*,#2105,.F.);
#2850=ORIENTED_EDGE('',*,*,#1908,.F.);
#2851=ORIENTED_EDGE('',*,*,#2134,.F.);
#2852=ORIENTED_EDGE('',*,*,#2019,.F.);
#2853=ORIENTED_EDGE('',*,*,#2114,.F.);
#2854=ORIENTED_EDGE('',*,*,#2112,.F.);
#2855=ORIENTED_EDGE('',*,*,#2109,.F.);
#2856=ORIENTED_EDGE('',*,*,#2136,.F.);
#2857=ORIENTED_EDGE('',*,*,#2116,.F.);
#2858=ORIENTED_EDGE('',*,*,#2111,.F.);
#2859=ORIENTED_EDGE('',*,*,#1955,.T.);
#2860=ORIENTED_EDGE('',*,*,#2117,.T.);
#2861=ORIENTED_EDGE('',*,*,#2136,.T.);
#2862=ORIENTED_EDGE('',*,*,#2013,.F.);
#2863=ORIENTED_EDGE('',*,*,#2052,.F.);
#2864=ORIENTED_EDGE('',*,*,#2137,.F.);
#2865=ORIENTED_EDGE('',*,*,#2138,.F.);
#2866=ORIENTED_EDGE('',*,*,#2139,.F.);
#2867=ORIENTED_EDGE('',*,*,#2140,.F.);
#2868=ORIENTED_EDGE('',*,*,#2017,.F.);
#2869=ORIENTED_EDGE('',*,*,#2141,.F.);
#2870=ORIENTED_EDGE('',*,*,#2142,.T.);
#2871=ORIENTED_EDGE('',*,*,#2143,.F.);
#2872=ORIENTED_EDGE('',*,*,#2144,.F.);
#2873=ORIENTED_EDGE('',*,*,#2048,.F.);
#2874=ORIENTED_EDGE('',*,*,#2021,.T.);
#2875=ORIENTED_EDGE('',*,*,#2133,.T.);
#2876=ORIENTED_EDGE('',*,*,#2145,.T.);
#2877=ORIENTED_EDGE('',*,*,#2146,.F.);
#2878=ORIENTED_EDGE('',*,*,#2147,.F.);
#2879=ORIENTED_EDGE('',*,*,#2141,.T.);
#2880=ORIENTED_EDGE('',*,*,#2016,.F.);
#2881=ORIENTED_EDGE('',*,*,#2148,.T.);
#2882=ORIENTED_EDGE('',*,*,#1913,.T.);
#2883=ORIENTED_EDGE('',*,*,#1885,.T.);
#2884=ORIENTED_EDGE('',*,*,#2149,.T.);
#2885=ORIENTED_EDGE('',*,*,#2150,.T.);
#2886=ORIENTED_EDGE('',*,*,#2151,.T.);
#2887=ORIENTED_EDGE('',*,*,#1890,.T.);
#2888=ORIENTED_EDGE('',*,*,#2152,.T.);
#2889=ORIENTED_EDGE('',*,*,#2151,.F.);
#2890=ORIENTED_EDGE('',*,*,#2153,.F.);
#2891=ORIENTED_EDGE('',*,*,#2154,.F.);
#2892=ORIENTED_EDGE('',*,*,#1891,.F.);
#2893=ORIENTED_EDGE('',*,*,#2152,.F.);
#2894=ORIENTED_EDGE('',*,*,#1889,.F.);
#2895=ORIENTED_EDGE('',*,*,#2155,.F.);
#2896=ORIENTED_EDGE('',*,*,#2156,.F.);
#2897=ORIENTED_EDGE('',*,*,#2157,.T.);
#2898=ORIENTED_EDGE('',*,*,#2155,.T.);
#2899=ORIENTED_EDGE('',*,*,#1888,.T.);
#2900=ORIENTED_EDGE('',*,*,#2158,.T.);
#2901=ORIENTED_EDGE('',*,*,#1895,.T.);
#2902=ORIENTED_EDGE('',*,*,#2159,.T.);
#2903=ORIENTED_EDGE('',*,*,#2160,.T.);
#2904=ORIENTED_EDGE('',*,*,#2161,.T.);
#2905=ORIENTED_EDGE('',*,*,#2159,.F.);
#2906=ORIENTED_EDGE('',*,*,#1894,.F.);
#2907=ORIENTED_EDGE('',*,*,#2162,.F.);
#2908=ORIENTED_EDGE('',*,*,#2163,.F.);
#2909=ORIENTED_EDGE('',*,*,#2164,.T.);
#2910=ORIENTED_EDGE('',*,*,#2162,.T.);
#2911=ORIENTED_EDGE('',*,*,#1893,.T.);
#2912=ORIENTED_EDGE('',*,*,#2165,.T.);
#2913=ORIENTED_EDGE('',*,*,#1873,.T.);
#2914=ORIENTED_EDGE('',*,*,#2038,.T.);
#2915=ORIENTED_EDGE('',*,*,#2166,.T.);
#2916=ORIENTED_EDGE('',*,*,#1980,.T.);
#2917=ORIENTED_EDGE('',*,*,#2166,.F.);
#2918=ORIENTED_EDGE('',*,*,#2037,.T.);
#2919=ORIENTED_EDGE('',*,*,#2035,.F.);
#2920=ORIENTED_EDGE('',*,*,#1918,.F.);
#2921=ORIENTED_EDGE('',*,*,#2167,.T.);
#2922=ORIENTED_EDGE('',*,*,#1981,.T.);
#2923=ORIENTED_EDGE('',*,*,#2168,.T.);
#2924=ORIENTED_EDGE('',*,*,#2160,.F.);
#2925=ORIENTED_EDGE('',*,*,#2163,.T.);
#2926=ORIENTED_EDGE('',*,*,#2164,.F.);
#2927=ORIENTED_EDGE('',*,*,#1883,.T.);
#2928=ORIENTED_EDGE('',*,*,#2031,.T.);
#2929=ORIENTED_EDGE('',*,*,#2169,.T.);
#2930=ORIENTED_EDGE('',*,*,#2170,.T.);
#2931=ORIENTED_EDGE('',*,*,#2149,.F.);
#2932=ORIENTED_EDGE('',*,*,#1884,.F.);
#2933=ORIENTED_EDGE('',*,*,#2170,.F.);
#2934=ORIENTED_EDGE('',*,*,#2171,.F.);
#2935=ORIENTED_EDGE('',*,*,#2169,.F.);
#2936=ORIENTED_EDGE('',*,*,#2030,.T.);
#2937=ORIENTED_EDGE('',*,*,#2099,.T.);
#2938=ORIENTED_EDGE('',*,*,#1914,.F.);
#2939=ORIENTED_EDGE('',*,*,#2148,.F.);
#2940=ORIENTED_EDGE('',*,*,#2171,.T.);
#2941=ORIENTED_EDGE('',*,*,#2172,.T.);
#2942=ORIENTED_EDGE('',*,*,#2153,.T.);
#2943=ORIENTED_EDGE('',*,*,#2150,.F.);
#2944=ORIENTED_EDGE('',*,*,#2156,.T.);
#2945=ORIENTED_EDGE('',*,*,#2157,.F.);
#2946=ORIENTED_EDGE('',*,*,#2083,.F.);
#2947=ORIENTED_EDGE('',*,*,#1982,.T.);
#2948=ORIENTED_EDGE('',*,*,#2167,.F.);
#2949=ORIENTED_EDGE('',*,*,#1917,.F.);
#2950=ORIENTED_EDGE('',*,*,#2092,.T.);
#2951=ORIENTED_EDGE('',*,*,#2161,.F.);
#2952=ORIENTED_EDGE('',*,*,#2168,.F.);
#2953=ORIENTED_EDGE('',*,*,#2165,.F.);
#2954=ORIENTED_EDGE('',*,*,#1892,.F.);
#2955=ORIENTED_EDGE('',*,*,#2158,.F.);
#2956=ORIENTED_EDGE('',*,*,#1887,.F.);
#2957=ORIENTED_EDGE('',*,*,#2154,.T.);
#2958=ORIENTED_EDGE('',*,*,#2172,.F.);
#2959=ORIENTED_EDGE('',*,*,#2034,.F.);
#2960=ORIENTED_EDGE('',*,*,#2173,.F.);
#2961=ORIENTED_EDGE('',*,*,#2174,.T.);
#2962=ORIENTED_EDGE('',*,*,#2175,.F.);
#2963=ORIENTED_EDGE('',*,*,#2176,.F.);
#2964=ORIENTED_EDGE('',*,*,#2068,.F.);
#2965=ORIENTED_EDGE('',*,*,#1984,.T.);
#2966=ORIENTED_EDGE('',*,*,#2177,.F.);
#2967=ORIENTED_EDGE('',*,*,#2178,.F.);
#2968=ORIENTED_EDGE('',*,*,#2173,.T.);
#2969=ORIENTED_EDGE('',*,*,#2033,.F.);
#2970=ORIENTED_EDGE('',*,*,#2026,.F.);
#2971=ORIENTED_EDGE('',*,*,#2072,.F.);
#2972=ORIENTED_EDGE('',*,*,#2179,.F.);
#2973=ORIENTED_EDGE('',*,*,#2180,.F.);
#2974=ORIENTED_EDGE('',*,*,#2181,.F.);
#2975=ORIENTED_EDGE('',*,*,#2102,.F.);
#2976=ORIENTED_EDGE('',*,*,#2178,.T.);
#2977=ORIENTED_EDGE('',*,*,#2182,.T.);
#2978=ORIENTED_EDGE('',*,*,#2183,.F.);
#2979=ORIENTED_EDGE('',*,*,#2174,.F.);
#2980=ORIENTED_EDGE('',*,*,#2103,.F.);
#2981=ORIENTED_EDGE('',*,*,#2181,.T.);
#2982=ORIENTED_EDGE('',*,*,#2184,.F.);
#2983=ORIENTED_EDGE('',*,*,#2185,.F.);
#2984=ORIENTED_EDGE('',*,*,#2186,.F.);
#2985=ORIENTED_EDGE('',*,*,#2187,.T.);
#2986=ORIENTED_EDGE('',*,*,#2188,.F.);
#2987=ORIENTED_EDGE('',*,*,#2189,.F.);
#2988=ORIENTED_EDGE('',*,*,#2190,.F.);
#2989=ORIENTED_EDGE('',*,*,#2189,.T.);
#2990=ORIENTED_EDGE('',*,*,#2191,.F.);
#2991=ORIENTED_EDGE('',*,*,#2192,.F.);
#2992=ORIENTED_EDGE('',*,*,#2193,.F.);
#2993=ORIENTED_EDGE('',*,*,#2192,.T.);
#2994=ORIENTED_EDGE('',*,*,#2194,.F.);
#2995=ORIENTED_EDGE('',*,*,#2195,.F.);
#2996=ORIENTED_EDGE('',*,*,#2194,.T.);
#2997=ORIENTED_EDGE('',*,*,#2191,.T.);
#2998=ORIENTED_EDGE('',*,*,#2188,.T.);
#2999=ORIENTED_EDGE('',*,*,#2196,.T.);
#3000=ORIENTED_EDGE('',*,*,#2184,.T.);
#3001=ORIENTED_EDGE('',*,*,#2180,.T.);
#3002=ORIENTED_EDGE('',*,*,#2197,.T.);
#3003=ORIENTED_EDGE('',*,*,#2198,.T.);
#3004=ORIENTED_EDGE('',*,*,#2199,.T.);
#3005=ORIENTED_EDGE('',*,*,#2175,.T.);
#3006=ORIENTED_EDGE('',*,*,#2183,.T.);
#3007=ORIENTED_EDGE('',*,*,#2200,.T.);
#3008=ORIENTED_EDGE('',*,*,#2201,.T.);
#3009=ORIENTED_EDGE('',*,*,#2186,.T.);
#3010=ORIENTED_EDGE('',*,*,#2190,.T.);
#3011=ORIENTED_EDGE('',*,*,#2193,.T.);
#3012=ORIENTED_EDGE('',*,*,#2202,.T.);
#3013=ORIENTED_EDGE('',*,*,#2203,.T.);
#3014=ORIENTED_EDGE('',*,*,#2204,.T.);
#3015=ORIENTED_EDGE('',*,*,#2205,.T.);
#3016=ORIENTED_EDGE('',*,*,#2206,.T.);
#3017=ORIENTED_EDGE('',*,*,#2207,.T.);
#3018=ORIENTED_EDGE('',*,*,#2208,.T.);
#3019=ORIENTED_EDGE('',*,*,#2209,.T.);
#3020=ORIENTED_EDGE('',*,*,#2210,.T.);
#3021=ORIENTED_EDGE('',*,*,#2211,.T.);
#3022=ORIENTED_EDGE('',*,*,#2212,.T.);
#3023=ORIENTED_EDGE('',*,*,#2213,.T.);
#3024=ORIENTED_EDGE('',*,*,#2147,.T.);
#3025=ORIENTED_EDGE('',*,*,#2214,.T.);
#3026=ORIENTED_EDGE('',*,*,#2215,.F.);
#3027=ORIENTED_EDGE('',*,*,#2142,.F.);
#3028=ORIENTED_EDGE('',*,*,#2216,.F.);
#3029=ORIENTED_EDGE('',*,*,#2217,.T.);
#3030=ORIENTED_EDGE('',*,*,#2218,.F.);
#3031=ORIENTED_EDGE('',*,*,#2219,.F.);
#3032=ORIENTED_EDGE('',*,*,#2220,.F.);
#3033=ORIENTED_EDGE('',*,*,#2139,.T.);
#3034=ORIENTED_EDGE('',*,*,#2221,.F.);
#3035=ORIENTED_EDGE('',*,*,#2222,.F.);
#3036=ORIENTED_EDGE('',*,*,#2221,.T.);
#3037=ORIENTED_EDGE('',*,*,#2138,.T.);
#3038=ORIENTED_EDGE('',*,*,#2223,.T.);
#3039=ORIENTED_EDGE('',*,*,#2224,.T.);
#3040=ORIENTED_EDGE('',*,*,#2225,.T.);
#3041=ORIENTED_EDGE('',*,*,#2143,.T.);
#3042=ORIENTED_EDGE('',*,*,#2215,.T.);
#3043=ORIENTED_EDGE('',*,*,#2226,.T.);
#3044=ORIENTED_EDGE('',*,*,#2218,.T.);
#3045=ORIENTED_EDGE('',*,*,#2227,.T.);
#3046=ORIENTED_EDGE('',*,*,#2228,.T.);
#3047=ORIENTED_EDGE('',*,*,#2069,.T.);
#3048=ORIENTED_EDGE('',*,*,#2176,.T.);
#3049=ORIENTED_EDGE('',*,*,#2199,.F.);
#3050=ORIENTED_EDGE('',*,*,#2228,.F.);
#3051=ORIENTED_EDGE('',*,*,#2198,.F.);
#3052=ORIENTED_EDGE('',*,*,#2229,.F.);
#3053=ORIENTED_EDGE('',*,*,#2070,.F.);
#3054=ORIENTED_EDGE('',*,*,#2179,.T.);
#3055=ORIENTED_EDGE('',*,*,#2071,.T.);
#3056=ORIENTED_EDGE('',*,*,#2229,.T.);
#3057=ORIENTED_EDGE('',*,*,#2197,.F.);
#3058=ORIENTED_EDGE('',*,*,#2230,.T.);
#3059=ORIENTED_EDGE('',*,*,#2049,.T.);
#3060=ORIENTED_EDGE('',*,*,#2144,.T.);
#3061=ORIENTED_EDGE('',*,*,#2225,.F.);
#3062=ORIENTED_EDGE('',*,*,#2230,.F.);
#3063=ORIENTED_EDGE('',*,*,#2224,.F.);
#3064=ORIENTED_EDGE('',*,*,#2231,.F.);
#3065=ORIENTED_EDGE('',*,*,#2050,.F.);
#3066=ORIENTED_EDGE('',*,*,#2232,.T.);
#3067=ORIENTED_EDGE('',*,*,#2233,.T.);
#3068=ORIENTED_EDGE('',*,*,#2234,.T.);
#3069=ORIENTED_EDGE('',*,*,#2216,.T.);
#3070=ORIENTED_EDGE('',*,*,#2235,.T.);
#3071=ORIENTED_EDGE('',*,*,#2236,.T.);
#3072=ORIENTED_EDGE('',*,*,#2237,.T.);
#3073=ORIENTED_EDGE('',*,*,#2238,.T.);
#3074=ORIENTED_EDGE('',*,*,#2239,.T.);
#3075=ORIENTED_EDGE('',*,*,#2240,.T.);
#3076=ORIENTED_EDGE('',*,*,#2241,.T.);
#3077=ORIENTED_EDGE('',*,*,#2242,.T.);
#3078=ORIENTED_EDGE('',*,*,#2243,.T.);
#3079=ORIENTED_EDGE('',*,*,#2244,.T.);
#3080=ORIENTED_EDGE('',*,*,#2137,.T.);
#3081=ORIENTED_EDGE('',*,*,#2051,.T.);
#3082=ORIENTED_EDGE('',*,*,#2231,.T.);
#3083=ORIENTED_EDGE('',*,*,#2223,.F.);
#3084=ORIENTED_EDGE('',*,*,#2245,.T.);
#3085=ORIENTED_EDGE('',*,*,#2246,.F.);
#3086=ORIENTED_EDGE('',*,*,#2082,.F.);
#3087=ORIENTED_EDGE('',*,*,#2247,.T.);
#3088=ORIENTED_EDGE('',*,*,#2245,.F.);
#3089=ORIENTED_EDGE('',*,*,#2247,.F.);
#3090=ORIENTED_EDGE('',*,*,#2246,.T.);
#3091=ORIENTED_EDGE('',*,*,#2248,.T.);
#3092=ORIENTED_EDGE('',*,*,#2213,.F.);
#3093=ORIENTED_EDGE('',*,*,#2248,.F.);
#3094=ORIENTED_EDGE('',*,*,#2249,.T.);
#3095=ORIENTED_EDGE('',*,*,#2250,.F.);
#3096=ORIENTED_EDGE('',*,*,#2081,.F.);
#3097=ORIENTED_EDGE('',*,*,#2251,.T.);
#3098=ORIENTED_EDGE('',*,*,#2249,.F.);
#3099=ORIENTED_EDGE('',*,*,#2251,.F.);
#3100=ORIENTED_EDGE('',*,*,#2250,.T.);
#3101=ORIENTED_EDGE('',*,*,#2252,.T.);
#3102=ORIENTED_EDGE('',*,*,#2212,.F.);
#3103=ORIENTED_EDGE('',*,*,#2252,.F.);
#3104=ORIENTED_EDGE('',*,*,#2253,.T.);
#3105=ORIENTED_EDGE('',*,*,#2254,.F.);
#3106=ORIENTED_EDGE('',*,*,#2080,.F.);
#3107=ORIENTED_EDGE('',*,*,#2255,.T.);
#3108=ORIENTED_EDGE('',*,*,#2253,.F.);
#3109=ORIENTED_EDGE('',*,*,#2255,.F.);
#3110=ORIENTED_EDGE('',*,*,#2254,.T.);
#3111=ORIENTED_EDGE('',*,*,#2256,.T.);
#3112=ORIENTED_EDGE('',*,*,#2211,.F.);
#3113=ORIENTED_EDGE('',*,*,#2256,.F.);
#3114=ORIENTED_EDGE('',*,*,#2257,.T.);
#3115=ORIENTED_EDGE('',*,*,#2258,.F.);
#3116=ORIENTED_EDGE('',*,*,#2079,.F.);
#3117=ORIENTED_EDGE('',*,*,#2259,.T.);
#3118=ORIENTED_EDGE('',*,*,#2257,.F.);
#3119=ORIENTED_EDGE('',*,*,#2259,.F.);
#3120=ORIENTED_EDGE('',*,*,#2258,.T.);
#3121=ORIENTED_EDGE('',*,*,#2260,.T.);
#3122=ORIENTED_EDGE('',*,*,#2210,.F.);
#3123=ORIENTED_EDGE('',*,*,#2260,.F.);
#3124=ORIENTED_EDGE('',*,*,#2201,.F.);
#3125=ORIENTED_EDGE('',*,*,#2261,.T.);
#3126=ORIENTED_EDGE('',*,*,#2104,.F.);
#3127=ORIENTED_EDGE('',*,*,#2185,.T.);
#3128=ORIENTED_EDGE('',*,*,#2196,.F.);
#3129=ORIENTED_EDGE('',*,*,#2187,.F.);
#3130=ORIENTED_EDGE('',*,*,#2203,.F.);
#3131=ORIENTED_EDGE('',*,*,#2262,.T.);
#3132=ORIENTED_EDGE('',*,*,#2094,.T.);
#3133=ORIENTED_EDGE('',*,*,#2097,.F.);
#3134=ORIENTED_EDGE('',*,*,#2098,.F.);
#3135=ORIENTED_EDGE('',*,*,#2101,.F.);
#3136=ORIENTED_EDGE('',*,*,#2261,.F.);
#3137=ORIENTED_EDGE('',*,*,#2074,.F.);
#3138=ORIENTED_EDGE('',*,*,#2263,.T.);
#3139=ORIENTED_EDGE('',*,*,#2209,.F.);
#3140=ORIENTED_EDGE('',*,*,#2264,.F.);
#3141=ORIENTED_EDGE('',*,*,#2075,.F.);
#3142=ORIENTED_EDGE('',*,*,#2264,.T.);
#3143=ORIENTED_EDGE('',*,*,#2208,.F.);
#3144=ORIENTED_EDGE('',*,*,#2265,.F.);
#3145=ORIENTED_EDGE('',*,*,#2076,.F.);
#3146=ORIENTED_EDGE('',*,*,#2265,.T.);
#3147=ORIENTED_EDGE('',*,*,#2207,.F.);
#3148=ORIENTED_EDGE('',*,*,#2266,.F.);
#3149=ORIENTED_EDGE('',*,*,#2077,.F.);
#3150=ORIENTED_EDGE('',*,*,#2266,.T.);
#3151=ORIENTED_EDGE('',*,*,#2206,.F.);
#3152=ORIENTED_EDGE('',*,*,#2267,.F.);
#3153=ORIENTED_EDGE('',*,*,#2078,.F.);
#3154=ORIENTED_EDGE('',*,*,#2267,.T.);
#3155=ORIENTED_EDGE('',*,*,#2205,.F.);
#3156=ORIENTED_EDGE('',*,*,#2268,.F.);
#3157=ORIENTED_EDGE('',*,*,#2073,.F.);
#3158=ORIENTED_EDGE('',*,*,#2268,.T.);
#3159=ORIENTED_EDGE('',*,*,#2204,.F.);
#3160=ORIENTED_EDGE('',*,*,#2263,.F.);
#3161=ORIENTED_EDGE('',*,*,#2202,.F.);
#3162=ORIENTED_EDGE('',*,*,#2195,.T.);
#3163=ORIENTED_EDGE('',*,*,#2200,.F.);
#3164=ORIENTED_EDGE('',*,*,#2182,.F.);
#3165=ORIENTED_EDGE('',*,*,#2177,.T.);
#3166=ORIENTED_EDGE('',*,*,#2087,.T.);
#3167=ORIENTED_EDGE('',*,*,#2089,.T.);
#3168=ORIENTED_EDGE('',*,*,#2091,.F.);
#3169=ORIENTED_EDGE('',*,*,#2095,.F.);
#3170=ORIENTED_EDGE('',*,*,#2262,.F.);
#3171=ORIENTED_EDGE('',*,*,#2269,.T.);
#3172=ORIENTED_EDGE('',*,*,#2270,.F.);
#3173=ORIENTED_EDGE('',*,*,#2053,.F.);
#3174=ORIENTED_EDGE('',*,*,#2271,.T.);
#3175=ORIENTED_EDGE('',*,*,#2269,.F.);
#3176=ORIENTED_EDGE('',*,*,#2271,.F.);
#3177=ORIENTED_EDGE('',*,*,#2270,.T.);
#3178=ORIENTED_EDGE('',*,*,#2272,.T.);
#3179=ORIENTED_EDGE('',*,*,#2235,.F.);
#3180=ORIENTED_EDGE('',*,*,#2272,.F.);
#3181=ORIENTED_EDGE('',*,*,#2273,.T.);
#3182=ORIENTED_EDGE('',*,*,#2274,.F.);
#3183=ORIENTED_EDGE('',*,*,#2054,.F.);
#3184=ORIENTED_EDGE('',*,*,#2275,.T.);
#3185=ORIENTED_EDGE('',*,*,#2273,.F.);
#3186=ORIENTED_EDGE('',*,*,#2275,.F.);
#3187=ORIENTED_EDGE('',*,*,#2274,.T.);
#3188=ORIENTED_EDGE('',*,*,#2276,.T.);
#3189=ORIENTED_EDGE('',*,*,#2236,.F.);
#3190=ORIENTED_EDGE('',*,*,#2276,.F.);
#3191=ORIENTED_EDGE('',*,*,#2277,.T.);
#3192=ORIENTED_EDGE('',*,*,#2278,.F.);
#3193=ORIENTED_EDGE('',*,*,#2055,.F.);
#3194=ORIENTED_EDGE('',*,*,#2279,.T.);
#3195=ORIENTED_EDGE('',*,*,#2277,.F.);
#3196=ORIENTED_EDGE('',*,*,#2279,.F.);
#3197=ORIENTED_EDGE('',*,*,#2278,.T.);
#3198=ORIENTED_EDGE('',*,*,#2280,.T.);
#3199=ORIENTED_EDGE('',*,*,#2237,.F.);
#3200=ORIENTED_EDGE('',*,*,#2280,.F.);
#3201=ORIENTED_EDGE('',*,*,#2281,.T.);
#3202=ORIENTED_EDGE('',*,*,#2282,.F.);
#3203=ORIENTED_EDGE('',*,*,#2056,.F.);
#3204=ORIENTED_EDGE('',*,*,#2283,.T.);
#3205=ORIENTED_EDGE('',*,*,#2281,.F.);
#3206=ORIENTED_EDGE('',*,*,#2283,.F.);
#3207=ORIENTED_EDGE('',*,*,#2282,.T.);
#3208=ORIENTED_EDGE('',*,*,#2284,.T.);
#3209=ORIENTED_EDGE('',*,*,#2238,.F.);
#3210=ORIENTED_EDGE('',*,*,#2284,.F.);
#3211=ORIENTED_EDGE('',*,*,#2132,.T.);
#3212=ORIENTED_EDGE('',*,*,#2285,.F.);
#3213=ORIENTED_EDGE('',*,*,#2286,.F.);
#3214=ORIENTED_EDGE('',*,*,#2145,.F.);
#3215=ORIENTED_EDGE('',*,*,#2234,.F.);
#3216=ORIENTED_EDGE('',*,*,#2287,.T.);
#3217=ORIENTED_EDGE('',*,*,#2288,.F.);
#3218=ORIENTED_EDGE('',*,*,#2222,.T.);
#3219=ORIENTED_EDGE('',*,*,#2227,.F.);
#3220=ORIENTED_EDGE('',*,*,#2217,.F.);
#3221=ORIENTED_EDGE('',*,*,#2233,.F.);
#3222=ORIENTED_EDGE('',*,*,#2289,.T.);
#3223=ORIENTED_EDGE('',*,*,#2290,.F.);
#3224=ORIENTED_EDGE('',*,*,#2287,.F.);
#3225=ORIENTED_EDGE('',*,*,#1997,.T.);
#3226=ORIENTED_EDGE('',*,*,#2011,.F.);
#3227=ORIENTED_EDGE('',*,*,#2140,.T.);
#3228=ORIENTED_EDGE('',*,*,#2220,.T.);
#3229=ORIENTED_EDGE('',*,*,#2288,.T.);
#3230=ORIENTED_EDGE('',*,*,#2290,.T.);
#3231=ORIENTED_EDGE('',*,*,#2291,.T.);
#3232=ORIENTED_EDGE('',*,*,#2285,.T.);
#3233=ORIENTED_EDGE('',*,*,#2131,.T.);
#3234=ORIENTED_EDGE('',*,*,#1906,.F.);
#3235=ORIENTED_EDGE('',*,*,#2126,.T.);
#3236=ORIENTED_EDGE('',*,*,#2058,.F.);
#3237=ORIENTED_EDGE('',*,*,#2292,.T.);
#3238=ORIENTED_EDGE('',*,*,#2244,.F.);
#3239=ORIENTED_EDGE('',*,*,#2293,.F.);
#3240=ORIENTED_EDGE('',*,*,#2059,.F.);
#3241=ORIENTED_EDGE('',*,*,#2293,.T.);
#3242=ORIENTED_EDGE('',*,*,#2243,.F.);
#3243=ORIENTED_EDGE('',*,*,#2294,.F.);
#3244=ORIENTED_EDGE('',*,*,#2060,.F.);
#3245=ORIENTED_EDGE('',*,*,#2294,.T.);
#3246=ORIENTED_EDGE('',*,*,#2242,.F.);
#3247=ORIENTED_EDGE('',*,*,#2295,.F.);
#3248=ORIENTED_EDGE('',*,*,#2061,.F.);
#3249=ORIENTED_EDGE('',*,*,#2295,.T.);
#3250=ORIENTED_EDGE('',*,*,#2241,.F.);
#3251=ORIENTED_EDGE('',*,*,#2296,.F.);
#3252=ORIENTED_EDGE('',*,*,#2062,.F.);
#3253=ORIENTED_EDGE('',*,*,#2296,.T.);
#3254=ORIENTED_EDGE('',*,*,#2240,.F.);
#3255=ORIENTED_EDGE('',*,*,#2297,.F.);
#3256=ORIENTED_EDGE('',*,*,#2057,.F.);
#3257=ORIENTED_EDGE('',*,*,#2297,.T.);
#3258=ORIENTED_EDGE('',*,*,#2239,.F.);
#3259=ORIENTED_EDGE('',*,*,#2292,.F.);
#3260=ORIENTED_EDGE('',*,*,#2232,.F.);
#3261=ORIENTED_EDGE('',*,*,#2219,.T.);
#3262=ORIENTED_EDGE('',*,*,#2226,.F.);
#3263=ORIENTED_EDGE('',*,*,#2214,.F.);
#3264=ORIENTED_EDGE('',*,*,#2146,.T.);
#3265=ORIENTED_EDGE('',*,*,#2286,.T.);
#3266=ORIENTED_EDGE('',*,*,#2291,.F.);
#3267=ORIENTED_EDGE('',*,*,#2289,.F.);
#3268=ORIENTED_EDGE('',*,*,#2298,.F.);
#3269=ORIENTED_EDGE('',*,*,#2299,.T.);
#3270=ORIENTED_EDGE('',*,*,#2300,.F.);
#3271=ORIENTED_EDGE('',*,*,#2299,.F.);
#3272=ORIENTED_EDGE('',*,*,#2301,.T.);
#3273=ORIENTED_EDGE('',*,*,#2302,.T.);
#3274=ORIENTED_EDGE('',*,*,#2303,.F.);
#3275=ORIENTED_EDGE('',*,*,#2304,.T.);
#3276=ORIENTED_EDGE('',*,*,#2304,.F.);
#3277=ORIENTED_EDGE('',*,*,#2305,.F.);
#3278=ORIENTED_EDGE('',*,*,#2306,.F.);
#3279=ORIENTED_EDGE('',*,*,#2307,.F.);
#3280=ORIENTED_EDGE('',*,*,#2298,.T.);
#3281=ORIENTED_EDGE('',*,*,#2308,.T.);
#3282=ORIENTED_EDGE('',*,*,#2306,.T.);
#3283=ORIENTED_EDGE('',*,*,#2309,.F.);
#3284=ORIENTED_EDGE('',*,*,#2310,.T.);
#3285=ORIENTED_EDGE('',*,*,#2310,.F.);
#3286=ORIENTED_EDGE('',*,*,#2311,.F.);
#3287=ORIENTED_EDGE('',*,*,#2312,.F.);
#3288=ORIENTED_EDGE('',*,*,#2313,.F.);
#3289=ORIENTED_EDGE('',*,*,#2314,.F.);
#3290=ORIENTED_EDGE('',*,*,#1926,.T.);
#3291=ORIENTED_EDGE('',*,*,#2315,.T.);
#3292=ORIENTED_EDGE('',*,*,#2316,.T.);
#3293=ORIENTED_EDGE('',*,*,#2312,.T.);
#3294=ORIENTED_EDGE('',*,*,#2317,.T.);
#3295=ORIENTED_EDGE('',*,*,#2318,.F.);
#3296=ORIENTED_EDGE('',*,*,#1920,.T.);
#3297=ORIENTED_EDGE('',*,*,#1922,.T.);
#3298=ORIENTED_EDGE('',*,*,#2319,.F.);
#3299=ORIENTED_EDGE('',*,*,#2320,.F.);
#3300=ORIENTED_EDGE('',*,*,#2321,.F.);
#3301=ORIENTED_EDGE('',*,*,#2322,.T.);
#3302=ORIENTED_EDGE('',*,*,#2319,.T.);
#3303=ORIENTED_EDGE('',*,*,#1921,.T.);
#3304=ORIENTED_EDGE('',*,*,#2318,.T.);
#3305=ORIENTED_EDGE('',*,*,#1924,.T.);
#3306=ORIENTED_EDGE('',*,*,#2323,.F.);
#3307=ORIENTED_EDGE('',*,*,#2324,.F.);
#3308=ORIENTED_EDGE('',*,*,#2325,.F.);
#3309=ORIENTED_EDGE('',*,*,#2323,.T.);
#3310=ORIENTED_EDGE('',*,*,#1923,.T.);
#3311=ORIENTED_EDGE('',*,*,#2321,.T.);
#3312=ORIENTED_EDGE('',*,*,#2326,.T.);
#3313=ORIENTED_EDGE('',*,*,#2327,.T.);
#3314=ORIENTED_EDGE('',*,*,#2320,.T.);
#3315=ORIENTED_EDGE('',*,*,#2328,.T.);
#3316=ORIENTED_EDGE('',*,*,#2329,.T.);
#3317=ORIENTED_EDGE('',*,*,#2330,.T.);
#3318=ORIENTED_EDGE('',*,*,#2305,.T.);
#3319=ORIENTED_EDGE('',*,*,#2331,.T.);
#3320=ORIENTED_EDGE('',*,*,#2332,.T.);
#3321=ORIENTED_EDGE('',*,*,#2333,.T.);
#3322=ORIENTED_EDGE('',*,*,#2329,.F.);
#3323=ORIENTED_EDGE('',*,*,#2334,.F.);
#3324=ORIENTED_EDGE('',*,*,#2335,.F.);
#3325=ORIENTED_EDGE('',*,*,#1933,.T.);
#3326=ORIENTED_EDGE('',*,*,#2336,.F.);
#3327=ORIENTED_EDGE('',*,*,#1934,.T.);
#3328=ORIENTED_EDGE('',*,*,#2335,.T.);
#3329=ORIENTED_EDGE('',*,*,#2337,.T.);
#3330=ORIENTED_EDGE('',*,*,#2338,.T.);
#3331=ORIENTED_EDGE('',*,*,#2339,.F.);
#3332=ORIENTED_EDGE('',*,*,#2340,.F.);
#3333=ORIENTED_EDGE('',*,*,#1931,.T.);
#3334=ORIENTED_EDGE('',*,*,#2341,.F.);
#3335=ORIENTED_EDGE('',*,*,#2336,.T.);
#3336=ORIENTED_EDGE('',*,*,#1932,.T.);
#3337=ORIENTED_EDGE('',*,*,#2340,.T.);
#3338=ORIENTED_EDGE('',*,*,#2342,.T.);
#3339=ORIENTED_EDGE('',*,*,#2343,.F.);
#3340=ORIENTED_EDGE('',*,*,#1935,.T.);
#3341=ORIENTED_EDGE('',*,*,#2338,.F.);
#3342=ORIENTED_EDGE('',*,*,#2344,.T.);
#3343=ORIENTED_EDGE('',*,*,#2345,.T.);
#3344=ORIENTED_EDGE('',*,*,#2346,.T.);
#3345=ORIENTED_EDGE('',*,*,#2347,.T.);
#3346=ORIENTED_EDGE('',*,*,#1929,.T.);
#3347=ORIENTED_EDGE('',*,*,#2348,.F.);
#3348=ORIENTED_EDGE('',*,*,#2341,.T.);
#3349=ORIENTED_EDGE('',*,*,#1930,.T.);
#3350=ORIENTED_EDGE('',*,*,#2347,.F.);
#3351=ORIENTED_EDGE('',*,*,#2349,.T.);
#3352=ORIENTED_EDGE('',*,*,#2339,.T.);
#3353=ORIENTED_EDGE('',*,*,#2350,.T.);
#3354=ORIENTED_EDGE('',*,*,#2351,.T.);
#3355=ORIENTED_EDGE('',*,*,#2352,.T.);
#3356=ORIENTED_EDGE('',*,*,#2334,.T.);
#3357=ORIENTED_EDGE('',*,*,#2353,.T.);
#3358=ORIENTED_EDGE('',*,*,#2332,.F.);
#3359=ORIENTED_EDGE('',*,*,#2354,.T.);
#3360=ORIENTED_EDGE('',*,*,#2351,.F.);
#3361=ORIENTED_EDGE('',*,*,#2355,.T.);
#3362=ORIENTED_EDGE('',*,*,#2307,.T.);
#3363=ORIENTED_EDGE('',*,*,#2356,.T.);
#3364=ORIENTED_EDGE('',*,*,#2357,.T.);
#3365=ORIENTED_EDGE('',*,*,#2358,.T.);
#3366=ORIENTED_EDGE('',*,*,#2324,.T.);
#3367=ORIENTED_EDGE('',*,*,#2359,.T.);
#3368=ORIENTED_EDGE('',*,*,#2357,.F.);
#3369=ORIENTED_EDGE('',*,*,#1925,.T.);
#3370=ORIENTED_EDGE('',*,*,#2325,.T.);
#3371=ORIENTED_EDGE('',*,*,#2360,.T.);
#3372=ORIENTED_EDGE('',*,*,#2315,.F.);
#3373=ORIENTED_EDGE('',*,*,#2333,.F.);
#3374=ORIENTED_EDGE('',*,*,#2361,.F.);
#3375=ORIENTED_EDGE('',*,*,#2354,.F.);
#3376=ORIENTED_EDGE('',*,*,#2362,.F.);
#3377=ORIENTED_EDGE('',*,*,#2300,.T.);
#3378=ORIENTED_EDGE('',*,*,#2353,.F.);
#3379=ORIENTED_EDGE('',*,*,#2342,.F.);
#3380=ORIENTED_EDGE('',*,*,#2349,.F.);
#3381=ORIENTED_EDGE('',*,*,#2361,.T.);
#3382=ORIENTED_EDGE('',*,*,#2330,.F.);
#3383=ORIENTED_EDGE('',*,*,#2328,.F.);
#3384=ORIENTED_EDGE('',*,*,#2322,.F.);
#3385=ORIENTED_EDGE('',*,*,#2317,.F.);
#3386=ORIENTED_EDGE('',*,*,#2311,.T.);
#3387=ORIENTED_EDGE('',*,*,#2309,.T.);
#3388=ORIENTED_EDGE('',*,*,#2360,.F.);
#3389=ORIENTED_EDGE('',*,*,#2358,.F.);
#3390=ORIENTED_EDGE('',*,*,#2356,.F.);
#3391=ORIENTED_EDGE('',*,*,#2308,.F.);
#3392=ORIENTED_EDGE('',*,*,#2313,.T.);
#3393=ORIENTED_EDGE('',*,*,#2316,.F.);
#3394=ORIENTED_EDGE('',*,*,#2331,.F.);
#3395=ORIENTED_EDGE('',*,*,#2303,.T.);
#3396=ORIENTED_EDGE('',*,*,#2363,.T.);
#3397=ORIENTED_EDGE('',*,*,#2344,.F.);
#3398=ORIENTED_EDGE('',*,*,#2337,.F.);
#3399=ORIENTED_EDGE('',*,*,#2352,.F.);
#3400=ORIENTED_EDGE('',*,*,#2327,.F.);
#3401=ORIENTED_EDGE('',*,*,#2362,.T.);
#3402=ORIENTED_EDGE('',*,*,#2359,.F.);
#3403=ORIENTED_EDGE('',*,*,#2326,.F.);
#3404=ORIENTED_EDGE('',*,*,#2302,.F.);
#3405=ORIENTED_EDGE('',*,*,#2364,.F.);
#3406=ORIENTED_EDGE('',*,*,#2345,.F.);
#3407=ORIENTED_EDGE('',*,*,#2363,.F.);
#3408=ORIENTED_EDGE('',*,*,#2348,.T.);
#3409=ORIENTED_EDGE('',*,*,#2346,.F.);
#3410=ORIENTED_EDGE('',*,*,#2364,.T.);
#3411=ORIENTED_EDGE('',*,*,#2301,.F.);
#3412=ORIENTED_EDGE('',*,*,#2355,.F.);
#3413=ORIENTED_EDGE('',*,*,#2350,.F.);
#3414=ORIENTED_EDGE('',*,*,#1900,.F.);
#3415=ORIENTED_EDGE('',*,*,#2365,.T.);
#3416=ORIENTED_EDGE('',*,*,#1927,.F.);
#3417=ORIENTED_EDGE('',*,*,#2314,.T.);
#3418=ORIENTED_EDGE('',*,*,#1936,.F.);
#3419=ORIENTED_EDGE('',*,*,#2343,.T.);
#3420=ORIENTED_EDGE('',*,*,#1928,.F.);
#3421=ORIENTED_EDGE('',*,*,#2365,.F.);
#3422=ORIENTED_EDGE('',*,*,#1856,.F.);
#3423=ORIENTED_EDGE('',*,*,#1868,.F.);
#3424=ORIENTED_EDGE('',*,*,#1912,.F.);
#3425=ORIENTED_EDGE('',*,*,#1963,.F.);
#3426=CYLINDRICAL_SURFACE('',#3730,2.8);
#3427=CYLINDRICAL_SURFACE('',#3734,2.8);
#3428=CYLINDRICAL_SURFACE('',#3754,60.);
#3429=CYLINDRICAL_SURFACE('',#3769,60.);
#3430=CYLINDRICAL_SURFACE('',#3784,60.);
#3431=CYLINDRICAL_SURFACE('',#3798,60.);
#3432=CYLINDRICAL_SURFACE('',#3803,2.);
#3433=CYLINDRICAL_SURFACE('',#3804,5.);
#3434=CYLINDRICAL_SURFACE('',#3807,2.);
#3435=CYLINDRICAL_SURFACE('',#3819,2.);
#3436=CYLINDRICAL_SURFACE('',#3825,2.);
#3437=CYLINDRICAL_SURFACE('',#3827,5.);
#3438=CYLINDRICAL_SURFACE('',#3835,2.);
#3439=CYLINDRICAL_SURFACE('',#3838,2.);
#3440=CYLINDRICAL_SURFACE('',#3840,5.);
#3441=CYLINDRICAL_SURFACE('',#3842,5.);
#3442=CYLINDRICAL_SURFACE('',#3844,5.);
#3443=CYLINDRICAL_SURFACE('',#3856,5.);
#3444=CYLINDRICAL_SURFACE('',#3858,5.);
#3445=CYLINDRICAL_SURFACE('',#3870,5.);
#3446=CYLINDRICAL_SURFACE('',#3871,5.);
#3447=CYLINDRICAL_SURFACE('',#3875,5.);
#3448=CYLINDRICAL_SURFACE('',#3879,5.);
#3449=CYLINDRICAL_SURFACE('',#3883,2.);
#3450=CYLINDRICAL_SURFACE('',#3886,2.);
#3451=CYLINDRICAL_SURFACE('',#3889,2.);
#3452=CYLINDRICAL_SURFACE('',#3893,2.);
#3453=CYLINDRICAL_SURFACE('',#3896,2.);
#3454=CYLINDRICAL_SURFACE('',#3899,5.);
#3455=CYLINDRICAL_SURFACE('',#3904,5.);
#3456=CYLINDRICAL_SURFACE('',#3911,2.);
#3457=CYLINDRICAL_SURFACE('',#3913,2.);
#3458=CYLINDRICAL_SURFACE('',#3917,2.);
#3459=CYLINDRICAL_SURFACE('',#3919,2.);
#3460=CYLINDRICAL_SURFACE('',#3922,2.);
#3461=CYLINDRICAL_SURFACE('',#3924,5.);
#3462=CYLINDRICAL_SURFACE('',#3927,5.);
#3463=CYLINDRICAL_SURFACE('',#3939,2.55051025721681);
#3464=CYLINDRICAL_SURFACE('',#3943,2.55051025721682);
#3465=CYLINDRICAL_SURFACE('',#3963,5.);
#3466=CYLINDRICAL_SURFACE('',#3965,5.);
#3467=CYLINDRICAL_SURFACE('',#3966,5.);
#3468=CYLINDRICAL_SURFACE('',#3976,5.);
#3469=CYLINDRICAL_SURFACE('',#3980,2.);
#3470=CYLINDRICAL_SURFACE('',#3981,1.25);
#3471=CYLINDRICAL_SURFACE('',#3985,2.);
#3472=CYLINDRICAL_SURFACE('',#3986,1.25);
#3473=CYLINDRICAL_SURFACE('',#3990,2.);
#3474=CYLINDRICAL_SURFACE('',#3991,1.25);
#3475=CYLINDRICAL_SURFACE('',#3995,2.);
#3476=CYLINDRICAL_SURFACE('',#3996,1.25);
#3477=CYLINDRICAL_SURFACE('',#3999,10.0747626041932);
#3478=CYLINDRICAL_SURFACE('',#4000,10.);
#3479=CYLINDRICAL_SURFACE('',#4004,10.);
#3480=CYLINDRICAL_SURFACE('',#4009,2.);
#3481=CYLINDRICAL_SURFACE('',#4010,1.25);
#3482=CYLINDRICAL_SURFACE('',#4014,2.);
#3483=CYLINDRICAL_SURFACE('',#4015,1.25);
#3484=CYLINDRICAL_SURFACE('',#4019,2.);
#3485=CYLINDRICAL_SURFACE('',#4020,1.25);
#3486=CYLINDRICAL_SURFACE('',#4024,2.);
#3487=CYLINDRICAL_SURFACE('',#4025,1.25);
#3488=CYLINDRICAL_SURFACE('',#4030,10.0747626041932);
#3489=CYLINDRICAL_SURFACE('',#4031,10.);
#3490=CYLINDRICAL_SURFACE('',#4035,10.);
#3491=CYLINDRICAL_SURFACE('',#4037,5.5);
#3492=CYLINDRICAL_SURFACE('',#4040,3.);
#3493=CYLINDRICAL_SURFACE('',#4044,3.);
#3494=CYLINDRICAL_SURFACE('',#4048,3.);
#3495=CYLINDRICAL_SURFACE('',#4056,3.);
#3496=CYLINDRICAL_SURFACE('',#4060,3.);
#3497=CYLINDRICAL_SURFACE('',#4061,3.);
#3498=CYLINDRICAL_SURFACE('',#4063,3.);
#3499=CYLINDRICAL_SURFACE('',#4068,3.);
#3500=CYLINDRICAL_SURFACE('',#4073,3.);
#3501=CYLINDRICAL_SURFACE('',#4074,3.);
#3502=CYLINDRICAL_SURFACE('',#4078,3.);
#3503=CYLINDRICAL_SURFACE('',#4079,3.);
#3504=CYLINDRICAL_SURFACE('',#4081,3.);
#3505=CYLINDRICAL_SURFACE('',#4082,3.);
#3506=CYLINDRICAL_SURFACE('',#4084,3.);
#3507=CYLINDRICAL_SURFACE('',#4085,3.);
#3508=CYLINDRICAL_SURFACE('',#4094,11.);
#3509=ADVANCED_FACE('',(#203),#3426,.F.);
#3510=ADVANCED_FACE('',(#204),#100,.T.);
#3511=ADVANCED_FACE('',(#205),#3427,.F.);
#3512=ADVANCED_FACE('',(#206),#101,.T.);
#3513=ADVANCED_FACE('',(#207),#102,.T.);
#3514=ADVANCED_FACE('',(#208),#96,.T.);
#3515=ADVANCED_FACE('',(#209),#103,.T.);
#3516=ADVANCED_FACE('',(#210),#97,.T.);
#3517=ADVANCED_FACE('',(#211),#104,.T.);
#3518=ADVANCED_FACE('',(#212),#98,.T.);
#3519=ADVANCED_FACE('',(#213),#105,.T.);
#3520=ADVANCED_FACE('',(#214),#99,.T.);
#3521=ADVANCED_FACE('',(#215),#3428,.T.);
#3522=ADVANCED_FACE('',(#216,#54,#55),#106,.T.);
#3523=ADVANCED_FACE('',(#217),#3429,.T.);
#3524=ADVANCED_FACE('',(#218),#107,.T.);
#3525=ADVANCED_FACE('',(#219,#56),#108,.F.);
#3526=ADVANCED_FACE('',(#220,#57,#58,#59),#109,.T.);
#3527=ADVANCED_FACE('',(#221),#3430,.T.);
#3528=ADVANCED_FACE('',(#222,#60,#61),#110,.T.);
#3529=ADVANCED_FACE('',(#223),#3431,.T.);
#3530=ADVANCED_FACE('',(#224),#29,.T.);
#3531=ADVANCED_FACE('',(#225),#3432,.T.);
#3532=ADVANCED_FACE('',(#226),#3433,.F.);
#3533=ADVANCED_FACE('',(#227),#111,.T.);
#3534=ADVANCED_FACE('',(#228),#3434,.T.);
#3535=ADVANCED_FACE('',(#229),#30,.T.);
#3536=ADVANCED_FACE('',(#230),#112,.T.);
#3537=ADVANCED_FACE('',(#231),#113,.T.);
#3538=ADVANCED_FACE('',(#232),#31,.T.);
#3539=ADVANCED_FACE('',(#233),#3435,.T.);
#3540=ADVANCED_FACE('',(#234),#114,.F.);
#3541=ADVANCED_FACE('',(#235),#32,.T.);
#3542=ADVANCED_FACE('',(#236),#3436,.T.);
#3543=ADVANCED_FACE('',(#237),#115,.F.);
#3544=ADVANCED_FACE('',(#238),#3437,.F.);
#3545=ADVANCED_FACE('',(#239),#116,.T.);
#3546=ADVANCED_FACE('',(#240),#117,.T.);
#3547=ADVANCED_FACE('',(#241),#118,.F.);
#3548=ADVANCED_FACE('',(#242),#119,.T.);
#3549=ADVANCED_FACE('',(#243),#120,.T.);
#3550=ADVANCED_FACE('',(#244),#121,.T.);
#3551=ADVANCED_FACE('',(#245),#3438,.F.);
#3552=ADVANCED_FACE('',(#246),#122,.T.);
#3553=ADVANCED_FACE('',(#247),#3439,.F.);
#3554=ADVANCED_FACE('',(#248),#3440,.F.);
#3555=ADVANCED_FACE('',(#249),#3441,.F.);
#3556=ADVANCED_FACE('',(#250),#123,.F.);
#3557=ADVANCED_FACE('',(#251),#3442,.F.);
#3558=ADVANCED_FACE('',(#252),#124,.T.);
#3559=ADVANCED_FACE('',(#253,#62,#63,#64,#65,#66),#125,.T.);
#3560=ADVANCED_FACE('',(#254),#3443,.F.);
#3561=ADVANCED_FACE('',(#255),#3444,.F.);
#3562=ADVANCED_FACE('',(#256),#126,.T.);
#3563=ADVANCED_FACE('',(#257,#67,#68,#69,#70,#71),#127,.T.);
#3564=ADVANCED_FACE('',(#258),#3445,.F.);
#3565=ADVANCED_FACE('',(#259),#3446,.F.);
#3566=ADVANCED_FACE('',(#260),#128,.T.);
#3567=ADVANCED_FACE('',(#261),#129,.T.);
#3568=ADVANCED_FACE('',(#262),#3447,.F.);
#3569=ADVANCED_FACE('',(#263),#3448,.F.);
#3570=ADVANCED_FACE('',(#264),#130,.T.);
#3571=ADVANCED_FACE('',(#265),#131,.T.);
#3572=ADVANCED_FACE('',(#266),#3449,.F.);
#3573=ADVANCED_FACE('',(#267),#132,.F.);
#3574=ADVANCED_FACE('',(#268),#3450,.F.);
#3575=ADVANCED_FACE('',(#269),#133,.F.);
#3576=ADVANCED_FACE('',(#270),#3451,.F.);
#3577=ADVANCED_FACE('',(#271),#134,.F.);
#3578=ADVANCED_FACE('',(#272),#135,.F.);
#3579=ADVANCED_FACE('',(#273),#3452,.F.);
#3580=ADVANCED_FACE('',(#274),#136,.F.);
#3581=ADVANCED_FACE('',(#275),#3453,.F.);
#3582=ADVANCED_FACE('',(#276),#137,.F.);
#3583=ADVANCED_FACE('',(#277),#3454,.T.);
#3584=ADVANCED_FACE('',(#278,#72),#138,.F.);
#3585=ADVANCED_FACE('',(#279),#139,.F.);
#3586=ADVANCED_FACE('',(#280),#140,.F.);
#3587=ADVANCED_FACE('',(#281),#3455,.T.);
#3588=ADVANCED_FACE('',(#282,#73),#141,.F.);
#3589=ADVANCED_FACE('',(#283),#142,.F.);
#3590=ADVANCED_FACE('',(#284),#143,.T.);
#3591=ADVANCED_FACE('',(#285),#144,.F.);
#3592=ADVANCED_FACE('',(#286),#145,.T.);
#3593=ADVANCED_FACE('',(#287),#3456,.F.);
#3594=ADVANCED_FACE('',(#288),#3457,.F.);
#3595=ADVANCED_FACE('',(#289),#146,.T.);
#3596=ADVANCED_FACE('',(#290),#147,.T.);
#3597=ADVANCED_FACE('',(#291),#3458,.F.);
#3598=ADVANCED_FACE('',(#292),#3459,.F.);
#3599=ADVANCED_FACE('',(#293),#148,.T.);
#3600=ADVANCED_FACE('',(#294),#3460,.F.);
#3601=ADVANCED_FACE('',(#295),#3461,.T.);
#3602=ADVANCED_FACE('',(#296,#74),#149,.T.);
#3603=ADVANCED_FACE('',(#297),#3462,.T.);
#3604=ADVANCED_FACE('',(#298),#150,.T.);
#3605=ADVANCED_FACE('',(#299,#75),#151,.T.);
#3606=ADVANCED_FACE('',(#300),#152,.T.);
#3607=ADVANCED_FACE('',(#301),#153,.T.);
#3608=ADVANCED_FACE('',(#302),#154,.T.);
#3609=ADVANCED_FACE('',(#303),#155,.F.);
#3610=ADVANCED_FACE('',(#304),#156,.T.);
#3611=ADVANCED_FACE('',(#305),#157,.T.);
#3612=ADVANCED_FACE('',(#306),#158,.T.);
#3613=ADVANCED_FACE('',(#307),#159,.T.);
#3614=ADVANCED_FACE('',(#308),#3463,.F.);
#3615=ADVANCED_FACE('',(#309),#160,.T.);
#3616=ADVANCED_FACE('',(#310),#3464,.F.);
#3617=ADVANCED_FACE('',(#311),#161,.T.);
#3618=ADVANCED_FACE('',(#312,#76,#77,#78,#79,#80),#162,.F.);
#3619=ADVANCED_FACE('',(#313),#163,.T.);
#3620=ADVANCED_FACE('',(#314),#164,.T.);
#3621=ADVANCED_FACE('',(#315),#165,.T.);
#3622=ADVANCED_FACE('',(#316),#166,.T.);
#3623=ADVANCED_FACE('',(#317),#3465,.T.);
#3624=ADVANCED_FACE('',(#318),#167,.T.);
#3625=ADVANCED_FACE('',(#319),#3466,.T.);
#3626=ADVANCED_FACE('',(#320),#3467,.T.);
#3627=ADVANCED_FACE('',(#321),#168,.T.);
#3628=ADVANCED_FACE('',(#322,#81,#82,#83,#84,#85),#169,.F.);
#3629=ADVANCED_FACE('',(#323),#3468,.T.);
#3630=ADVANCED_FACE('',(#324,#86),#170,.T.);
#3631=ADVANCED_FACE('',(#325),#3469,.F.);
#3632=ADVANCED_FACE('',(#326),#3470,.F.);
#3633=ADVANCED_FACE('',(#327,#87),#171,.T.);
#3634=ADVANCED_FACE('',(#328),#3471,.F.);
#3635=ADVANCED_FACE('',(#329),#3472,.F.);
#3636=ADVANCED_FACE('',(#330,#88),#172,.T.);
#3637=ADVANCED_FACE('',(#331),#3473,.F.);
#3638=ADVANCED_FACE('',(#332),#3474,.F.);
#3639=ADVANCED_FACE('',(#333,#89),#173,.T.);
#3640=ADVANCED_FACE('',(#334),#3475,.F.);
#3641=ADVANCED_FACE('',(#335),#3476,.F.);
#3642=ADVANCED_FACE('',(#336),#174,.T.);
#3643=ADVANCED_FACE('',(#337),#175,.T.);
#3644=ADVANCED_FACE('',(#338),#3477,.F.);
#3645=ADVANCED_FACE('',(#339),#3478,.F.);
#3646=ADVANCED_FACE('',(#340),#176,.T.);
#3647=ADVANCED_FACE('',(#341),#177,.T.);
#3648=ADVANCED_FACE('',(#342),#178,.T.);
#3649=ADVANCED_FACE('',(#343),#3479,.F.);
#3650=ADVANCED_FACE('',(#344),#179,.T.);
#3651=ADVANCED_FACE('',(#345,#90),#180,.T.);
#3652=ADVANCED_FACE('',(#346),#3480,.F.);
#3653=ADVANCED_FACE('',(#347),#3481,.F.);
#3654=ADVANCED_FACE('',(#348,#91),#181,.T.);
#3655=ADVANCED_FACE('',(#349),#3482,.F.);
#3656=ADVANCED_FACE('',(#350),#3483,.F.);
#3657=ADVANCED_FACE('',(#351,#92),#182,.T.);
#3658=ADVANCED_FACE('',(#352),#3484,.F.);
#3659=ADVANCED_FACE('',(#353),#3485,.F.);
#3660=ADVANCED_FACE('',(#354,#93),#183,.T.);
#3661=ADVANCED_FACE('',(#355),#3486,.F.);
#3662=ADVANCED_FACE('',(#356),#3487,.F.);
#3663=ADVANCED_FACE('',(#357),#184,.T.);
#3664=ADVANCED_FACE('',(#358),#185,.T.);
#3665=ADVANCED_FACE('',(#359),#186,.T.);
#3666=ADVANCED_FACE('',(#360),#187,.T.);
#3667=ADVANCED_FACE('',(#361),#3488,.F.);
#3668=ADVANCED_FACE('',(#362),#3489,.F.);
#3669=ADVANCED_FACE('',(#363),#188,.T.);
#3670=ADVANCED_FACE('',(#364),#189,.T.);
#3671=ADVANCED_FACE('',(#365),#190,.T.);
#3672=ADVANCED_FACE('',(#366),#3490,.F.);
#3673=ADVANCED_FACE('',(#367),#191,.T.);
#3674=ADVANCED_FACE('',(#368),#3491,.F.);
#3675=ADVANCED_FACE('',(#369),#3492,.F.);
#3676=ADVANCED_FACE('',(#370,#94),#192,.T.);
#3677=ADVANCED_FACE('',(#371),#3493,.F.);
#3678=ADVANCED_FACE('',(#372),#193,.T.);
#3679=ADVANCED_FACE('',(#373),#3494,.F.);
#3680=ADVANCED_FACE('',(#374),#18,.T.);
#3681=ADVANCED_FACE('',(#375),#3495,.F.);
#3682=ADVANCED_FACE('',(#376),#19,.T.);
#3683=ADVANCED_FACE('',(#377),#3496,.F.);
#3684=ADVANCED_FACE('',(#378),#3497,.T.);
#3685=ADVANCED_FACE('',(#379),#3498,.T.);
#3686=ADVANCED_FACE('',(#380),#20,.T.);
#3687=ADVANCED_FACE('',(#381),#3499,.F.);
#3688=ADVANCED_FACE('',(#382),#21,.T.);
#3689=ADVANCED_FACE('',(#383),#3500,.F.);
#3690=ADVANCED_FACE('',(#384),#3501,.F.);
#3691=ADVANCED_FACE('',(#385),#3502,.F.);
#3692=ADVANCED_FACE('',(#386),#3503,.T.);
#3693=ADVANCED_FACE('',(#387),#3504,.T.);
#3694=ADVANCED_FACE('',(#388),#3505,.T.);
#3695=ADVANCED_FACE('',(#389),#3506,.T.);
#3696=ADVANCED_FACE('',(#390),#3507,.F.);
#3697=ADVANCED_FACE('',(#391,#95),#194,.T.);
#3698=ADVANCED_FACE('',(#392),#195,.T.);
#3699=ADVANCED_FACE('',(#393),#196,.T.);
#3700=ADVANCED_FACE('',(#394),#197,.T.);
#3701=ADVANCED_FACE('',(#395),#198,.T.);
#3702=ADVANCED_FACE('',(#396),#199,.T.);
#3703=ADVANCED_FACE('',(#397),#200,.T.);
#3704=ADVANCED_FACE('',(#398),#201,.T.);
#3705=ADVANCED_FACE('',(#399),#3508,.F.);
#3706=ADVANCED_FACE('',(#400),#202,.T.);
#3707=CLOSED_SHELL('',(#3509,#3510,#3511,#3512,#3513,#3514,#3515,#3516,
#3517,#3518,#3519,#3520,#3521,#3522,#3523,#3524,#3525,#3526,#3527,#3528,
#3529,#3530,#3531,#3532,#3533,#3534,#3535,#3536,#3537,#3538,#3539,#3540,
#3541,#3542,#3543,#3544,#3545,#3546,#3547,#3548,#3549,#3550,#3551,#3552,
#3553,#3554,#3555,#3556,#3557,#3558,#3559,#3560,#3561,#3562,#3563,#3564,
#3565,#3566,#3567,#3568,#3569,#3570,#3571,#3572,#3573,#3574,#3575,#3576,
#3577,#3578,#3579,#3580,#3581,#3582,#3583,#3584,#3585,#3586,#3587,#3588,
#3589,#3590,#3591,#3592,#3593,#3594,#3595,#3596,#3597,#3598,#3599,#3600,
#3601,#3602,#3603,#3604,#3605,#3606,#3607,#3608,#3609,#3610,#3611,#3612,
#3613,#3614,#3615,#3616,#3617,#3618,#3619,#3620,#3621,#3622,#3623,#3624,
#3625,#3626,#3627,#3628,#3629,#3630,#3631,#3632,#3633,#3634,#3635,#3636,
#3637,#3638,#3639,#3640,#3641,#3642,#3643,#3644,#3645,#3646,#3647,#3648,
#3649,#3650,#3651,#3652,#3653,#3654,#3655,#3656,#3657,#3658,#3659,#3660,
#3661,#3662,#3663,#3664,#3665,#3666,#3667,#3668,#3669,#3670,#3671,#3672,
#3673,#3674,#3675,#3676,#3677,#3678,#3679,#3680,#3681,#3682,#3683,#3684,
#3685,#3686,#3687,#3688,#3689,#3690,#3691,#3692,#3693,#3694,#3695,#3696,
#3697,#3698,#3699,#3700,#3701,#3702,#3703,#3704,#3705,#3706));
#3708=DERIVED_UNIT_ELEMENT(#3711,1.);
#3709=DERIVED_UNIT_ELEMENT(#6443,-3.);
#3710=DIMENSIONAL_EXPONENTS(0.,1.,0.,0.,0.,0.,0.);
#3711=(
CONVERSION_BASED_UNIT('gram',#3713)
MASS_UNIT()
NAMED_UNIT(#3710)
);
#3712=(
MASS_UNIT()
NAMED_UNIT(*)
SI_UNIT(.KILO.,.GRAM.)
);
#3713=MASS_MEASURE_WITH_UNIT(MASS_MEASURE(0.001),#3712);
#3714=DERIVED_UNIT((#3708,#3709));
#3715=MEASURE_REPRESENTATION_ITEM('density measure',
POSITIVE_RATIO_MEASURE(1.),#3714);
#3716=PROPERTY_DEFINITION_REPRESENTATION(#3721,#3718);
#3717=PROPERTY_DEFINITION_REPRESENTATION(#3722,#3719);
#3718=REPRESENTATION('material name',(#3720),#6440);
#3719=REPRESENTATION('density',(#3715),#6440);
#3720=DESCRIPTIVE_REPRESENTATION_ITEM('Generic','Generic');
#3721=PROPERTY_DEFINITION('material property','material name',#6450);
#3722=PROPERTY_DEFINITION('material property','density of part',#6450);
#3723=DATE_TIME_ROLE('creation_date');
#3724=APPLIED_DATE_AND_TIME_ASSIGNMENT(#3725,#3723,(#6450));
#3725=DATE_AND_TIME(#3726,#3727);
#3726=CALENDAR_DATE(2026,19,9);
#3727=LOCAL_TIME(0,0,0.,#3728);
#3728=COORDINATED_UNIVERSAL_TIME_OFFSET(0,0,.BEHIND.);
#3729=AXIS2_PLACEMENT_3D('',#5181,#4096,#4097);
#3730=AXIS2_PLACEMENT_3D('',#5182,#4098,#4099);
#3731=AXIS2_PLACEMENT_3D('',#5184,#4100,#4101);
#3732=AXIS2_PLACEMENT_3D('',#5187,#4103,#4104);
#3733=AXIS2_PLACEMENT_3D('',#5188,#4105,#4106);
#3734=AXIS2_PLACEMENT_3D('',#5189,#4107,#4108);
#3735=AXIS2_PLACEMENT_3D('',#5191,#4109,#4110);
#3736=AXIS2_PLACEMENT_3D('',#5194,#4112,#4113);
#3737=AXIS2_PLACEMENT_3D('',#5195,#4114,#4115);
#3738=AXIS2_PLACEMENT_3D('',#5196,#4116,#4117);
#3739=AXIS2_PLACEMENT_3D('',#5205,#4122,#4123);
#3740=AXIS2_PLACEMENT_3D('',#5209,#4125,#4126);
#3741=AXIS2_PLACEMENT_3D('',#5210,#4127,#4128);
#3742=AXIS2_PLACEMENT_3D('',#5211,#4129,#4130);
#3743=AXIS2_PLACEMENT_3D('',#5217,#4134,#4135);
#3744=AXIS2_PLACEMENT_3D('',#5221,#4137,#4138);
#3745=AXIS2_PLACEMENT_3D('',#5222,#4139,#4140);
#3746=AXIS2_PLACEMENT_3D('',#5223,#4141,#4142);
#3747=AXIS2_PLACEMENT_3D('',#5229,#4146,#4147);
#3748=AXIS2_PLACEMENT_3D('',#5233,#4149,#4150);
#3749=AXIS2_PLACEMENT_3D('',#5234,#4151,#4152);
#3750=AXIS2_PLACEMENT_3D('',#5235,#4153,#4154);
#3751=AXIS2_PLACEMENT_3D('',#5241,#4158,#4159);
#3752=AXIS2_PLACEMENT_3D('',#5242,#4160,#4161);
#3753=AXIS2_PLACEMENT_3D('',#5243,#4162,#4163);
#3754=AXIS2_PLACEMENT_3D('',#5244,#4164,#4165);
#3755=AXIS2_PLACEMENT_3D('',#5248,#4167,#4168);
#3756=AXIS2_PLACEMENT_3D('',#5250,#4170,#4171);
#3757=AXIS2_PLACEMENT_3D('',#5256,#4174,#4175);
#3758=AXIS2_PLACEMENT_3D('',#5260,#4177,#4178);
#3759=AXIS2_PLACEMENT_3D('',#5264,#4180,#4181);
#3760=AXIS2_PLACEMENT_3D('',#5268,#4183,#4184);
#3761=AXIS2_PLACEMENT_3D('',#5272,#4186,#4187);
#3762=AXIS2_PLACEMENT_3D('',#5276,#4189,#4190);
#3763=AXIS2_PLACEMENT_3D('',#5280,#4192,#4193);
#3764=AXIS2_PLACEMENT_3D('',#5284,#4195,#4196);
#3765=AXIS2_PLACEMENT_3D('',#5290,#4199,#4200);
#3766=AXIS2_PLACEMENT_3D('',#5294,#4202,#4203);
#3767=AXIS2_PLACEMENT_3D('',#5300,#4206,#4207);
#3768=AXIS2_PLACEMENT_3D('',#5303,#4209,#4210);
#3769=AXIS2_PLACEMENT_3D('',#5304,#4211,#4212);
#3770=AXIS2_PLACEMENT_3D('',#5307,#4214,#4215);
#3771=AXIS2_PLACEMENT_3D('',#5308,#4216,#4217);
#3772=AXIS2_PLACEMENT_3D('',#5312,#4220,#4221);
#3773=AXIS2_PLACEMENT_3D('',#5314,#4222,#4223);
#3774=AXIS2_PLACEMENT_3D('',#5315,#4224,#4225);
#3775=AXIS2_PLACEMENT_3D('',#5317,#4226,#4227);
#3776=AXIS2_PLACEMENT_3D('',#5337,#4237,#4238);
#3777=AXIS2_PLACEMENT_3D('',#5358,#4249,#4250);
#3778=AXIS2_PLACEMENT_3D('',#5362,#4252,#4253);
#3779=AXIS2_PLACEMENT_3D('',#5368,#4256,#4257);
#3780=AXIS2_PLACEMENT_3D('',#5370,#4258,#4259);
#3781=AXIS2_PLACEMENT_3D('',#5376,#4262,#4263);
#3782=AXIS2_PLACEMENT_3D('',#5380,#4265,#4266);
#3783=AXIS2_PLACEMENT_3D('',#5385,#4269,#4270);
#3784=AXIS2_PLACEMENT_3D('',#5386,#4271,#4272);
#3785=AXIS2_PLACEMENT_3D('',#5388,#4274,#4275);
#3786=AXIS2_PLACEMENT_3D('',#5391,#4277,#4278);
#3787=AXIS2_PLACEMENT_3D('',#5395,#4280,#4281);
#3788=AXIS2_PLACEMENT_3D('',#5399,#4283,#4284);
#3789=AXIS2_PLACEMENT_3D('',#5403,#4286,#4287);
#3790=AXIS2_PLACEMENT_3D('',#5407,#4289,#4290);
#3791=AXIS2_PLACEMENT_3D('',#5411,#4292,#4293);
#3792=AXIS2_PLACEMENT_3D('',#5415,#4295,#4296);
#3793=AXIS2_PLACEMENT_3D('',#5418,#4298,#4299);
#3794=AXIS2_PLACEMENT_3D('',#5425,#4302,#4303);
#3795=AXIS2_PLACEMENT_3D('',#5428,#4305,#4306);
#3796=AXIS2_PLACEMENT_3D('',#5433,#4308,#4309);
#3797=AXIS2_PLACEMENT_3D('',#5436,#4311,#4312);
#3798=AXIS2_PLACEMENT_3D('',#5437,#4313,#4314);
#3799=AXIS2_PLACEMENT_3D('',#5439,#4316,#4317);
#3800=AXIS2_PLACEMENT_3D('',#5442,#4318,#4319);
#3801=AXIS2_PLACEMENT_3D('',#5444,#4320,#4321);
#3802=AXIS2_PLACEMENT_3D('',#5454,#4322,#4323);
#3803=AXIS2_PLACEMENT_3D('',#5455,#4324,#4325);
#3804=AXIS2_PLACEMENT_3D('',#5458,#4328,#4329);
#3805=AXIS2_PLACEMENT_3D('',#5462,#4331,#4332);
#3806=AXIS2_PLACEMENT_3D('',#5464,#4334,#4335);
#3807=AXIS2_PLACEMENT_3D('',#5466,#4337,#4338);
#3808=AXIS2_PLACEMENT_3D('',#5470,#4340,#4341);
#3809=AXIS2_PLACEMENT_3D('',#5472,#4343,#4344);
#3810=AXIS2_PLACEMENT_3D('',#5483,#4345,#4346);
#3811=AXIS2_PLACEMENT_3D('',#5484,#4347,#4348);
#3812=AXIS2_PLACEMENT_3D('',#5485,#4349,#4350);
#3813=AXIS2_PLACEMENT_3D('',#5493,#4354,#4355);
#3814=AXIS2_PLACEMENT_3D('',#5499,#4359,#4360);
#3815=AXIS2_PLACEMENT_3D('',#5503,#4363,#4364);
#3816=AXIS2_PLACEMENT_3D('',#5506,#4365,#4366);
#3817=AXIS2_PLACEMENT_3D('',#5508,#4367,#4368);
#3818=AXIS2_PLACEMENT_3D('',#5518,#4369,#4370);
#3819=AXIS2_PLACEMENT_3D('',#5519,#4371,#4372);
#3820=AXIS2_PLACEMENT_3D('',#5522,#4375,#4376);
#3821=AXIS2_PLACEMENT_3D('',#5534,#4383,#4384);
#3822=AXIS2_PLACEMENT_3D('',#5537,#4385,#4386);
#3823=AXIS2_PLACEMENT_3D('',#5539,#4387,#4388);
#3824=AXIS2_PLACEMENT_3D('',#5549,#4389,#4390);
#3825=AXIS2_PLACEMENT_3D('',#5550,#4391,#4392);
#3826=AXIS2_PLACEMENT_3D('',#5553,#4395,#4396);
#3827=AXIS2_PLACEMENT_3D('',#5557,#4399,#4400);
#3828=AXIS2_PLACEMENT_3D('',#5560,#4402,#4403);
#3829=AXIS2_PLACEMENT_3D('',#5561,#4404,#4405);
#3830=AXIS2_PLACEMENT_3D('',#5567,#4409,#4410);
#3831=AXIS2_PLACEMENT_3D('',#5576,#4415,#4416);
#3832=AXIS2_PLACEMENT_3D('',#5585,#4422,#4423);
#3833=AXIS2_PLACEMENT_3D('',#5594,#4428,#4429);
#3834=AXIS2_PLACEMENT_3D('',#5603,#4435,#4436);
#3835=AXIS2_PLACEMENT_3D('',#5609,#4440,#4441);
#3836=AXIS2_PLACEMENT_3D('',#5611,#4442,#4443);
#3837=AXIS2_PLACEMENT_3D('',#5613,#4445,#4446);
#3838=AXIS2_PLACEMENT_3D('',#5617,#4449,#4450);
#3839=AXIS2_PLACEMENT_3D('',#5619,#4451,#4452);
#3840=AXIS2_PLACEMENT_3D('',#5621,#4454,#4455);
#3841=AXIS2_PLACEMENT_3D('',#5626,#4458,#4459);
#3842=AXIS2_PLACEMENT_3D('',#5627,#4460,#4461);
#3843=AXIS2_PLACEMENT_3D('',#5630,#4464,#4465);
#3844=AXIS2_PLACEMENT_3D('',#5631,#4466,#4467);
#3845=AXIS2_PLACEMENT_3D('',#5633,#4469,#4470);
#3846=AXIS2_PLACEMENT_3D('',#5635,#4472,#4473);
#3847=AXIS2_PLACEMENT_3D('',#5639,#4475,#4476);
#3848=AXIS2_PLACEMENT_3D('',#5643,#4478,#4479);
#3849=AXIS2_PLACEMENT_3D('',#5646,#4481,#4482);
#3850=AXIS2_PLACEMENT_3D('',#5648,#4483,#4484);
#3851=AXIS2_PLACEMENT_3D('',#5650,#4485,#4486);
#3852=AXIS2_PLACEMENT_3D('',#5652,#4487,#4488);
#3853=AXIS2_PLACEMENT_3D('',#5655,#4489,#4490);
#3854=AXIS2_PLACEMENT_3D('',#5657,#4491,#4492);
#3855=AXIS2_PLACEMENT_3D('',#5659,#4493,#4494);
#3856=AXIS2_PLACEMENT_3D('',#5665,#4498,#4499);
#3857=AXIS2_PLACEMENT_3D('',#5668,#4501,#4502);
#3858=AXIS2_PLACEMENT_3D('',#5669,#4503,#4504);
#3859=AXIS2_PLACEMENT_3D('',#5671,#4506,#4507);
#3860=AXIS2_PLACEMENT_3D('',#5674,#4510,#4511);
#3861=AXIS2_PLACEMENT_3D('',#5678,#4513,#4514);
#3862=AXIS2_PLACEMENT_3D('',#5682,#4516,#4517);
#3863=AXIS2_PLACEMENT_3D('',#5686,#4519,#4520);
#3864=AXIS2_PLACEMENT_3D('',#5688,#4521,#4522);
#3865=AXIS2_PLACEMENT_3D('',#5690,#4523,#4524);
#3866=AXIS2_PLACEMENT_3D('',#5697,#4528,#4529);
#3867=AXIS2_PLACEMENT_3D('',#5699,#4530,#4531);
#3868=AXIS2_PLACEMENT_3D('',#5701,#4532,#4533);
#3869=AXIS2_PLACEMENT_3D('',#5703,#4534,#4535);
#3870=AXIS2_PLACEMENT_3D('',#5704,#4536,#4537);
#3871=AXIS2_PLACEMENT_3D('',#5705,#4538,#4539);
#3872=AXIS2_PLACEMENT_3D('',#5726,#4542,#4543);
#3873=AXIS2_PLACEMENT_3D('',#5728,#4545,#4546);
#3874=AXIS2_PLACEMENT_3D('',#5732,#4549,#4550);
#3875=AXIS2_PLACEMENT_3D('',#5736,#4553,#4554);
#3876=AXIS2_PLACEMENT_3D('',#5737,#4555,#4556);
#3877=AXIS2_PLACEMENT_3D('',#5739,#4557,#4558);
#3878=AXIS2_PLACEMENT_3D('',#5742,#4560,#4561);
#3879=AXIS2_PLACEMENT_3D('',#5743,#4562,#4563);
#3880=AXIS2_PLACEMENT_3D('',#5746,#4565,#4566);
#3881=AXIS2_PLACEMENT_3D('',#5747,#4567,#4568);
#3882=AXIS2_PLACEMENT_3D('',#5752,#4572,#4573);
#3883=AXIS2_PLACEMENT_3D('',#5760,#4578,#4579);
#3884=AXIS2_PLACEMENT_3D('',#5762,#4580,#4581);
#3885=AXIS2_PLACEMENT_3D('',#5764,#4583,#4584);
#3886=AXIS2_PLACEMENT_3D('',#5768,#4587,#4588);
#3887=AXIS2_PLACEMENT_3D('',#5771,#4589,#4590);
#3888=AXIS2_PLACEMENT_3D('',#5774,#4593,#4594);
#3889=AXIS2_PLACEMENT_3D('',#5778,#4597,#4598);
#3890=AXIS2_PLACEMENT_3D('',#5780,#4599,#4600);
#3891=AXIS2_PLACEMENT_3D('',#5782,#4602,#4603);
#3892=AXIS2_PLACEMENT_3D('',#5786,#4606,#4607);
#3893=AXIS2_PLACEMENT_3D('',#5792,#4611,#4612);
#3894=AXIS2_PLACEMENT_3D('',#5795,#4614,#4615);
#3895=AXIS2_PLACEMENT_3D('',#5796,#4616,#4617);
#3896=AXIS2_PLACEMENT_3D('',#5800,#4620,#4621);
#3897=AXIS2_PLACEMENT_3D('',#5801,#4622,#4623);
#3898=AXIS2_PLACEMENT_3D('',#5802,#4624,#4625);
#3899=AXIS2_PLACEMENT_3D('',#5805,#4628,#4629);
#3900=AXIS2_PLACEMENT_3D('',#5807,#4630,#4631);
#3901=AXIS2_PLACEMENT_3D('',#5809,#4633,#4634);
#3902=AXIS2_PLACEMENT_3D('',#5811,#4636,#4637);
#3903=AXIS2_PLACEMENT_3D('',#5812,#4638,#4639);
#3904=AXIS2_PLACEMENT_3D('',#5819,#4644,#4645);
#3905=AXIS2_PLACEMENT_3D('',#5820,#4646,#4647);
#3906=AXIS2_PLACEMENT_3D('',#5821,#4648,#4649);
#3907=AXIS2_PLACEMENT_3D('',#5823,#4651,#4652);
#3908=AXIS2_PLACEMENT_3D('',#5824,#4653,#4654);
#3909=AXIS2_PLACEMENT_3D('',#5832,#4659,#4660);
#3910=AXIS2_PLACEMENT_3D('',#5840,#4665,#4666);
#3911=AXIS2_PLACEMENT_3D('',#5846,#4670,#4671);
#3912=AXIS2_PLACEMENT_3D('',#5848,#4672,#4673);
#3913=AXIS2_PLACEMENT_3D('',#5850,#4675,#4676);
#3914=AXIS2_PLACEMENT_3D('',#5853,#4677,#4678);
#3915=AXIS2_PLACEMENT_3D('',#5856,#4681,#4682);
#3916=AXIS2_PLACEMENT_3D('',#5860,#4685,#4686);
#3917=AXIS2_PLACEMENT_3D('',#5864,#4689,#4690);
#3918=AXIS2_PLACEMENT_3D('',#5866,#4691,#4692);
#3919=AXIS2_PLACEMENT_3D('',#5868,#4694,#4695);
#3920=AXIS2_PLACEMENT_3D('',#5872,#4697,#4698);
#3921=AXIS2_PLACEMENT_3D('',#5874,#4700,#4701);
#3922=AXIS2_PLACEMENT_3D('',#5878,#4704,#4705);
#3923=AXIS2_PLACEMENT_3D('',#5880,#4706,#4707);
#3924=AXIS2_PLACEMENT_3D('',#5882,#4709,#4710);
#3925=AXIS2_PLACEMENT_3D('',#5883,#4711,#4712);
#3926=AXIS2_PLACEMENT_3D('',#5884,#4713,#4714);
#3927=AXIS2_PLACEMENT_3D('',#5887,#4717,#4718);
#3928=AXIS2_PLACEMENT_3D('',#5889,#4719,#4720);
#3929=AXIS2_PLACEMENT_3D('',#5891,#4722,#4723);
#3930=AXIS2_PLACEMENT_3D('',#5893,#4725,#4726);
#3931=AXIS2_PLACEMENT_3D('',#5895,#4728,#4729);
#3932=AXIS2_PLACEMENT_3D('',#5896,#4730,#4731);
#3933=AXIS2_PLACEMENT_3D('',#5897,#4732,#4733);
#3934=AXIS2_PLACEMENT_3D('',#5898,#4734,#4735);
#3935=AXIS2_PLACEMENT_3D('',#5906,#4740,#4741);
#3936=AXIS2_PLACEMENT_3D('',#5910,#4744,#4745);
#3937=AXIS2_PLACEMENT_3D('',#5916,#4749,#4750);
#3938=AXIS2_PLACEMENT_3D('',#5920,#4753,#4754);
#3939=AXIS2_PLACEMENT_3D('',#5924,#4757,#4758);
#3940=AXIS2_PLACEMENT_3D('',#5927,#4759,#4760);
#3941=AXIS2_PLACEMENT_3D('',#5931,#4762,#4763);
#3942=AXIS2_PLACEMENT_3D('',#5933,#4765,#4766);
#3943=AXIS2_PLACEMENT_3D('',#5939,#4770,#4771);
#3944=AXIS2_PLACEMENT_3D('',#5941,#4772,#4773);
#3945=AXIS2_PLACEMENT_3D('',#5943,#4774,#4775);
#3946=AXIS2_PLACEMENT_3D('',#5945,#4777,#4778);
#3947=AXIS2_PLACEMENT_3D('',#5948,#4780,#4781);
#3948=AXIS2_PLACEMENT_3D('',#5951,#4783,#4784);
#3949=AXIS2_PLACEMENT_3D('',#5953,#4786,#4787);
#3950=AXIS2_PLACEMENT_3D('',#5961,#4791,#4792);
#3951=AXIS2_PLACEMENT_3D('',#5969,#4796,#4797);
#3952=AXIS2_PLACEMENT_3D('',#5970,#4798,#4799);
#3953=AXIS2_PLACEMENT_3D('',#5972,#4800,#4801);
#3954=AXIS2_PLACEMENT_3D('',#5974,#4802,#4803);
#3955=AXIS2_PLACEMENT_3D('',#5976,#4804,#4805);
#3956=AXIS2_PLACEMENT_3D('',#5978,#4806,#4807);
#3957=AXIS2_PLACEMENT_3D('',#5979,#4808,#4809);
#3958=AXIS2_PLACEMENT_3D('',#5983,#4812,#4813);
#3959=AXIS2_PLACEMENT_3D('',#5992,#4818,#4819);
#3960=AXIS2_PLACEMENT_3D('',#5998,#4823,#4824);
#3961=AXIS2_PLACEMENT_3D('',#6000,#4825,#4826);
#3962=AXIS2_PLACEMENT_3D('',#6003,#4828,#4829);
#3963=AXIS2_PLACEMENT_3D('',#6006,#4832,#4833);
#3964=AXIS2_PLACEMENT_3D('',#6008,#4835,#4836);
#3965=AXIS2_PLACEMENT_3D('',#6010,#4838,#4839);
#3966=AXIS2_PLACEMENT_3D('',#6011,#4840,#4841);
#3967=AXIS2_PLACEMENT_3D('',#6013,#4843,#4844);
#3968=AXIS2_PLACEMENT_3D('',#6015,#4846,#4847);
#3969=AXIS2_PLACEMENT_3D('',#6022,#4851,#4852);
#3970=AXIS2_PLACEMENT_3D('',#6024,#4853,#4854);
#3971=AXIS2_PLACEMENT_3D('',#6026,#4855,#4856);
#3972=AXIS2_PLACEMENT_3D('',#6028,#4857,#4858);
#3973=AXIS2_PLACEMENT_3D('',#6031,#4859,#4860);
#3974=AXIS2_PLACEMENT_3D('',#6039,#4864,#4865);
#3975=AXIS2_PLACEMENT_3D('',#6040,#4866,#4867);
#3976=AXIS2_PLACEMENT_3D('',#6041,#4868,#4869);
#3977=AXIS2_PLACEMENT_3D('',#6042,#4870,#4871);
#3978=AXIS2_PLACEMENT_3D('',#6044,#4872,#4873);
#3979=AXIS2_PLACEMENT_3D('',#6046,#4874,#4875);
#3980=AXIS2_PLACEMENT_3D('',#6047,#4876,#4877);
#3981=AXIS2_PLACEMENT_3D('',#6049,#4879,#4880);
#3982=AXIS2_PLACEMENT_3D('',#6051,#4882,#4883);
#3983=AXIS2_PLACEMENT_3D('',#6053,#4884,#4885);
#3984=AXIS2_PLACEMENT_3D('',#6055,#4886,#4887);
#3985=AXIS2_PLACEMENT_3D('',#6056,#4888,#4889);
#3986=AXIS2_PLACEMENT_3D('',#6058,#4891,#4892);
#3987=AXIS2_PLACEMENT_3D('',#6060,#4894,#4895);
#3988=AXIS2_PLACEMENT_3D('',#6062,#4896,#4897);
#3989=AXIS2_PLACEMENT_3D('',#6064,#4898,#4899);
#3990=AXIS2_PLACEMENT_3D('',#6065,#4900,#4901);
#3991=AXIS2_PLACEMENT_3D('',#6067,#4903,#4904);
#3992=AXIS2_PLACEMENT_3D('',#6069,#4906,#4907);
#3993=AXIS2_PLACEMENT_3D('',#6071,#4908,#4909);
#3994=AXIS2_PLACEMENT_3D('',#6073,#4910,#4911);
#3995=AXIS2_PLACEMENT_3D('',#6074,#4912,#4913);
#3996=AXIS2_PLACEMENT_3D('',#6076,#4915,#4916);
#3997=AXIS2_PLACEMENT_3D('',#6078,#4918,#4919);
#3998=AXIS2_PLACEMENT_3D('',#6080,#4921,#4922);
#3999=AXIS2_PLACEMENT_3D('',#6082,#4924,#4925);
#4000=AXIS2_PLACEMENT_3D('',#6085,#4928,#4929);
#4001=AXIS2_PLACEMENT_3D('',#6087,#4931,#4932);
#4002=AXIS2_PLACEMENT_3D('',#6089,#4934,#4935);
#4003=AXIS2_PLACEMENT_3D('',#6091,#4937,#4938);
#4004=AXIS2_PLACEMENT_3D('',#6093,#4940,#4941);
#4005=AXIS2_PLACEMENT_3D('',#6094,#4942,#4943);
#4006=AXIS2_PLACEMENT_3D('',#6095,#4944,#4945);
#4007=AXIS2_PLACEMENT_3D('',#6097,#4946,#4947);
#4008=AXIS2_PLACEMENT_3D('',#6099,#4948,#4949);
#4009=AXIS2_PLACEMENT_3D('',#6100,#4950,#4951);
#4010=AXIS2_PLACEMENT_3D('',#6102,#4953,#4954);
#4011=AXIS2_PLACEMENT_3D('',#6104,#4956,#4957);
#4012=AXIS2_PLACEMENT_3D('',#6106,#4958,#4959);
#4013=AXIS2_PLACEMENT_3D('',#6108,#4960,#4961);
#4014=AXIS2_PLACEMENT_3D('',#6109,#4962,#4963);
#4015=AXIS2_PLACEMENT_3D('',#6111,#4965,#4966);
#4016=AXIS2_PLACEMENT_3D('',#6113,#4968,#4969);
#4017=AXIS2_PLACEMENT_3D('',#6115,#4970,#4971);
#4018=AXIS2_PLACEMENT_3D('',#6117,#4972,#4973);
#4019=AXIS2_PLACEMENT_3D('',#6118,#4974,#4975);
#4020=AXIS2_PLACEMENT_3D('',#6120,#4977,#4978);
#4021=AXIS2_PLACEMENT_3D('',#6122,#4980,#4981);
#4022=AXIS2_PLACEMENT_3D('',#6124,#4982,#4983);
#4023=AXIS2_PLACEMENT_3D('',#6126,#4984,#4985);
#4024=AXIS2_PLACEMENT_3D('',#6127,#4986,#4987);
#4025=AXIS2_PLACEMENT_3D('',#6129,#4989,#4990);
#4026=AXIS2_PLACEMENT_3D('',#6131,#4992,#4993);
#4027=AXIS2_PLACEMENT_3D('',#6135,#4996,#4997);
#4028=AXIS2_PLACEMENT_3D('',#6139,#5000,#5001);
#4029=AXIS2_PLACEMENT_3D('',#6143,#5004,#5005);
#4030=AXIS2_PLACEMENT_3D('',#6145,#5007,#5008);
#4031=AXIS2_PLACEMENT_3D('',#6148,#5011,#5012);
#4032=AXIS2_PLACEMENT_3D('',#6150,#5014,#5015);
#4033=AXIS2_PLACEMENT_3D('',#6152,#5017,#5018);
#4034=AXIS2_PLACEMENT_3D('',#6154,#5020,#5021);
#4035=AXIS2_PLACEMENT_3D('',#6156,#5023,#5024);
#4036=AXIS2_PLACEMENT_3D('',#6157,#5025,#5026);
#4037=AXIS2_PLACEMENT_3D('',#6158,#5027,#5028);
#4038=AXIS2_PLACEMENT_3D('',#6160,#5029,#5030);
#4039=AXIS2_PLACEMENT_3D('',#6163,#5032,#5033);
#4040=AXIS2_PLACEMENT_3D('',#6164,#5034,#5035);
#4041=AXIS2_PLACEMENT_3D('',#6167,#5036,#5037);
#4042=AXIS2_PLACEMENT_3D('',#6171,#5039,#5040);
#4043=AXIS2_PLACEMENT_3D('',#6173,#5042,#5043);
#4044=AXIS2_PLACEMENT_3D('',#6179,#5047,#5048);
#4045=AXIS2_PLACEMENT_3D('',#6181,#5049,#5050);
#4046=AXIS2_PLACEMENT_3D('',#6183,#5051,#5052);
#4047=AXIS2_PLACEMENT_3D('',#6185,#5054,#5055);
#4048=AXIS2_PLACEMENT_3D('',#6191,#5059,#5060);
#4049=AXIS2_PLACEMENT_3D('',#6208,#5061,#5062);
#4050=AXIS2_PLACEMENT_3D('',#6209,#5063,#5064);
#4051=AXIS2_PLACEMENT_3D('',#6211,#5065,#5066);
#4052=AXIS2_PLACEMENT_3D('',#6212,#5067,#5068);
#4053=AXIS2_PLACEMENT_3D('',#6244,#5069,#5070);
#4054=AXIS2_PLACEMENT_3D('',#6246,#5071,#5072);
#4055=AXIS2_PLACEMENT_3D('',#6247,#5073,#5074);
#4056=AXIS2_PLACEMENT_3D('',#6248,#5075,#5076);
#4057=AXIS2_PLACEMENT_3D('',#6281,#5078,#5079);
#4058=AXIS2_PLACEMENT_3D('',#6283,#5080,#5081);
#4059=AXIS2_PLACEMENT_3D('',#6284,#5082,#5083);
#4060=AXIS2_PLACEMENT_3D('',#6285,#5084,#5085);
#4061=AXIS2_PLACEMENT_3D('',#6287,#5087,#5088);
#4062=AXIS2_PLACEMENT_3D('',#6292,#5091,#5092);
#4063=AXIS2_PLACEMENT_3D('',#6293,#5093,#5094);
#4064=AXIS2_PLACEMENT_3D('',#6298,#5097,#5098);
#4065=AXIS2_PLACEMENT_3D('',#6332,#5100,#5101);
#4066=AXIS2_PLACEMENT_3D('',#6333,#5102,#5103);
#4067=AXIS2_PLACEMENT_3D('',#6334,#5104,#5105);
#4068=AXIS2_PLACEMENT_3D('',#6335,#5106,#5107);
#4069=AXIS2_PLACEMENT_3D('',#6338,#5109,#5110);
#4070=AXIS2_PLACEMENT_3D('',#6371,#5111,#5112);
#4071=AXIS2_PLACEMENT_3D('',#6372,#5113,#5114);
#4072=AXIS2_PLACEMENT_3D('',#6373,#5115,#5116);
#4073=AXIS2_PLACEMENT_3D('',#6374,#5117,#5118);
#4074=AXIS2_PLACEMENT_3D('',#6376,#5120,#5121);
#4075=AXIS2_PLACEMENT_3D('',#6393,#5122,#5123);
#4076=AXIS2_PLACEMENT_3D('',#6397,#5125,#5126);
#4077=AXIS2_PLACEMENT_3D('',#6398,#5127,#5128);
#4078=AXIS2_PLACEMENT_3D('',#6399,#5129,#5130);
#4079=AXIS2_PLACEMENT_3D('',#6401,#5132,#5133);
#4080=AXIS2_PLACEMENT_3D('',#6406,#5136,#5137);
#4081=AXIS2_PLACEMENT_3D('',#6407,#5138,#5139);
#4082=AXIS2_PLACEMENT_3D('',#6410,#5142,#5143);
#4083=AXIS2_PLACEMENT_3D('',#6416,#5147,#5148);
#4084=AXIS2_PLACEMENT_3D('',#6417,#5149,#5150);
#4085=AXIS2_PLACEMENT_3D('',#6420,#5153,#5154);
#4086=AXIS2_PLACEMENT_3D('',#6422,#5156,#5157);
#4087=AXIS2_PLACEMENT_3D('',#6425,#5160,#5161);
#4088=AXIS2_PLACEMENT_3D('',#6426,#5162,#5163);
#4089=AXIS2_PLACEMENT_3D('',#6427,#5164,#5165);
#4090=AXIS2_PLACEMENT_3D('',#6428,#5166,#5167);
#4091=AXIS2_PLACEMENT_3D('',#6430,#5169,#5170);
#4092=AXIS2_PLACEMENT_3D('',#6431,#5171,#5172);
#4093=AXIS2_PLACEMENT_3D('',#6433,#5174,#5175);
#4094=AXIS2_PLACEMENT_3D('',#6434,#5176,#5177);
#4095=AXIS2_PLACEMENT_3D('',#6436,#5179,#5180);
#4096=DIRECTION('axis',(0.,0.,1.));
#4097=DIRECTION('refdir',(1.,0.,0.));
#4098=DIRECTION('center_axis',(-3.33066907387547E-16,1.,1.38777878078142E-16));
#4099=DIRECTION('ref_axis',(1.,3.33066907387547E-16,-4.09676392850617E-17));
#4100=DIRECTION('center_axis',(3.33066907387547E-16,-1.,-1.38777878078142E-16));
#4101=DIRECTION('ref_axis',(1.,3.33066907387547E-16,-4.09676392850617E-17));
#4102=DIRECTION('',(3.33066907387547E-16,-1.,-1.38777878078142E-16));
#4103=DIRECTION('center_axis',(-3.33066907387547E-16,1.,1.38777878078142E-16));
#4104=DIRECTION('ref_axis',(1.,3.33066907387547E-16,-4.09676392850617E-17));
#4105=DIRECTION('center_axis',(-3.33066907387547E-16,1.,1.38777878078142E-16));
#4106=DIRECTION('ref_axis',(1.,3.33066907387547E-16,-4.09676392850617E-17));
#4107=DIRECTION('center_axis',(-3.33066907387547E-16,1.,1.38777878078142E-16));
#4108=DIRECTION('ref_axis',(1.,3.33066907387547E-16,-4.09676392850617E-17));
#4109=DIRECTION('center_axis',(3.33066907387547E-16,-1.,-1.38777878078142E-16));
#4110=DIRECTION('ref_axis',(1.,3.33066907387547E-16,-4.09676392850617E-17));
#4111=DIRECTION('',(3.33066907387547E-16,-1.,-1.38777878078142E-16));
#4112=DIRECTION('center_axis',(-3.33066907387547E-16,1.,1.38777878078142E-16));
#4113=DIRECTION('ref_axis',(1.,3.33066907387547E-16,-4.09676392850617E-17));
#4114=DIRECTION('center_axis',(-3.33066907387547E-16,1.,1.38777878078142E-16));
#4115=DIRECTION('ref_axis',(1.,3.33066907387547E-16,-4.09676392850617E-17));
#4116=DIRECTION('center_axis',(5.88784672006415E-17,-0.707106781186548,
0.707106781186548));
#4117=DIRECTION('ref_axis',(1.,0.,-8.32667268468866E-17));
#4118=DIRECTION('',(6.28036983473511E-16,0.707106781186548,0.707106781186547));
#4119=DIRECTION('',(-1.,-3.33066907387547E-16,-2.4980018054066E-16));
#4120=DIRECTION('',(0.,-0.707106781186547,-0.707106781186547));
#4121=DIRECTION('',(1.,3.33066907387547E-16,2.4980018054066E-16));
#4122=DIRECTION('center_axis',(0.,1.,0.));
#4123=DIRECTION('ref_axis',(0.707106781186547,1.20316867757834E-16,0.707106781186547));
#4124=DIRECTION('',(0.707106781186547,0.707106781186547,6.2803698347351E-16));
#4125=DIRECTION('center_axis',(3.33066907387547E-16,-1.,-1.38777878078142E-16));
#4126=DIRECTION('ref_axis',(0.707106781186547,1.04672830578918E-16,0.707106781186547));
#4127=DIRECTION('center_axis',(-3.33066907387547E-16,1.,1.38777878078142E-16));
#4128=DIRECTION('ref_axis',(0.707106781186547,1.37383090134832E-16,0.707106781186547));
#4129=DIRECTION('center_axis',(0.707106781186549,-0.707106781186546,-1.61370613809164E-16));
#4130=DIRECTION('ref_axis',(-2.2821251061739E-16,0.,-1.));
#4131=DIRECTION('',(0.707106781186545,0.70710678118655,0.));
#4132=DIRECTION('',(8.94346325392487E-17,-1.38777878078142E-16,1.));
#4133=DIRECTION('',(-8.94346325392487E-17,1.38777878078142E-16,-1.));
#4134=DIRECTION('center_axis',(0.,1.,0.));
#4135=DIRECTION('ref_axis',(0.707106781186548,3.78016825650495E-16,-0.707106781186548));
#4136=DIRECTION('',(6.28036983473509E-16,0.707106781186548,-0.707106781186547));
#4137=DIRECTION('center_axis',(3.33066907387547E-16,-1.,-1.38777878078142E-16));
#4138=DIRECTION('ref_axis',(0.707106781186548,4.18691322315673E-16,-0.707106781186547));
#4139=DIRECTION('center_axis',(-3.33066907387547E-16,1.,1.38777878078142E-16));
#4140=DIRECTION('ref_axis',(0.707106781186548,3.336446474703E-16,-0.707106781186547));
#4141=DIRECTION('center_axis',(4.51401581871585E-16,-0.707106781186548,
-0.707106781186547));
#4142=DIRECTION('ref_axis',(-1.,0.,-6.38378239159465E-16));
#4143=DIRECTION('',(0.,0.707106781186548,-0.707106781186547));
#4144=DIRECTION('',(1.,3.33066907387547E-16,3.05311331771918E-16));
#4145=DIRECTION('',(-1.,-3.33066907387547E-16,-3.05311331771918E-16));
#4146=DIRECTION('center_axis',(0.,1.,0.));
#4147=DIRECTION('ref_axis',(-0.707106781186547,-1.74928779364226E-16,-0.707106781186547));
#4148=DIRECTION('',(-0.707106781186549,0.707106781186546,0.));
#4149=DIRECTION('center_axis',(3.33066907387547E-16,-1.,-1.38777878078142E-16));
#4150=DIRECTION('ref_axis',(-0.707106781186547,-2.09345661157837E-16,-0.707106781186547));
#4151=DIRECTION('center_axis',(-3.33066907387547E-16,1.,1.38777878078142E-16));
#4152=DIRECTION('ref_axis',(-0.707106781186548,-1.37383090134832E-16,-0.707106781186548));
#4153=DIRECTION('center_axis',(-0.707106781186547,-0.707106781186548,-1.09338720543309E-17));
#4154=DIRECTION('ref_axis',(-1.5462830148487E-17,0.,1.));
#4155=DIRECTION('',(-0.707106781186548,0.707106781186547,0.));
#4156=DIRECTION('',(-1.23315047929655E-16,1.38777878078142E-16,-1.));
#4157=DIRECTION('',(1.23315047929655E-16,-1.38777878078142E-16,1.));
#4158=DIRECTION('center_axis',(0.,1.,0.));
#4159=DIRECTION('ref_axis',(-0.707106781186547,-3.78016825650495E-16,0.707106781186547));
#4160=DIRECTION('center_axis',(3.33066907387547E-16,-1.,-1.38777878078142E-16));
#4161=DIRECTION('ref_axis',(-0.707106781186547,-4.18691322315673E-16,0.707106781186547));
#4162=DIRECTION('center_axis',(-3.33066907387547E-16,1.,1.38777878078142E-16));
#4163=DIRECTION('ref_axis',(-0.707106781186548,-3.336446474703E-16,0.707106781186548));
#4164=DIRECTION('center_axis',(-3.33066907387547E-16,1.,1.38777878078142E-16));
#4165=DIRECTION('ref_axis',(-0.707106781186547,-2.09345661157837E-16,-0.707106781186547));
#4166=DIRECTION('',(-3.33066907387547E-16,1.,1.38777878078142E-16));
#4167=DIRECTION('center_axis',(3.33066907387547E-16,-1.,-1.38777878078142E-16));
#4168=DIRECTION('ref_axis',(-0.707106781186547,-2.09345661157837E-16,-0.707106781186547));
#4169=DIRECTION('',(3.33066907387547E-16,-1.,-1.38777878078142E-16));
#4170=DIRECTION('center_axis',(-1.,-3.33066907387547E-16,1.23315047929655E-16));
#4171=DIRECTION('ref_axis',(1.23315047929655E-16,-1.38777878078142E-16,
1.));
#4172=DIRECTION('',(3.33066907387547E-16,-1.,-1.38777878078142E-16));
#4173=DIRECTION('',(1.23315047929655E-16,-1.38777878078142E-16,1.));
#4174=DIRECTION('center_axis',(-1.,-3.33066907387547E-16,1.23315047929655E-16));
#4175=DIRECTION('ref_axis',(0.,-0.707106781186546,-0.707106781186549));
#4176=DIRECTION('',(1.69241314729528E-17,1.,2.20282346155765E-15));
#4177=DIRECTION('center_axis',(1.,3.33066907387547E-16,-1.23315047929655E-16));
#4178=DIRECTION('ref_axis',(0.,0.707106781186546,0.707106781186549));
#4179=DIRECTION('',(6.15211530370705E-17,2.20282346155764E-15,-1.));
#4180=DIRECTION('center_axis',(1.,3.33066907387547E-16,-1.23315047929655E-16));
#4181=DIRECTION('ref_axis',(0.,0.707106781186549,-0.707106781186546));
#4182=DIRECTION('',(-1.69241314729528E-17,-1.,-1.98077885663261E-15));
#4183=DIRECTION('center_axis',(-1.,-3.33066907387547E-16,1.23315047929655E-16));
#4184=DIRECTION('ref_axis',(0.,-0.707106781186548,0.707106781186547));
#4185=DIRECTION('',(1.23315047929655E-16,-1.38777878078142E-16,1.));
#4186=DIRECTION('center_axis',(-1.,-3.33066907387547E-16,1.23315047929655E-16));
#4187=DIRECTION('ref_axis',(0.,-0.707106781186548,-0.707106781186547));
#4188=DIRECTION('',(1.69241314729531E-17,1.,-2.23806863694299E-15));
#4189=DIRECTION('center_axis',(1.,3.33066907387547E-16,-1.23315047929655E-16));
#4190=DIRECTION('ref_axis',(0.,0.707106781186549,0.707106781186546));
#4191=DIRECTION('',(6.15211530370704E-17,-2.23806863694298E-15,-1.));
#4192=DIRECTION('center_axis',(1.,3.33066907387547E-16,-1.23315047929655E-16));
#4193=DIRECTION('ref_axis',(0.,0.707106781186546,-0.707106781186549));
#4194=DIRECTION('',(-1.69241314729531E-17,-1.,2.23806863694299E-15));
#4195=DIRECTION('center_axis',(-1.,-3.33066907387547E-16,1.23315047929655E-16));
#4196=DIRECTION('ref_axis',(0.,-0.707106781186547,0.707106781186548));
#4197=DIRECTION('',(1.23315047929655E-16,-1.38777878078142E-16,1.));
#4198=DIRECTION('',(1.69241314729923E-17,1.,-6.39197689486767E-13));
#4199=DIRECTION('center_axis',(-1.,-3.33066907387547E-16,1.23315047929655E-16));
#4200=DIRECTION('ref_axis',(0.,0.707106781186549,0.707106781186546));
#4201=DIRECTION('',(-1.69241314729531E-17,-1.,1.92399238655536E-15));
#4202=DIRECTION('center_axis',(-1.,-3.33066907387547E-16,1.23315047929655E-16));
#4203=DIRECTION('ref_axis',(0.,-0.707106781185202,0.707106781187893));
#4204=DIRECTION('',(6.1521153037006E-17,-3.80530703947856E-12,-1.));
#4205=DIRECTION('',(-1.69241314729527E-17,-1.,-3.03549073002275E-15));
#4206=DIRECTION('center_axis',(-1.,-3.33066907387547E-16,1.23315047929655E-16));
#4207=DIRECTION('ref_axis',(0.,-0.707106781187173,-0.707106781185922));
#4208=DIRECTION('',(1.69241314730618E-17,1.,-1.76888045657013E-12));
#4209=DIRECTION('center_axis',(-1.,-3.33066907387547E-16,1.23315047929655E-16));
#4210=DIRECTION('ref_axis',(0.,0.707106781186546,0.707106781186549));
#4211=DIRECTION('center_axis',(-3.33066907387547E-16,1.,1.38777878078142E-16));
#4212=DIRECTION('ref_axis',(-0.707106781186547,-4.18691322315673E-16,0.707106781186547));
#4213=DIRECTION('',(-3.33066907387547E-16,1.,1.38777878078142E-16));
#4214=DIRECTION('center_axis',(3.33066907387547E-16,-1.,-1.38777878078142E-16));
#4215=DIRECTION('ref_axis',(-0.707106781186547,-4.18691322315673E-16,0.707106781186547));
#4216=DIRECTION('center_axis',(-2.4980018054066E-16,-1.38777878078142E-16,
1.));
#4217=DIRECTION('ref_axis',(1.,3.33066907387547E-16,2.4980018054066E-16));
#4218=DIRECTION('',(3.33066907387547E-16,-1.,-1.38777878078142E-16));
#4219=DIRECTION('',(1.,3.33066907387547E-16,2.4980018054066E-16));
#4220=DIRECTION('center_axis',(-3.33066907387547E-16,1.,1.38777878078142E-16));
#4221=DIRECTION('ref_axis',(-3.05311331771918E-16,-1.38777878078142E-16,
1.));
#4222=DIRECTION('center_axis',(-3.33066907387547E-16,1.,1.38777878078142E-16));
#4223=DIRECTION('ref_axis',(-1.,-3.33066907387547E-16,-3.05311331771918E-16));
#4224=DIRECTION('center_axis',(-3.33066907387547E-16,1.,1.38777878078142E-16));
#4225=DIRECTION('ref_axis',(-3.05311331771918E-16,-1.38777878078142E-16,
1.));
#4226=DIRECTION('center_axis',(3.33066907387547E-16,-1.,-1.38777878078142E-16));
#4227=DIRECTION('ref_axis',(0.707106781186547,1.04672830578918E-16,0.707106781186547));
#4228=DIRECTION('',(-8.94346325392487E-17,1.38777878078142E-16,-1.));
#4229=DIRECTION('',(1.,3.33066907387547E-16,-1.78869265078498E-16));
#4230=DIRECTION('',(-2.79341936990276E-16,1.38777878078142E-16,-1.));
#4231=DIRECTION('',(1.,3.33066907387547E-16,-1.78869265078498E-16));
#4232=DIRECTION('',(-5.80195061386839E-17,1.38777878078142E-16,-1.));
#4233=DIRECTION('',(-1.,-3.33066907387547E-16,1.78869265078497E-16));
#4234=DIRECTION('',(-2.29105601034387E-16,1.38777878078142E-16,-1.));
#4235=DIRECTION('',(-1.,-3.33066907387547E-16,1.78869265078497E-16));
#4236=DIRECTION('',(-8.94346325392487E-17,1.38777878078142E-16,-1.));
#4237=DIRECTION('center_axis',(3.33066907387547E-16,-1.,-1.38777878078142E-16));
#4238=DIRECTION('ref_axis',(0.707106781186548,4.18691322315673E-16,-0.707106781186547));
#4239=DIRECTION('',(-1.,-3.33066907387547E-16,-3.05311331771918E-16));
#4240=DIRECTION('',(-1.,-3.33066907387547E-16,7.45426599427664E-31));
#4241=DIRECTION('',(-5.02363359558894E-17,-1.38777878078142E-16,1.));
#4242=DIRECTION('',(-1.,-3.33066907387547E-16,7.45426599427663E-31));
#4243=DIRECTION('',(6.15211530370706E-17,1.38777878078142E-16,-1.));
#4244=DIRECTION('',(1.,3.33066907387547E-16,6.87220716663817E-31));
#4245=DIRECTION('',(-1.00472671911779E-16,-1.38777878078142E-16,1.));
#4246=DIRECTION('',(1.,3.33066907387547E-16,7.64257914439308E-31));
#4247=DIRECTION('',(1.,3.33066907387547E-16,3.05311331771918E-16));
#4248=DIRECTION('',(-3.05311331771918E-16,-1.38777878078142E-16,1.));
#4249=DIRECTION('center_axis',(-3.33066907387547E-16,1.,1.38777878078142E-16));
#4250=DIRECTION('ref_axis',(5.66993408219214E-16,1.38777878078142E-16,-1.));
#4251=DIRECTION('',(-1.,-3.33066907387547E-16,-3.05311331771918E-16));
#4252=DIRECTION('center_axis',(-3.33066907387547E-16,1.,1.38777878078142E-16));
#4253=DIRECTION('ref_axis',(3.05311331771918E-16,1.38777878078142E-16,-1.));
#4254=DIRECTION('',(3.05311331771918E-16,1.38777878078142E-16,-1.));
#4255=DIRECTION('',(1.,3.33066907387547E-16,3.05311331771918E-16));
#4256=DIRECTION('center_axis',(3.33066907387547E-16,-1.,-1.38777878078142E-16));
#4257=DIRECTION('ref_axis',(-1.,-3.33066907387547E-16,-3.05311331771918E-16));
#4258=DIRECTION('center_axis',(3.33066907387547E-16,-1.,-1.38777878078142E-16));
#4259=DIRECTION('ref_axis',(-1.,-3.33066907387547E-16,-3.05311331771918E-16));
#4260=DIRECTION('',(-1.,-3.33066907387547E-16,-3.05311331771918E-16));
#4261=DIRECTION('',(3.05311331771918E-16,1.38777878078142E-16,-1.));
#4262=DIRECTION('center_axis',(-3.33066907387547E-16,1.,1.38777878078142E-16));
#4263=DIRECTION('ref_axis',(-3.05311331771918E-16,-1.38777878078142E-16,
1.));
#4264=DIRECTION('',(1.,3.33066907387547E-16,3.05311331771918E-16));
#4265=DIRECTION('center_axis',(-3.33066907387547E-16,1.,1.38777878078142E-16));
#4266=DIRECTION('ref_axis',(-2.39890812660094E-16,-1.38777878078142E-16,
1.));
#4267=DIRECTION('',(-3.05311331771918E-16,-1.38777878078142E-16,1.));
#4268=DIRECTION('',(-1.,-3.33066907387547E-16,-3.05311331771918E-16));
#4269=DIRECTION('center_axis',(3.33066907387547E-16,-1.,-1.38777878078142E-16));
#4270=DIRECTION('ref_axis',(-1.,-3.33066907387547E-16,-3.05311331771918E-16));
#4271=DIRECTION('center_axis',(-3.33066907387547E-16,1.,1.38777878078142E-16));
#4272=DIRECTION('ref_axis',(0.707106781186547,1.04672830578918E-16,0.707106781186547));
#4273=DIRECTION('',(-3.33066907387547E-16,1.,1.38777878078142E-16));
#4274=DIRECTION('center_axis',(1.,3.33066907387547E-16,-8.94346325392487E-17));
#4275=DIRECTION('ref_axis',(-8.94346325392487E-17,1.38777878078142E-16,
-1.));
#4276=DIRECTION('',(3.33066907387547E-16,-1.,-1.38777878078142E-16));
#4277=DIRECTION('center_axis',(1.,3.33066907387547E-16,-8.94346325392487E-17));
#4278=DIRECTION('ref_axis',(0.,-0.707106781186546,0.707106781186549));
#4279=DIRECTION('',(6.83057946248048E-16,-1.,2.23806863694299E-15));
#4280=DIRECTION('center_axis',(1.,6.66133814775094E-16,-1.78869265078497E-16));
#4281=DIRECTION('ref_axis',(-5.97507407887991E-16,0.707106781186546,-0.707106781186549));
#4282=DIRECTION('',(-2.40390418115566E-16,-2.23806863694298E-15,-1.));
#4283=DIRECTION('center_axis',(-1.,-3.33066907387547E-16,8.94346325392487E-17));
#4284=DIRECTION('ref_axis',(0.,0.707106781186549,0.707106781186546));
#4285=DIRECTION('',(-6.83057946248048E-16,1.,-2.23806863694299E-15));
#4286=DIRECTION('center_axis',(1.,3.33066907387547E-16,-8.94346325392487E-17));
#4287=DIRECTION('ref_axis',(0.,-0.707106781186548,-0.707106781186547));
#4288=DIRECTION('',(-8.94346325392487E-17,1.38777878078142E-16,-1.));
#4289=DIRECTION('center_axis',(1.,3.33066907387547E-16,-8.94346325392487E-17));
#4290=DIRECTION('ref_axis',(0.,-0.707106781186548,0.707106781186547));
#4291=DIRECTION('',(6.83057946248047E-16,-1.,-1.98077885663261E-15));
#4292=DIRECTION('center_axis',(-1.,-3.33066907387547E-16,8.94346325392487E-17));
#4293=DIRECTION('ref_axis',(0.,0.707106781186548,-0.707106781186547));
#4294=DIRECTION('',(-2.40390418115569E-16,2.20282346155764E-15,-1.));
#4295=DIRECTION('center_axis',(1.,6.80011602582909E-16,-1.78869265078497E-16));
#4296=DIRECTION('ref_axis',(-3.44548067322272E-16,0.707106781186546,0.707106781186549));
#4297=DIRECTION('',(-6.83057946248047E-16,1.,2.20282346155765E-15));
#4298=DIRECTION('center_axis',(1.,3.33066907387547E-16,-8.94346325392487E-17));
#4299=DIRECTION('ref_axis',(0.,-0.707106781186546,-0.707106781186549));
#4300=DIRECTION('',(-6.83057946248201E-16,1.,-6.39197689486767E-13));
#4301=DIRECTION('',(-2.40390418112969E-16,-3.80530703947856E-12,-1.));
#4302=DIRECTION('center_axis',(1.,3.33066907387547E-16,-8.94346325392487E-17));
#4303=DIRECTION('ref_axis',(0.,-0.707106781185202,0.707106781187893));
#4304=DIRECTION('',(6.83057946248047E-16,-1.,1.92399238655536E-15));
#4305=DIRECTION('center_axis',(1.,3.33066907387547E-16,-8.94346325392487E-17));
#4306=DIRECTION('ref_axis',(0.,0.707106781186321,-0.707106781186774));
#4307=DIRECTION('',(-6.83057946248472E-16,1.,-1.76888045657013E-12));
#4308=DIRECTION('center_axis',(1.,3.33066907387547E-16,-8.94346325392487E-17));
#4309=DIRECTION('ref_axis',(0.,-0.707106781186547,0.707106781186548));
#4310=DIRECTION('',(6.83057946248046E-16,-1.,-3.03549073002275E-15));
#4311=DIRECTION('center_axis',(1.,3.33066907387547E-16,-8.94346325392487E-17));
#4312=DIRECTION('ref_axis',(0.,0.70710678118592,-0.707106781187175));
#4313=DIRECTION('center_axis',(-3.33066907387547E-16,1.,1.38777878078142E-16));
#4314=DIRECTION('ref_axis',(0.707106781186548,4.18691322315673E-16,-0.707106781186547));
#4315=DIRECTION('',(-3.33066907387547E-16,1.,1.38777878078142E-16));
#4316=DIRECTION('center_axis',(0.,1.,-2.23806863694298E-15));
#4317=DIRECTION('ref_axis',(0.,2.24511767201976E-15,1.));
#4318=DIRECTION('center_axis',(1.,0.,0.));
#4319=DIRECTION('ref_axis',(0.,1.,-2.22044604925031E-15));
#4320=DIRECTION('center_axis',(0.,-1.,2.23806863694298E-15));
#4321=DIRECTION('ref_axis',(0.707106781186548,-1.60982338570648E-15,-0.707106781186547));
#4322=DIRECTION('center_axis',(0.,1.,-2.23806863694298E-15));
#4323=DIRECTION('ref_axis',(0.707106781186548,-1.58255350994332E-15,-0.707106781186547));
#4324=DIRECTION('center_axis',(-1.,0.,0.));
#4325=DIRECTION('ref_axis',(0.,0.707106781186549,0.707106781186546));
#4326=DIRECTION('',(1.,0.,0.));
#4327=DIRECTION('',(-1.,0.,0.));
#4328=DIRECTION('center_axis',(-1.69241314729531E-17,-1.,2.23806863694299E-15));
#4329=DIRECTION('ref_axis',(0.707106781186547,-1.88411095042053E-15,-0.707106781186547));
#4330=DIRECTION('',(-1.69241314729531E-17,-1.,2.23806863694299E-15));
#4331=DIRECTION('center_axis',(-0.707106781186547,-0.707106781186548,1.57009245868378E-15));
#4332=DIRECTION('ref_axis',(-0.707106781186548,0.707106781186547,-1.59501456120286E-15));
#4333=DIRECTION('',(1.69241314729531E-17,1.,-2.23806863694299E-15));
#4334=DIRECTION('center_axis',(0.,2.23806863694299E-15,1.));
#4335=DIRECTION('ref_axis',(1.69241314729531E-17,1.,-2.23806863694299E-15));
#4336=DIRECTION('',(-1.,-3.33066907387547E-16,7.45426599427663E-31));
#4337=DIRECTION('center_axis',(1.,-1.38777878078145E-17,0.));
#4338=DIRECTION('ref_axis',(0.,0.707106781186549,-0.707106781186546));
#4339=DIRECTION('',(1.,-1.38777878078145E-17,0.));
#4340=DIRECTION('center_axis',(-1.,0.,0.));
#4341=DIRECTION('ref_axis',(0.,1.,2.22044604925031E-15));
#4342=DIRECTION('',(-1.,1.38777878078145E-17,0.));
#4343=DIRECTION('center_axis',(1.38777878078145E-17,1.,2.20282346155764E-15));
#4344=DIRECTION('ref_axis',(0.,-2.19577442648087E-15,1.));
#4345=DIRECTION('center_axis',(-1.38777878078145E-17,-1.,-2.20282346155764E-15));
#4346=DIRECTION('ref_axis',(0.707106781186548,-1.55431223447522E-15,0.707106781186547));
#4347=DIRECTION('center_axis',(1.38777878078145E-17,1.,2.20282346155764E-15));
#4348=DIRECTION('ref_axis',(0.707106781186548,-1.56744448529101E-15,0.707106781186547));
#4349=DIRECTION('center_axis',(1.38777878078145E-17,1.,2.20282346155764E-15));
#4350=DIRECTION('ref_axis',(6.15211530370705E-17,2.20282346155764E-15,-1.));
#4351=DIRECTION('',(-1.,1.38777878078145E-17,0.));
#4352=DIRECTION('',(-6.15211530370705E-17,-2.20282346155764E-15,1.));
#4353=DIRECTION('',(1.,-1.7268740484837E-17,1.00472671911779E-16));
#4354=DIRECTION('center_axis',(1.38777878078145E-17,1.,2.20282346155764E-15));
#4355=DIRECTION('ref_axis',(-0.978045665407688,0.,0.208390682078715));
#4356=DIRECTION('',(6.1521153037069E-17,2.20282346155764E-15,-1.));
#4357=DIRECTION('',(1.,-1.38777878078146E-17,6.15211530370704E-17));
#4358=DIRECTION('',(-6.15211530370705E-17,-2.20282346155764E-15,1.));
#4359=DIRECTION('center_axis',(2.74888286665527E-32,1.98077885663261E-15,
-1.));
#4360=DIRECTION('ref_axis',(-1.69241314729528E-17,-1.,-1.98077885663261E-15));
#4361=DIRECTION('',(1.69241314729528E-17,1.,1.98077885663261E-15));
#4362=DIRECTION('',(1.,3.33066907387547E-16,6.87220716663817E-31));
#4363=DIRECTION('center_axis',(-6.80011602582908E-16,1.,2.20282346155764E-15));
#4364=DIRECTION('ref_axis',(0.,-2.19577442648087E-15,1.));
#4365=DIRECTION('center_axis',(-1.,0.,0.));
#4366=DIRECTION('ref_axis',(0.,1.,2.2204460492503E-15));
#4367=DIRECTION('center_axis',(6.80011602582908E-16,-1.,-2.20282346155764E-15));
#4368=DIRECTION('ref_axis',(-0.707106781186547,-2.05391259555654E-15,0.707106781186549));
#4369=DIRECTION('center_axis',(-6.80011602582908E-16,1.,2.20282346155764E-15));
#4370=DIRECTION('ref_axis',(-0.707106781186547,-2.03847222289614E-15,0.707106781186549));
#4371=DIRECTION('center_axis',(-1.,-6.80011602582909E-16,1.78869265078497E-16));
#4372=DIRECTION('ref_axis',(0.,0.707106781186548,-0.707106781186547));
#4373=DIRECTION('',(-1.,-6.80011602582909E-16,1.78869265078497E-16));
#4374=DIRECTION('',(1.,6.80011602582909E-16,-1.78869265078497E-16));
#4375=DIRECTION('center_axis',(6.80011602582908E-16,-1.,-2.20282346155764E-15));
#4376=DIRECTION('ref_axis',(-2.40390418115569E-16,2.20282346155764E-15,
-1.));
#4377=DIRECTION('',(-5.8019506138682E-17,2.20282346155764E-15,-1.));
#4378=DIRECTION('',(1.,6.80011602582908E-16,-5.80195061386815E-17));
#4379=DIRECTION('',(5.80195061386821E-17,-2.20282346155764E-15,1.));
#4380=DIRECTION('',(-1.,-6.83402555259931E-16,2.79341936990276E-16));
#4381=DIRECTION('',(2.40390418115569E-16,-2.20282346155764E-15,1.));
#4382=DIRECTION('',(1.,6.80011602582909E-16,-1.78869265078497E-16));
#4383=DIRECTION('center_axis',(-6.66133814775095E-16,1.,-2.23806863694298E-15));
#4384=DIRECTION('ref_axis',(0.,2.24511767201976E-15,1.));
#4385=DIRECTION('center_axis',(-1.,0.,0.));
#4386=DIRECTION('ref_axis',(0.,2.35922392732846E-15,1.));
#4387=DIRECTION('center_axis',(-6.66133814775095E-16,1.,-2.23806863694298E-15));
#4388=DIRECTION('ref_axis',(-0.707106781186547,-2.05358124754845E-15,-0.707106781186548));
#4389=DIRECTION('center_axis',(6.66133814775095E-16,-1.,2.23806863694298E-15));
#4390=DIRECTION('ref_axis',(-0.707106781186547,-2.05391259555654E-15,-0.707106781186548));
#4391=DIRECTION('center_axis',(1.,6.66133814775094E-16,-1.78869265078497E-16));
#4392=DIRECTION('ref_axis',(0.,0.707106781186549,0.707106781186546));
#4393=DIRECTION('',(-1.,-6.66133814775094E-16,1.78869265078497E-16));
#4394=DIRECTION('',(1.,6.66133814775094E-16,-1.78869265078497E-16));
#4395=DIRECTION('center_axis',(-1.78869265078496E-16,-2.23806863694299E-15,
-1.));
#4396=DIRECTION('ref_axis',(-6.83057946248048E-16,1.,-2.23806863694299E-15));
#4397=DIRECTION('',(1.03778774192095E-15,1.,-2.23806863694299E-15));
#4398=DIRECTION('',(-1.,-3.33066907387547E-16,1.78869265078497E-16));
#4399=DIRECTION('center_axis',(1.03778774192095E-15,1.,-2.23806863694299E-15));
#4400=DIRECTION('ref_axis',(-0.707106781186548,-1.25607396694702E-15,-0.707106781186547));
#4401=DIRECTION('',(-1.03778774192095E-15,-1.,2.23806863694299E-15));
#4402=DIRECTION('center_axis',(-0.707106781186548,0.707106781186548,-1.57009245868378E-15));
#4403=DIRECTION('ref_axis',(0.707106781186547,0.707106781186547,-1.82305179924949E-15));
#4404=DIRECTION('center_axis',(9.42324051632869E-18,0.071247049987908,0.997458699830735));
#4405=DIRECTION('ref_axis',(1.,0.,-9.44724881133201E-18));
#4406=DIRECTION('',(-8.9977153726252E-16,-0.997458699830735,0.071247049987908));
#4407=DIRECTION('',(1.03101669310261E-15,0.997458699830735,-0.071247049987908));
#4408=DIRECTION('',(-1.,-6.80011602582908E-16,5.80195061386815E-17));
#4409=DIRECTION('center_axis',(-1.0533213035783E-16,0.0712470499879113,
-0.997458699830735));
#4410=DIRECTION('ref_axis',(-1.,0.,1.05600492908332E-16));
#4411=DIRECTION('',(-1.03928413041088E-15,-0.997458699830735,-0.0712470499879113));
#4412=DIRECTION('',(-1.,-6.66133814775094E-16,5.80195061386815E-17));
#4413=DIRECTION('',(1.47144085808493E-15,0.997458699830735,0.0712470499879113));
#4414=DIRECTION('',(1.,6.66133814775094E-16,-5.80195061386815E-17));
#4415=DIRECTION('center_axis',(6.66133814775095E-16,-1.,2.23806863694298E-15));
#4416=DIRECTION('ref_axis',(-2.40390418115566E-16,-2.23806863694298E-15,
-1.));
#4417=DIRECTION('',(-1.,-6.66133814775094E-16,1.78869265078497E-16));
#4418=DIRECTION('',(2.40390418115566E-16,2.23806863694298E-15,1.));
#4419=DIRECTION('',(1.,6.66133814775094E-16,-1.78869265078497E-16));
#4420=DIRECTION('',(5.80195061386883E-17,2.23806863694298E-15,1.));
#4421=DIRECTION('',(-5.80195061386866E-17,-2.23806863694298E-15,-1.));
#4422=DIRECTION('center_axis',(6.13648093204439E-17,0.0712470499879084,
-0.997458699830735));
#4423=DIRECTION('ref_axis',(-1.,0.,-6.15211530370704E-17));
#4424=DIRECTION('',(-1.43743077349116E-16,-0.997458699830735,-0.0712470499879084));
#4425=DIRECTION('',(-1.,-1.37688563120837E-31,-6.15211530370704E-17));
#4426=DIRECTION('',(1.24979215090301E-17,0.997458699830735,0.0712470499879084));
#4427=DIRECTION('',(1.,1.37688563120837E-31,6.15211530370704E-17));
#4428=DIRECTION('center_axis',(0.,1.,-2.23806863694298E-15));
#4429=DIRECTION('ref_axis',(6.15211530370704E-17,-2.23806863694298E-15,
-1.));
#4430=DIRECTION('',(-6.15211530370704E-17,2.23806863694298E-15,1.));
#4431=DIRECTION('',(6.15211530370703E-17,-2.23806863694298E-15,-1.));
#4432=DIRECTION('',(-1.,0.,0.));
#4433=DIRECTION('',(-6.15211530370704E-17,2.23806863694298E-15,1.));
#4434=DIRECTION('',(1.,0.,0.));
#4435=DIRECTION('center_axis',(-6.0376057878779E-17,0.0712470499879108,
0.997458699830735));
#4436=DIRECTION('ref_axis',(1.,0.,6.05298824793694E-17));
#4437=DIRECTION('',(-2.12643228405221E-17,-0.997458699830735,0.0712470499879108));
#4438=DIRECTION('',(-4.10892404833529E-16,0.997458699830735,-0.0712470499879108));
#4439=DIRECTION('',(-1.,1.38777878078146E-17,-6.15211530370704E-17));
#4440=DIRECTION('center_axis',(-1.,-3.33066907387547E-16,-7.64257914439308E-31));
#4441=DIRECTION('ref_axis',(0.,-0.707106781186546,-0.707106781186549));
#4442=DIRECTION('center_axis',(1.,-1.7268740484837E-17,1.00472671911779E-16));
#4443=DIRECTION('ref_axis',(0.,-0.707106781186546,-0.707106781186549));
#4444=DIRECTION('',(-1.,-3.33066907387547E-16,-7.64257914439308E-31));
#4445=DIRECTION('center_axis',(-3.05703165775723E-32,-2.20282346155765E-15,
1.));
#4446=DIRECTION('ref_axis',(1.69241314729528E-17,1.,2.20282346155765E-15));
#4447=DIRECTION('',(-1.69241314729528E-17,-1.,-2.20282346155765E-15));
#4448=DIRECTION('',(1.,-1.38777878078145E-17,0.));
#4449=DIRECTION('center_axis',(-1.,-3.33066907387547E-16,1.78869265078498E-16));
#4450=DIRECTION('ref_axis',(0.,-0.707106781186546,-0.707106781186549));
#4451=DIRECTION('center_axis',(-1.,-6.83402555259931E-16,2.79341936990276E-16));
#4452=DIRECTION('ref_axis',(0.,-0.707106781186546,-0.707106781186549));
#4453=DIRECTION('',(-1.,-3.33066907387547E-16,1.78869265078498E-16));
#4454=DIRECTION('center_axis',(1.,3.33066907387547E-16,-1.78869265078498E-16));
#4455=DIRECTION('ref_axis',(0.,-0.707106781186548,0.707106781186547));
#4456=DIRECTION('',(1.,3.33066907387547E-16,-1.78869265078498E-16));
#4457=DIRECTION('',(-1.,-3.33066907387547E-16,1.78869265078498E-16));
#4458=DIRECTION('center_axis',(-0.707106781186546,0.707106781186549,-1.25607396694701E-15));
#4459=DIRECTION('ref_axis',(-0.707106781186549,-0.707106781186546,1.50903330751273E-15));
#4460=DIRECTION('center_axis',(-1.03778774192095E-15,-1.,-1.98077885663261E-15));
#4461=DIRECTION('ref_axis',(-0.707106781186547,-6.2803698347351E-16,0.707106781186547));
#4462=DIRECTION('',(-1.03778774192095E-15,-1.,-1.98077885663261E-15));
#4463=DIRECTION('',(1.03778774192095E-15,1.,1.98077885663261E-15));
#4464=DIRECTION('center_axis',(1.78869265078499E-16,-1.98077885663261E-15,
1.));
#4465=DIRECTION('ref_axis',(6.83057946248047E-16,-1.,-1.98077885663261E-15));
#4466=DIRECTION('center_axis',(-1.,-3.33066907387547E-16,1.78869265078497E-16));
#4467=DIRECTION('ref_axis',(0.,-0.707106781186548,-0.707106781186547));
#4468=DIRECTION('',(1.,3.33066907387547E-16,-1.78869265078497E-16));
#4469=DIRECTION('center_axis',(-3.33066907387547E-16,1.,1.38777878078142E-16));
#4470=DIRECTION('ref_axis',(-3.05311331771918E-16,-1.38777878078142E-16,
1.));
#4471=DIRECTION('',(5.80195061386841E-17,-1.38777878078142E-16,1.));
#4472=DIRECTION('center_axis',(1.,-1.03778774192095E-15,-5.80195061386843E-17));
#4473=DIRECTION('ref_axis',(1.03778774192095E-15,1.,1.6408987478243E-15));
#4474=DIRECTION('',(1.03778774192095E-15,1.,1.76336342773903E-15));
#4475=DIRECTION('center_axis',(-1.,1.03778774192095E-15,5.80195061386843E-17));
#4476=DIRECTION('ref_axis',(2.51214793389404E-15,0.707106781186549,-0.707106781186546));
#4477=DIRECTION('',(5.80195061386826E-17,-1.6408987478243E-15,1.));
#4478=DIRECTION('center_axis',(-1.,1.03778774192095E-15,5.80195061386843E-17));
#4479=DIRECTION('ref_axis',(0.,0.707106781186546,0.707106781186549));
#4480=DIRECTION('',(-1.03778774192095E-15,-1.,-1.6408987478243E-15));
#4481=DIRECTION('center_axis',(-1.,1.03778774192095E-15,5.80195061386843E-17));
#4482=DIRECTION('ref_axis',(1.03778774192095E-15,1.,1.6408987478243E-15));
#4483=DIRECTION('center_axis',(-1.,1.03778774192095E-15,5.80195061386843E-17));
#4484=DIRECTION('ref_axis',(1.03778774192095E-15,1.,1.6408987478243E-15));
#4485=DIRECTION('center_axis',(-1.,1.03778774192095E-15,5.80195061386843E-17));
#4486=DIRECTION('ref_axis',(1.03778774192095E-15,1.,1.6408987478243E-15));
#4487=DIRECTION('center_axis',(-1.,1.03778774192095E-15,5.80195061386843E-17));
#4488=DIRECTION('ref_axis',(1.03778774192095E-15,1.,1.6408987478243E-15));
#4489=DIRECTION('center_axis',(-1.,1.03778774192095E-15,5.80195061386843E-17));
#4490=DIRECTION('ref_axis',(-4.10994512724558E-16,-0.446066138593823,0.894999999999998));
#4491=DIRECTION('center_axis',(-1.,1.03778774192095E-15,5.80195061386843E-17));
#4492=DIRECTION('ref_axis',(-1.83783661639649E-16,-0.121599726453215,-0.99257921926993));
#4493=DIRECTION('center_axis',(-1.,1.03778774192095E-15,5.80195061386843E-17));
#4494=DIRECTION('ref_axis',(-4.10994512724558E-16,-0.446066138593823,0.894999999999998));
#4495=DIRECTION('',(1.03778774192095E-15,1.,2.13012079212042E-15));
#4496=DIRECTION('',(-5.80195061386821E-17,2.13708780910928E-15,-1.));
#4497=DIRECTION('',(-1.03778774192095E-15,-1.,-1.15167670352818E-15));
#4498=DIRECTION('center_axis',(1.,3.33066907387547E-16,6.87220716663817E-31));
#4499=DIRECTION('ref_axis',(0.,-0.707106781186548,0.707106781186547));
#4500=DIRECTION('',(-1.,-3.33066907387547E-16,-6.87220716663817E-31));
#4501=DIRECTION('center_axis',(0.707106781186547,0.707106781186548,1.25607396694702E-15));
#4502=DIRECTION('ref_axis',(-0.707106781186548,0.707106781186547,1.25607396694702E-15));
#4503=DIRECTION('center_axis',(1.69241314729528E-17,1.,1.98077885663261E-15));
#4504=DIRECTION('ref_axis',(0.707106781186547,-1.25607396694702E-15,0.707106781186547));
#4505=DIRECTION('',(-1.69241314729528E-17,-1.,-1.98077885663261E-15));
#4506=DIRECTION('center_axis',(-3.33066907387547E-16,1.,1.38777878078142E-16));
#4507=DIRECTION('ref_axis',(-3.05311331771918E-16,-1.38777878078142E-16,
1.));
#4508=DIRECTION('',(6.15211530370704E-17,1.38777878078142E-16,-1.));
#4509=DIRECTION('',(1.,3.33066907387547E-16,-7.45426599427663E-31));
#4510=DIRECTION('center_axis',(-1.,1.69241314729529E-17,-6.15211530370704E-17));
#4511=DIRECTION('ref_axis',(1.6924131472953E-17,1.,-1.31071386051669E-15));
#4512=DIRECTION('',(1.6924131472953E-17,1.,-1.43317854043143E-15));
#4513=DIRECTION('center_axis',(1.,-1.69241314729529E-17,6.15211530370704E-17));
#4514=DIRECTION('ref_axis',(0.,0.707106781186548,0.707106781186547));
#4515=DIRECTION('',(6.15211530370704E-17,-1.31071386051669E-15,-1.));
#4516=DIRECTION('center_axis',(1.,-1.69241314729529E-17,6.15211530370704E-17));
#4517=DIRECTION('ref_axis',(0.,0.707106781186547,-0.707106781186548));
#4518=DIRECTION('',(-1.6924131472953E-17,-1.,1.31071386051669E-15));
#4519=DIRECTION('center_axis',(1.,-1.6924131472953E-17,6.15211530370704E-17));
#4520=DIRECTION('ref_axis',(4.75121499929836E-17,-0.446066138593823,-0.894999999999998));
#4521=DIRECTION('center_axis',(1.,-1.69241314729529E-17,6.15211530370704E-17));
#4522=DIRECTION('ref_axis',(-6.31225878076906E-17,-0.121599726453215,0.99257921926993));
#4523=DIRECTION('center_axis',(1.,-1.6924131472953E-17,6.15211530370704E-17));
#4524=DIRECTION('ref_axis',(4.75121499929836E-17,-0.446066138593823,-0.894999999999998));
#4525=DIRECTION('',(1.69241314729531E-17,1.,-1.79993590481281E-15));
#4526=DIRECTION('',(-6.15211530370704E-17,1.80690292180168E-15,1.));
#4527=DIRECTION('',(-1.6924131472953E-17,-1.,8.21491816220575E-16));
#4528=DIRECTION('center_axis',(1.,-1.69241314729529E-17,6.15211530370704E-17));
#4529=DIRECTION('ref_axis',(1.6924131472953E-17,1.,-1.31071386051669E-15));
#4530=DIRECTION('center_axis',(1.,-1.69241314729529E-17,6.15211530370704E-17));
#4531=DIRECTION('ref_axis',(1.6924131472953E-17,1.,-1.31071386051669E-15));
#4532=DIRECTION('center_axis',(1.,-1.69241314729529E-17,6.15211530370704E-17));
#4533=DIRECTION('ref_axis',(1.6924131472953E-17,1.,-1.31071386051669E-15));
#4534=DIRECTION('center_axis',(1.,-1.69241314729529E-17,6.15211530370704E-17));
#4535=DIRECTION('ref_axis',(1.6924131472953E-17,1.,-1.31071386051669E-15));
#4536=DIRECTION('center_axis',(-1.,-3.33066907387547E-16,7.45426599427663E-31));
#4537=DIRECTION('ref_axis',(0.,-0.707106781186548,-0.707106781186547));
#4538=DIRECTION('center_axis',(-4.16333634234425E-16,1.,1.98077885663261E-15));
#4539=DIRECTION('ref_axis',(-0.978045665407688,0.,0.208390682078715));
#4540=DIRECTION('',(4.16333634234425E-16,-1.,-1.98077885663261E-15));
#4541=DIRECTION('',(4.16333634234425E-16,-1.,-1.98077885663261E-15));
#4542=DIRECTION('center_axis',(1.48503670417631E-16,1.,-1.01924980575179E-14));
#4543=DIRECTION('ref_axis',(-0.978045665407688,0.,0.208390682078715));
#4544=DIRECTION('',(4.16333634234425E-16,-1.,1.31071386051669E-15));
#4545=DIRECTION('center_axis',(1.48503670417631E-16,1.,-1.01924980575179E-14));
#4546=DIRECTION('ref_axis',(-6.15211530370703E-17,1.01924980575179E-14,
1.));
#4547=DIRECTION('',(-6.15211530370703E-17,1.01924980575179E-14,1.));
#4548=DIRECTION('',(1.,-1.48503670417631E-16,6.15211530370706E-17));
#4549=DIRECTION('center_axis',(1.,-1.48503670417631E-16,6.15211530370706E-17));
#4550=DIRECTION('ref_axis',(-1.48503670417631E-16,-1.,1.31071386051669E-15));
#4551=DIRECTION('',(-6.15211530370706E-17,-1.38777878078142E-16,1.));
#4552=DIRECTION('',(1.6924131472953E-17,1.,-1.31071386051669E-15));
#4553=DIRECTION('center_axis',(-6.15211530370706E-17,-1.38777878078142E-16,
1.));
#4554=DIRECTION('ref_axis',(-0.707106781186547,-0.707106781186547,0.));
#4555=DIRECTION('center_axis',(2.74888286665527E-32,1.98077885663261E-15,
-1.));
#4556=DIRECTION('ref_axis',(-0.707106781186547,-0.707106781186547,0.));
#4557=DIRECTION('center_axis',(-1.57009245868378E-16,-0.707106781186547,
0.707106781186548));
#4558=DIRECTION('ref_axis',(-1.96261557335472E-16,-0.707106781186548,-0.707106781186547));
#4559=DIRECTION('',(-6.15211530370706E-17,-1.38777878078142E-16,1.));
#4560=DIRECTION('center_axis',(6.15211530370704E-17,-1.31071386051669E-15,
-1.));
#4561=DIRECTION('ref_axis',(-0.707106781186547,-0.707106781186547,0.));
#4562=DIRECTION('center_axis',(1.48503670417631E-16,1.,-2.23806863694299E-15));
#4563=DIRECTION('ref_axis',(-0.707106781186547,-1.57009245868377E-15,-0.707106781186547));
#4564=DIRECTION('',(1.48503670417631E-16,1.,-2.23806863694299E-15));
#4565=DIRECTION('center_axis',(1.48503670417631E-16,1.,-1.17775572754147E-15));
#4566=DIRECTION('ref_axis',(-0.707106781186547,-1.57009245868377E-15,-0.707106781186547));
#4567=DIRECTION('center_axis',(0.,2.23806863694299E-15,1.));
#4568=DIRECTION('ref_axis',(1.69241314729531E-17,1.,-2.23806863694299E-15));
#4569=DIRECTION('',(1.,-1.48503670417631E-16,3.32361407232617E-31));
#4570=DIRECTION('',(-1.69241314729531E-17,-1.,2.23806863694299E-15));
#4571=DIRECTION('',(1.48503670417631E-16,1.,-2.23806863694299E-15));
#4572=DIRECTION('center_axis',(1.,-1.48503670417631E-16,6.15211530370706E-17));
#4573=DIRECTION('ref_axis',(-1.48503670417631E-16,-1.,1.31071386051669E-15));
#4574=DIRECTION('',(6.15211530370704E-17,-1.17775572754147E-15,-1.));
#4575=DIRECTION('',(1.6924131472953E-17,1.,-1.31071386051669E-15));
#4576=DIRECTION('',(-6.15211530370704E-17,1.31071386051669E-15,1.));
#4577=DIRECTION('',(-1.6924131472953E-17,-1.,1.31071386051669E-15));
#4578=DIRECTION('center_axis',(1.,3.33066907387547E-16,-1.78869265078497E-16));
#4579=DIRECTION('ref_axis',(0.,-0.707106781186546,0.707106781186549));
#4580=DIRECTION('center_axis',(-1.,-6.66133814775094E-16,2.29105601034387E-16));
#4581=DIRECTION('ref_axis',(0.,-0.707106781186546,0.707106781186549));
#4582=DIRECTION('',(1.,3.33066907387547E-16,-1.78869265078497E-16));
#4583=DIRECTION('center_axis',(1.78869265078496E-16,2.23806863694299E-15,
1.));
#4584=DIRECTION('ref_axis',(6.83057946248048E-16,-1.,2.23806863694299E-15));
#4585=DIRECTION('',(-6.83057946248048E-16,1.,-2.23806863694299E-15));
#4586=DIRECTION('',(1.,6.66133814775094E-16,-1.78869265078497E-16));
#4587=DIRECTION('center_axis',(1.,6.66133814775094E-16,-1.78869265078497E-16));
#4588=DIRECTION('ref_axis',(0.,-0.707106781185202,0.707106781187893));
#4589=DIRECTION('center_axis',(-1.,-6.66133814775094E-16,2.29105601034387E-16));
#4590=DIRECTION('ref_axis',(0.,-0.707106781185202,0.707106781187893));
#4591=DIRECTION('',(1.,6.66133814775094E-16,-1.78869265078497E-16));
#4592=DIRECTION('',(-1.,-6.66133814775094E-16,1.78869265078497E-16));
#4593=DIRECTION('center_axis',(1.78869265078496E-16,1.92399238655536E-15,
1.));
#4594=DIRECTION('ref_axis',(6.83057946248047E-16,-1.,1.92399238655536E-15));
#4595=DIRECTION('',(-6.83057946248047E-16,1.,-1.92399238655536E-15));
#4596=DIRECTION('',(-1.,-6.66133814775094E-16,1.78869265078497E-16));
#4597=DIRECTION('center_axis',(1.,6.66133814775094E-16,-1.78869265078497E-16));
#4598=DIRECTION('ref_axis',(0.,0.707106781186321,-0.707106781186774));
#4599=DIRECTION('center_axis',(-1.,-6.66133814775094E-16,2.29105601034387E-16));
#4600=DIRECTION('ref_axis',(0.,0.707106781186549,0.707106781186546));
#4601=DIRECTION('',(1.,6.66133814775094E-16,-1.78869265078497E-16));
#4602=DIRECTION('center_axis',(-1.78869265078072E-16,-6.39197689486767E-13,
-1.));
#4603=DIRECTION('ref_axis',(-6.83057946248201E-16,1.,-6.39197689486767E-13));
#4604=DIRECTION('',(6.83057946248201E-16,-1.,6.39197689486767E-13));
#4605=DIRECTION('',(-1.,-6.66133814775094E-16,2.29105601034387E-16));
#4606=DIRECTION('center_axis',(-1.78869265077294E-16,-1.76888045657013E-12,
-1.));
#4607=DIRECTION('ref_axis',(-6.83057946248472E-16,1.,-1.76888045657013E-12));
#4608=DIRECTION('',(1.,6.80011602582909E-16,-1.78869265078497E-16));
#4609=DIRECTION('',(6.83057946248472E-16,-1.,1.76888045657013E-12));
#4610=DIRECTION('',(-1.,-6.80011602582909E-16,1.78869265078497E-16));
#4611=DIRECTION('center_axis',(-1.,-6.80011602582909E-16,1.78869265078497E-16));
#4612=DIRECTION('ref_axis',(0.,0.707106781186546,0.707106781186549));
#4613=DIRECTION('',(-1.,-6.80011602582909E-16,1.78869265078497E-16));
#4614=DIRECTION('center_axis',(-1.,-6.83402555259931E-16,2.79341936990276E-16));
#4615=DIRECTION('ref_axis',(0.,0.707106781186546,0.707106781186549));
#4616=DIRECTION('center_axis',(1.78869265078499E-16,-3.03549073002275E-15,
1.));
#4617=DIRECTION('ref_axis',(6.83057946248046E-16,-1.,-3.03549073002275E-15));
#4618=DIRECTION('',(1.,6.80011602582909E-16,-1.78869265078497E-16));
#4619=DIRECTION('',(-6.83057946248046E-16,1.,3.03549073002275E-15));
#4620=DIRECTION('center_axis',(1.,6.80011602582909E-16,-1.78869265078497E-16));
#4621=DIRECTION('ref_axis',(0.,-0.707106781186547,0.707106781186548));
#4622=DIRECTION('center_axis',(-1.,-6.83402555259931E-16,2.79341936990276E-16));
#4623=DIRECTION('ref_axis',(0.,-0.707106781187173,-0.707106781185923));
#4624=DIRECTION('center_axis',(1.78869265078499E-16,-1.98077885663261E-15,
1.));
#4625=DIRECTION('ref_axis',(6.83057946248047E-16,-1.,-1.98077885663261E-15));
#4626=DIRECTION('',(9.0620820297627E-16,1.,1.98077885663261E-15));
#4627=DIRECTION('',(-6.83057946248047E-16,1.,1.98077885663261E-15));
#4628=DIRECTION('center_axis',(-1.,-6.80011602582909E-16,1.78869265078497E-16));
#4629=DIRECTION('ref_axis',(-3.44548067322272E-16,0.707106781186546,0.707106781186549));
#4630=DIRECTION('center_axis',(-1.,-6.83402555259931E-16,2.79341936990276E-16));
#4631=DIRECTION('ref_axis',(-3.44548067322272E-16,0.707106781186546,0.707106781186549));
#4632=DIRECTION('',(-1.,-6.80011602582909E-16,1.78869265078497E-16));
#4633=DIRECTION('center_axis',(1.,6.83402555259931E-16,-2.79341936990276E-16));
#4634=DIRECTION('ref_axis',(-2.79341936990276E-16,-1.26503677167618E-31,
-1.));
#4635=DIRECTION('',(6.83057946248047E-16,-1.,-2.20282346155765E-15));
#4636=DIRECTION('center_axis',(-1.78869265078499E-16,2.20282346155765E-15,
-1.));
#4637=DIRECTION('ref_axis',(-6.83057946248047E-16,1.,2.20282346155765E-15));
#4638=DIRECTION('center_axis',(-1.78869265078496E-16,-2.23806863694299E-15,
-1.));
#4639=DIRECTION('ref_axis',(-6.83057946248048E-16,1.,-2.23806863694299E-15));
#4640=DIRECTION('',(-9.06208202976269E-16,-1.,2.23806863694299E-15));
#4641=DIRECTION('',(-1.,9.06208202976268E-16,1.78869265078494E-16));
#4642=DIRECTION('',(-1.47104550762832E-15,-1.,2.23806863694299E-15));
#4643=DIRECTION('',(6.83057946248048E-16,-1.,2.23806863694299E-15));
#4644=DIRECTION('center_axis',(-1.,-6.66133814775094E-16,1.78869265078497E-16));
#4645=DIRECTION('ref_axis',(-5.97507407887991E-16,0.707106781186546,-0.707106781186549));
#4646=DIRECTION('center_axis',(-1.,-6.66133814775094E-16,2.29105601034387E-16));
#4647=DIRECTION('ref_axis',(-5.97507407887991E-16,0.707106781186546,-0.707106781186549));
#4648=DIRECTION('center_axis',(1.,6.66133814775094E-16,-2.29105601034387E-16));
#4649=DIRECTION('ref_axis',(-2.29105601034387E-16,-9.30395550569983E-32,
-1.));
#4650=DIRECTION('',(2.40390418112969E-16,3.80530703947856E-12,1.));
#4651=DIRECTION('center_axis',(6.66133814775775E-16,-1.,3.80530703947856E-12));
#4652=DIRECTION('ref_axis',(-2.40390418112969E-16,-3.80530703947856E-12,
-1.));
#4653=DIRECTION('center_axis',(5.80195061386826E-17,-1.6408987478243E-15,
1.));
#4654=DIRECTION('ref_axis',(1.03778774192095E-15,1.,1.6408987478243E-15));
#4655=DIRECTION('',(1.,-1.47104550762833E-15,-5.8019506138685E-17));
#4656=DIRECTION('',(1.03778774192095E-15,1.,1.59823193989122E-15));
#4657=DIRECTION('',(-1.,9.86864910777917E-16,7.04903507698512E-17));
#4658=DIRECTION('',(1.03778774192095E-15,1.,1.6408987478243E-15));
#4659=DIRECTION('center_axis',(5.80195061386826E-17,-1.6408987478243E-15,
1.));
#4660=DIRECTION('ref_axis',(-1.,1.47104550762833E-15,5.8019506138685E-17));
#4661=DIRECTION('',(-1.47104550762833E-15,-1.,-1.6408987478243E-15));
#4662=DIRECTION('',(-1.,9.86864910777917E-16,7.04903507698512E-17));
#4663=DIRECTION('',(-1.03778774192095E-15,-1.,-2.48641035959134E-15));
#4664=DIRECTION('',(-1.,1.47104550762833E-15,5.8019506138685E-17));
#4665=DIRECTION('center_axis',(-1.,1.47104550762833E-15,5.8019506138685E-17));
#4666=DIRECTION('ref_axis',(-1.47104550762833E-15,-1.,-1.6408987478243E-15));
#4667=DIRECTION('',(5.80195061386826E-17,-1.6408987478243E-15,1.));
#4668=DIRECTION('',(-1.47104550762833E-15,-1.,-1.6408987478243E-15));
#4669=DIRECTION('',(5.80195061386826E-17,-1.6408987478243E-15,1.));
#4670=DIRECTION('center_axis',(1.,3.33066907387547E-16,-7.45426599427664E-31));
#4671=DIRECTION('ref_axis',(0.,-0.707106781186547,0.707106781186548));
#4672=DIRECTION('center_axis',(1.,0.,5.02363359558894E-17));
#4673=DIRECTION('ref_axis',(0.,-0.707106781186547,0.707106781186548));
#4674=DIRECTION('',(1.,3.33066907387547E-16,-7.45426599427664E-31));
#4675=DIRECTION('center_axis',(-1.,0.,0.));
#4676=DIRECTION('ref_axis',(0.,-0.707106781185202,0.707106781187893));
#4677=DIRECTION('center_axis',(1.,0.,5.02363359558894E-17));
#4678=DIRECTION('ref_axis',(0.,-0.707106781185202,0.707106781187893));
#4679=DIRECTION('',(-1.,0.,0.));
#4680=DIRECTION('',(1.,0.,0.));
#4681=DIRECTION('center_axis',(0.,1.,-3.80530703947856E-12));
#4682=DIRECTION('ref_axis',(6.1521153037006E-17,-3.80530703947856E-12,-1.));
#4683=DIRECTION('',(-6.1521153037006E-17,3.80530703947856E-12,1.));
#4684=DIRECTION('',(1.,0.,5.02363359558894E-17));
#4685=DIRECTION('center_axis',(0.,-1.92399238655536E-15,-1.));
#4686=DIRECTION('ref_axis',(-1.69241314729531E-17,-1.,1.92399238655536E-15));
#4687=DIRECTION('',(-1.,0.,0.));
#4688=DIRECTION('',(1.69241314729531E-17,1.,-1.92399238655536E-15));
#4689=DIRECTION('center_axis',(-1.,0.,0.));
#4690=DIRECTION('ref_axis',(0.,0.707106781186321,-0.707106781186774));
#4691=DIRECTION('center_axis',(1.,0.,5.02363359558894E-17));
#4692=DIRECTION('ref_axis',(0.,0.707106781186321,-0.707106781186774));
#4693=DIRECTION('',(1.,0.,0.));
#4694=DIRECTION('center_axis',(1.,-1.38777878078145E-17,0.));
#4695=DIRECTION('ref_axis',(0.,0.707106781186546,0.707106781186549));
#4696=DIRECTION('',(1.,-1.38777878078145E-17,0.));
#4697=DIRECTION('center_axis',(1.,-1.7268740484837E-17,1.00472671911779E-16));
#4698=DIRECTION('ref_axis',(0.,0.707106781185922,-0.707106781187173));
#4699=DIRECTION('',(-1.,1.38777878078145E-17,0.));
#4700=DIRECTION('center_axis',(2.45481476336702E-29,1.76888045657013E-12,
1.));
#4701=DIRECTION('ref_axis',(1.69241314730618E-17,1.,-1.76888045657013E-12));
#4702=DIRECTION('',(-1.,1.38777878078145E-17,0.));
#4703=DIRECTION('',(-1.69241314730618E-17,-1.,1.76888045657013E-12));
#4704=DIRECTION('center_axis',(-1.,1.38777878078145E-17,0.));
#4705=DIRECTION('ref_axis',(0.,-0.707106781186548,0.707106781186547));
#4706=DIRECTION('center_axis',(1.,-1.7268740484837E-17,1.00472671911779E-16));
#4707=DIRECTION('ref_axis',(0.,-0.707106781186548,0.707106781186547));
#4708=DIRECTION('',(1.,-1.38777878078145E-17,0.));
#4709=DIRECTION('center_axis',(-1.,1.38777878078145E-17,0.));
#4710=DIRECTION('ref_axis',(0.,0.707106781186546,0.707106781186549));
#4711=DIRECTION('center_axis',(-1.,1.7268740484837E-17,-1.00472671911779E-16));
#4712=DIRECTION('ref_axis',(0.,0.707106781186546,0.707106781186549));
#4713=DIRECTION('center_axis',(1.,-1.7268740484837E-17,1.00472671911779E-16));
#4714=DIRECTION('ref_axis',(1.00472671911779E-16,0.,-1.));
#4715=DIRECTION('',(1.69241314729528E-17,1.,1.98077885663261E-15));
#4716=DIRECTION('',(1.69241314729527E-17,1.,3.03549073002275E-15));
#4717=DIRECTION('center_axis',(-1.,0.,0.));
#4718=DIRECTION('ref_axis',(0.,0.707106781186546,-0.707106781186549));
#4719=DIRECTION('center_axis',(-1.,0.,-5.02363359558894E-17));
#4720=DIRECTION('ref_axis',(0.,0.707106781186546,-0.707106781186549));
#4721=DIRECTION('',(-1.,0.,0.));
#4722=DIRECTION('center_axis',(0.,-2.23806863694299E-15,-1.));
#4723=DIRECTION('ref_axis',(-1.69241314729531E-17,-1.,2.23806863694299E-15));
#4724=DIRECTION('',(1.69241314729531E-17,1.,-2.23806863694299E-15));
#4725=DIRECTION('center_axis',(1.,0.,5.02363359558894E-17));
#4726=DIRECTION('ref_axis',(5.02363359558894E-17,0.,-1.));
#4727=DIRECTION('',(-1.69241314729923E-17,-1.,6.39197689486767E-13));
#4728=DIRECTION('center_axis',(2.74888286665527E-32,1.98077885663261E-15,
-1.));
#4729=DIRECTION('ref_axis',(-1.69241314729528E-17,-1.,-1.98077885663261E-15));
#4730=DIRECTION('center_axis',(4.21258962438435E-32,3.03549073002275E-15,
-1.));
#4731=DIRECTION('ref_axis',(-1.69241314729527E-17,-1.,-3.03549073002275E-15));
#4732=DIRECTION('center_axis',(0.,6.39197689486767E-13,1.));
#4733=DIRECTION('ref_axis',(1.69241314729923E-17,1.,-6.39197689486767E-13));
#4734=DIRECTION('center_axis',(6.15211530370704E-17,-1.31071386051669E-15,
-1.));
#4735=DIRECTION('ref_axis',(1.,4.16333634234425E-16,6.15211530370699E-17));
#4736=DIRECTION('',(4.16333634234425E-16,-1.,1.31071386051669E-15));
#4737=DIRECTION('',(1.,0.,7.04903507698512E-17));
#4738=DIRECTION('',(-1.6924131472953E-17,-1.,1.3816359201024E-15));
#4739=DIRECTION('',(1.,4.16333634234425E-16,6.15211530370699E-17));
#4740=DIRECTION('center_axis',(1.,4.16333634234425E-16,6.15211530370699E-17));
#4741=DIRECTION('ref_axis',(4.16333634234425E-16,-1.,1.31071386051669E-15));
#4742=DIRECTION('',(4.16333634234425E-16,-1.,1.31071386051669E-15));
#4743=DIRECTION('',(6.15211530370704E-17,-1.31071386051669E-15,-1.));
#4744=DIRECTION('center_axis',(6.15211530370704E-17,-1.31071386051669E-15,
-1.));
#4745=DIRECTION('ref_axis',(1.6924131472953E-17,1.,-1.31071386051669E-15));
#4746=DIRECTION('',(-1.,-4.16333634234425E-16,-6.15211530370699E-17));
#4747=DIRECTION('',(1.6924131472953E-17,1.,-1.13241851328005E-15));
#4748=DIRECTION('',(1.,0.,7.04903507698512E-17));
#4749=DIRECTION('center_axis',(-9.1536193169291E-32,-1.,1.29856345116162E-15));
#4750=DIRECTION('ref_axis',(6.15211530370704E-17,-1.29856345116162E-15,
-1.));
#4751=DIRECTION('',(1.,0.,7.04903507698512E-17));
#4752=DIRECTION('',(6.15211530370704E-17,-1.29856345116162E-15,-1.));
#4753=DIRECTION('center_axis',(-9.1536193169291E-32,-1.,1.29856345116162E-15));
#4754=DIRECTION('ref_axis',(6.15211530370704E-17,-1.29856345116162E-15,
-1.));
#4755=DIRECTION('',(6.15211530370704E-17,-1.29856345116162E-15,-1.));
#4756=DIRECTION('',(1.,0.,7.04903507698512E-17));
#4757=DIRECTION('center_axis',(1.,0.,7.04903507698512E-17));
#4758=DIRECTION('ref_axis',(-7.04903507698512E-17,8.26327505886429E-15,
1.));
#4759=DIRECTION('center_axis',(1.,-1.69241314729529E-17,6.15211530370704E-17));
#4760=DIRECTION('ref_axis',(-7.04903507698512E-17,8.26327505886429E-15,
1.));
#4761=DIRECTION('',(1.,0.,7.04903507698512E-17));
#4762=DIRECTION('center_axis',(-1.,1.69241314729529E-17,-6.15211530370704E-17));
#4763=DIRECTION('ref_axis',(-6.15211530370703E-17,8.26327505886429E-15,
1.));
#4764=DIRECTION('',(1.,0.,7.04903507698512E-17));
#4765=DIRECTION('center_axis',(-6.24161892850769E-32,-1.,8.854572094394E-16));
#4766=DIRECTION('ref_axis',(6.15211530370704E-17,-8.854572094394E-16,-1.));
#4767=DIRECTION('',(-6.15211530370704E-17,8.854572094394E-16,1.));
#4768=DIRECTION('',(6.15211530370704E-17,-8.854572094394E-16,-1.));
#4769=DIRECTION('',(1.,0.,7.04903507698512E-17));
#4770=DIRECTION('center_axis',(1.,0.,7.04903507698512E-17));
#4771=DIRECTION('ref_axis',(-1.60824206851541E-27,-1.,2.28150820234318E-11));
#4772=DIRECTION('center_axis',(1.,-1.69241314729529E-17,6.15211530370704E-17));
#4773=DIRECTION('ref_axis',(-1.60824206851541E-27,-1.,2.28150820234318E-11));
#4774=DIRECTION('center_axis',(-1.,1.69241314729529E-17,-6.15211530370704E-17));
#4775=DIRECTION('ref_axis',(-1.69241314743565E-17,-1.,2.28150820234318E-11));
#4776=DIRECTION('',(1.,0.,7.04903507698512E-17));
#4777=DIRECTION('center_axis',(1.,-1.69241314729529E-17,6.15211530370704E-17));
#4778=DIRECTION('ref_axis',(6.15211530370704E-17,0.,-1.));
#4779=DIRECTION('',(-1.6924131472953E-17,-1.,4.10385031459497E-16));
#4780=DIRECTION('center_axis',(1.,-1.69241314729529E-17,6.15211530370704E-17));
#4781=DIRECTION('ref_axis',(6.15211530370704E-17,4.77793388238636E-16,-1.));
#4782=DIRECTION('',(-6.15211530370704E-17,1.29856345116162E-15,1.));
#4783=DIRECTION('center_axis',(1.,-1.69241314729529E-17,6.15211530370704E-17));
#4784=DIRECTION('ref_axis',(1.69241314729527E-17,1.,3.14232864733898E-15));
#4785=DIRECTION('',(1.6924131472953E-17,1.,-1.29856345116162E-15));
#4786=DIRECTION('center_axis',(-1.,1.69241314729529E-17,-6.15211530370704E-17));
#4787=DIRECTION('ref_axis',(1.6924131472953E-17,1.,-1.31071386051669E-15));
#4788=DIRECTION('',(1.6924131472953E-17,1.,-1.08038564152324E-15));
#4789=DIRECTION('',(-1.6924131472953E-17,-1.,1.29856345116162E-15));
#4790=DIRECTION('',(6.15211530370704E-17,-1.17775572754147E-15,-1.));
#4791=DIRECTION('center_axis',(-1.,1.6924131472953E-17,-6.15211530370704E-17));
#4792=DIRECTION('ref_axis',(4.75121499929836E-17,-0.446066138593823,-0.894999999999998));
#4793=DIRECTION('',(1.6924131472953E-17,1.,-8.21491816220575E-16));
#4794=DIRECTION('',(6.15211530370704E-17,-1.80690292180168E-15,-1.));
#4795=DIRECTION('',(-1.69241314729531E-17,-1.,1.79993590481281E-15));
#4796=DIRECTION('center_axis',(-1.,1.6924131472953E-17,-6.15211530370704E-17));
#4797=DIRECTION('ref_axis',(4.75121499929836E-17,-0.446066138593823,-0.894999999999998));
#4798=DIRECTION('center_axis',(-1.,1.69241314729529E-17,-6.15211530370704E-17));
#4799=DIRECTION('ref_axis',(-6.31225878076906E-17,-0.121599726453215,0.99257921926993));
#4800=DIRECTION('center_axis',(-1.,1.69241314729529E-17,-6.15211530370704E-17));
#4801=DIRECTION('ref_axis',(1.6924131472953E-17,1.,-1.31071386051669E-15));
#4802=DIRECTION('center_axis',(-1.,1.69241314729529E-17,-6.15211530370704E-17));
#4803=DIRECTION('ref_axis',(1.6924131472953E-17,1.,-1.31071386051669E-15));
#4804=DIRECTION('center_axis',(-1.,1.69241314729529E-17,-6.15211530370704E-17));
#4805=DIRECTION('ref_axis',(1.6924131472953E-17,1.,-1.31071386051669E-15));
#4806=DIRECTION('center_axis',(-1.,1.69241314729529E-17,-6.15211530370704E-17));
#4807=DIRECTION('ref_axis',(1.6924131472953E-17,1.,-1.31071386051669E-15));
#4808=DIRECTION('center_axis',(-9.86864910777917E-16,-1.,-1.59823193989122E-15));
#4809=DIRECTION('ref_axis',(5.80195061386826E-17,-1.59823193989122E-15,
1.));
#4810=DIRECTION('',(-1.,9.86864910777917E-16,7.04903507698512E-17));
#4811=DIRECTION('',(5.80195061386826E-17,-1.59823193989122E-15,1.));
#4812=DIRECTION('center_axis',(-9.86864910777917E-16,-1.,-8.89121897356697E-16));
#4813=DIRECTION('ref_axis',(5.80195061386834E-17,-8.89121897356697E-16,
1.));
#4814=DIRECTION('',(-5.80195061386834E-17,8.89121897356697E-16,-1.));
#4815=DIRECTION('',(-1.,9.86864910777917E-16,7.04903507698512E-17));
#4816=DIRECTION('',(5.80195061386834E-17,-8.89121897356697E-16,1.));
#4817=DIRECTION('',(-1.,9.86864910777917E-16,7.04903507698512E-17));
#4818=DIRECTION('center_axis',(-9.86864910777917E-16,-1.,-5.22420515458592E-15));
#4819=DIRECTION('ref_axis',(5.80195061386788E-17,-5.22420515458592E-15,
1.));
#4820=DIRECTION('',(-5.80195061386826E-17,1.6408987478243E-15,-1.));
#4821=DIRECTION('',(5.80195061386788E-17,-5.22420515458592E-15,1.));
#4822=DIRECTION('',(-1.,9.86864910777917E-16,7.04903507698512E-17));
#4823=DIRECTION('center_axis',(-1.,1.03778774192095E-15,5.80195061386843E-17));
#4824=DIRECTION('ref_axis',(5.80195061386843E-17,0.,1.));
#4825=DIRECTION('center_axis',(-1.,1.03778774192095E-15,5.80195061386843E-17));
#4826=DIRECTION('ref_axis',(5.80195061386752E-17,-8.70365929749228E-15,
1.));
#4827=DIRECTION('',(-5.80195061386826E-17,1.59823193989122E-15,-1.));
#4828=DIRECTION('center_axis',(-1.,1.03778774192095E-15,5.80195061386843E-17));
#4829=DIRECTION('ref_axis',(1.03778774192095E-15,1.,1.59823193989122E-15));
#4830=DIRECTION('',(1.03778774192095E-15,1.,1.59823193989122E-15));
#4831=DIRECTION('',(-1.03778774192095E-15,-1.,-1.59823193989122E-15));
#4832=DIRECTION('center_axis',(1.,4.16333634234425E-16,6.15211530370699E-17));
#4833=DIRECTION('ref_axis',(0.,0.707106781186548,0.707106781186547));
#4834=DIRECTION('',(-1.,-4.16333634234425E-16,-6.15211530370699E-17));
#4835=DIRECTION('center_axis',(-4.16333634234425E-16,1.,-1.31071386051669E-15));
#4836=DIRECTION('ref_axis',(-6.15211530370704E-17,1.31071386051669E-15,
1.));
#4837=DIRECTION('',(1.,4.16333634234425E-16,6.15211530370699E-17));
#4838=DIRECTION('center_axis',(1.,4.16333634234425E-16,6.15211530370699E-17));
#4839=DIRECTION('ref_axis',(0.,0.707106781186547,-0.707106781186548));
#4840=DIRECTION('center_axis',(-1.,1.47104550762833E-15,5.8019506138685E-17));
#4841=DIRECTION('ref_axis',(2.51214793389404E-15,0.707106781186549,-0.707106781186546));
#4842=DIRECTION('',(1.,-1.47104550762833E-15,-5.8019506138685E-17));
#4843=DIRECTION('center_axis',(1.47104550762833E-15,1.,1.6408987478243E-15));
#4844=DIRECTION('ref_axis',(-5.80195061386826E-17,1.6408987478243E-15,-1.));
#4845=DIRECTION('',(-1.,1.47104550762833E-15,5.8019506138685E-17));
#4846=DIRECTION('center_axis',(1.,-1.03778774192095E-15,-5.80195061386843E-17));
#4847=DIRECTION('ref_axis',(1.03778774192095E-15,1.,1.6408987478243E-15));
#4848=DIRECTION('',(-1.03778774192095E-15,-1.,-1.59823193989122E-15));
#4849=DIRECTION('',(5.80195061386827E-17,-1.50794061484907E-15,1.));
#4850=DIRECTION('',(1.03778774192095E-15,1.,1.41057052883085E-15));
#4851=DIRECTION('center_axis',(1.,-1.03778774192095E-15,-5.80195061386843E-17));
#4852=DIRECTION('ref_axis',(1.03778774192095E-15,1.,1.6408987478243E-15));
#4853=DIRECTION('center_axis',(1.,-1.03778774192095E-15,-5.80195061386843E-17));
#4854=DIRECTION('ref_axis',(1.03778774192095E-15,1.,1.6408987478243E-15));
#4855=DIRECTION('center_axis',(1.,-1.03778774192095E-15,-5.80195061386843E-17));
#4856=DIRECTION('ref_axis',(1.03778774192095E-15,1.,1.6408987478243E-15));
#4857=DIRECTION('center_axis',(1.,-1.03778774192095E-15,-5.80195061386843E-17));
#4858=DIRECTION('ref_axis',(1.03778774192095E-15,1.,1.6408987478243E-15));
#4859=DIRECTION('center_axis',(1.,-1.03778774192095E-15,-5.80195061386843E-17));
#4860=DIRECTION('ref_axis',(-4.10994512724558E-16,-0.446066138593823,0.894999999999998));
#4861=DIRECTION('',(1.03778774192095E-15,1.,1.15167670352818E-15));
#4862=DIRECTION('',(5.80195061386821E-17,-2.13708780910928E-15,1.));
#4863=DIRECTION('',(-1.03778774192095E-15,-1.,-2.13012079212042E-15));
#4864=DIRECTION('center_axis',(1.,-1.03778774192095E-15,-5.80195061386843E-17));
#4865=DIRECTION('ref_axis',(-4.10994512724558E-16,-0.446066138593823,0.894999999999998));
#4866=DIRECTION('center_axis',(1.,-1.03778774192095E-15,-5.80195061386843E-17));
#4867=DIRECTION('ref_axis',(-1.83783661639649E-16,-0.121599726453215,-0.99257921926993));
#4868=DIRECTION('center_axis',(-1.,1.47104550762833E-15,5.8019506138685E-17));
#4869=DIRECTION('ref_axis',(0.,0.707106781186546,0.707106781186549));
#4870=DIRECTION('center_axis',(-1.,1.69241314729529E-17,-6.15211530370704E-17));
#4871=DIRECTION('ref_axis',(1.6924131472953E-17,1.,-1.31071386051669E-15));
#4872=DIRECTION('center_axis',(-1.,1.69241314729529E-17,-6.15211530370704E-17));
#4873=DIRECTION('ref_axis',(1.6924131472953E-17,1.,-1.31071386051669E-15));
#4874=DIRECTION('center_axis',(-1.,1.69241314729529E-17,-6.15211530370704E-17));
#4875=DIRECTION('ref_axis',(1.6924131472953E-17,1.,-1.31071386051669E-15));
#4876=DIRECTION('center_axis',(-1.,1.69241314729529E-17,-6.15211530370704E-17));
#4877=DIRECTION('ref_axis',(1.6924131472953E-17,1.,-1.31071386051669E-15));
#4878=DIRECTION('',(1.,-1.69241314729529E-17,6.15211530370705E-17));
#4879=DIRECTION('center_axis',(-1.,1.69241314729529E-17,-6.15211530370704E-17));
#4880=DIRECTION('ref_axis',(1.6924131472953E-17,1.,-1.31071386051669E-15));
#4881=DIRECTION('',(1.,-1.69241314729529E-17,6.15211530370704E-17));
#4882=DIRECTION('center_axis',(-1.,1.69241314729529E-17,-6.15211530370704E-17));
#4883=DIRECTION('ref_axis',(1.6924131472953E-17,1.,-1.31071386051669E-15));
#4884=DIRECTION('center_axis',(-1.,1.69241314729529E-17,-6.15211530370704E-17));
#4885=DIRECTION('ref_axis',(1.6924131472953E-17,1.,-1.31071386051669E-15));
#4886=DIRECTION('center_axis',(-1.,1.69241314729529E-17,-6.15211530370704E-17));
#4887=DIRECTION('ref_axis',(1.6924131472953E-17,1.,-1.31071386051669E-15));
#4888=DIRECTION('center_axis',(-1.,1.69241314729529E-17,-6.15211530370704E-17));
#4889=DIRECTION('ref_axis',(1.6924131472953E-17,1.,-1.31071386051669E-15));
#4890=DIRECTION('',(1.,-1.69241314729529E-17,6.15211530370705E-17));
#4891=DIRECTION('center_axis',(-1.,1.69241314729529E-17,-6.15211530370704E-17));
#4892=DIRECTION('ref_axis',(1.6924131472953E-17,1.,-1.31071386051669E-15));
#4893=DIRECTION('',(1.,-1.69241314729529E-17,6.15211530370704E-17));
#4894=DIRECTION('center_axis',(-1.,1.69241314729529E-17,-6.15211530370704E-17));
#4895=DIRECTION('ref_axis',(1.6924131472953E-17,1.,-1.31071386051669E-15));
#4896=DIRECTION('center_axis',(-1.,1.69241314729529E-17,-6.15211530370704E-17));
#4897=DIRECTION('ref_axis',(1.6924131472953E-17,1.,-1.31071386051669E-15));
#4898=DIRECTION('center_axis',(-1.,1.69241314729529E-17,-6.15211530370704E-17));
#4899=DIRECTION('ref_axis',(1.6924131472953E-17,1.,-1.31071386051669E-15));
#4900=DIRECTION('center_axis',(-1.,1.69241314729529E-17,-6.15211530370704E-17));
#4901=DIRECTION('ref_axis',(1.6924131472953E-17,1.,-1.31071386051669E-15));
#4902=DIRECTION('',(1.,-1.69241314729529E-17,6.15211530370705E-17));
#4903=DIRECTION('center_axis',(-1.,1.69241314729529E-17,-6.15211530370704E-17));
#4904=DIRECTION('ref_axis',(1.6924131472953E-17,1.,-1.31071386051669E-15));
#4905=DIRECTION('',(1.,-1.69241314729529E-17,6.15211530370704E-17));
#4906=DIRECTION('center_axis',(-1.,1.69241314729529E-17,-6.15211530370704E-17));
#4907=DIRECTION('ref_axis',(1.6924131472953E-17,1.,-1.31071386051669E-15));
#4908=DIRECTION('center_axis',(-1.,1.69241314729529E-17,-6.15211530370704E-17));
#4909=DIRECTION('ref_axis',(1.6924131472953E-17,1.,-1.31071386051669E-15));
#4910=DIRECTION('center_axis',(-1.,1.69241314729529E-17,-6.15211530370704E-17));
#4911=DIRECTION('ref_axis',(1.6924131472953E-17,1.,-1.31071386051669E-15));
#4912=DIRECTION('center_axis',(-1.,1.69241314729529E-17,-6.15211530370704E-17));
#4913=DIRECTION('ref_axis',(1.6924131472953E-17,1.,-1.31071386051669E-15));
#4914=DIRECTION('',(1.,-1.69241314729529E-17,6.15211530370705E-17));
#4915=DIRECTION('center_axis',(-1.,1.69241314729529E-17,-6.15211530370704E-17));
#4916=DIRECTION('ref_axis',(1.6924131472953E-17,1.,-1.31071386051669E-15));
#4917=DIRECTION('',(1.,-1.69241314729529E-17,6.15211530370704E-17));
#4918=DIRECTION('center_axis',(-6.15211530370705E-17,1.08038564152324E-15,
1.));
#4919=DIRECTION('ref_axis',(-1.69241314729531E-17,-1.,1.08038564152324E-15));
#4920=DIRECTION('',(1.,-1.48503670417631E-16,6.15211530370706E-17));
#4921=DIRECTION('center_axis',(1.48503670417631E-16,1.,-1.17775572754147E-15));
#4922=DIRECTION('ref_axis',(-6.15211530370704E-17,1.17775572754147E-15,
1.));
#4923=DIRECTION('',(1.,-1.48503670417631E-16,6.15211530370706E-17));
#4924=DIRECTION('center_axis',(1.,4.16333634234425E-16,6.15211530370699E-17));
#4925=DIRECTION('ref_axis',(-1.04385620139416E-17,-0.121599726453215,0.99257921926993));
#4926=DIRECTION('',(1.,4.16333634234425E-16,6.15211530370699E-17));
#4927=DIRECTION('',(1.,4.16333634234425E-16,6.15211530370699E-17));
#4928=DIRECTION('center_axis',(1.,4.16333634234425E-16,6.15211530370699E-17));
#4929=DIRECTION('ref_axis',(2.40773768557861E-16,-0.446066138593823,-0.894999999999998));
#4930=DIRECTION('',(1.,4.16333634234425E-16,6.15211530370699E-17));
#4931=DIRECTION('center_axis',(-6.15211530370706E-17,1.79993590481281E-15,
1.));
#4932=DIRECTION('ref_axis',(-1.69241314729531E-17,-1.,1.79993590481281E-15));
#4933=DIRECTION('',(1.,4.16333634234425E-16,6.15211530370699E-17));
#4934=DIRECTION('center_axis',(4.16333634234425E-16,-1.,1.80690292180168E-15));
#4935=DIRECTION('ref_axis',(6.15211530370704E-17,-1.80690292180168E-15,
-1.));
#4936=DIRECTION('',(1.,4.16333634234425E-16,6.15211530370699E-17));
#4937=DIRECTION('center_axis',(6.15211530370702E-17,-8.21491816220575E-16,
-1.));
#4938=DIRECTION('ref_axis',(1.6924131472953E-17,1.,-8.21491816220575E-16));
#4939=DIRECTION('',(1.,4.16333634234425E-16,6.15211530370699E-17));
#4940=DIRECTION('center_axis',(1.,4.16333634234425E-16,6.15211530370699E-17));
#4941=DIRECTION('ref_axis',(-2.08848335493912E-16,0.364005494464027,0.931396800509857));
#4942=DIRECTION('center_axis',(6.15211530370704E-17,-1.31071386051669E-15,
-1.));
#4943=DIRECTION('ref_axis',(1.,4.16333634234425E-16,6.15211530370699E-17));
#4944=DIRECTION('center_axis',(1.,-1.03778774192095E-15,-5.80195061386843E-17));
#4945=DIRECTION('ref_axis',(1.03778774192095E-15,1.,1.6408987478243E-15));
#4946=DIRECTION('center_axis',(1.,-1.03778774192095E-15,-5.80195061386843E-17));
#4947=DIRECTION('ref_axis',(1.03778774192095E-15,1.,1.6408987478243E-15));
#4948=DIRECTION('center_axis',(1.,-1.03778774192095E-15,-5.80195061386843E-17));
#4949=DIRECTION('ref_axis',(1.03778774192095E-15,1.,1.6408987478243E-15));
#4950=DIRECTION('center_axis',(1.,-1.03778774192095E-15,-5.80195061386843E-17));
#4951=DIRECTION('ref_axis',(1.03778774192095E-15,1.,1.6408987478243E-15));
#4952=DIRECTION('',(-1.,1.03778774192095E-15,5.80195061386843E-17));
#4953=DIRECTION('center_axis',(1.,-1.03778774192095E-15,-5.80195061386843E-17));
#4954=DIRECTION('ref_axis',(1.03778774192095E-15,1.,1.6408987478243E-15));
#4955=DIRECTION('',(-1.,1.03778774192095E-15,5.80195061386843E-17));
#4956=DIRECTION('center_axis',(1.,-1.03778774192095E-15,-5.80195061386843E-17));
#4957=DIRECTION('ref_axis',(1.03778774192095E-15,1.,1.6408987478243E-15));
#4958=DIRECTION('center_axis',(1.,-1.03778774192095E-15,-5.80195061386843E-17));
#4959=DIRECTION('ref_axis',(1.03778774192095E-15,1.,1.6408987478243E-15));
#4960=DIRECTION('center_axis',(1.,-1.03778774192095E-15,-5.80195061386843E-17));
#4961=DIRECTION('ref_axis',(1.03778774192095E-15,1.,1.6408987478243E-15));
#4962=DIRECTION('center_axis',(1.,-1.03778774192095E-15,-5.80195061386843E-17));
#4963=DIRECTION('ref_axis',(1.03778774192095E-15,1.,1.6408987478243E-15));
#4964=DIRECTION('',(-1.,1.03778774192095E-15,5.80195061386843E-17));
#4965=DIRECTION('center_axis',(1.,-1.03778774192095E-15,-5.80195061386843E-17));
#4966=DIRECTION('ref_axis',(1.03778774192095E-15,1.,1.6408987478243E-15));
#4967=DIRECTION('',(-1.,1.03778774192095E-15,5.80195061386843E-17));
#4968=DIRECTION('center_axis',(1.,-1.03778774192095E-15,-5.80195061386843E-17));
#4969=DIRECTION('ref_axis',(1.03778774192095E-15,1.,1.6408987478243E-15));
#4970=DIRECTION('center_axis',(1.,-1.03778774192095E-15,-5.80195061386843E-17));
#4971=DIRECTION('ref_axis',(1.03778774192095E-15,1.,1.6408987478243E-15));
#4972=DIRECTION('center_axis',(1.,-1.03778774192095E-15,-5.80195061386843E-17));
#4973=DIRECTION('ref_axis',(1.03778774192095E-15,1.,1.6408987478243E-15));
#4974=DIRECTION('center_axis',(1.,-1.03778774192095E-15,-5.80195061386843E-17));
#4975=DIRECTION('ref_axis',(1.03778774192095E-15,1.,1.6408987478243E-15));
#4976=DIRECTION('',(-1.,1.03778774192095E-15,5.80195061386843E-17));
#4977=DIRECTION('center_axis',(1.,-1.03778774192095E-15,-5.80195061386843E-17));
#4978=DIRECTION('ref_axis',(1.03778774192095E-15,1.,1.6408987478243E-15));
#4979=DIRECTION('',(-1.,1.03778774192095E-15,5.80195061386843E-17));
#4980=DIRECTION('center_axis',(1.,-1.03778774192095E-15,-5.80195061386843E-17));
#4981=DIRECTION('ref_axis',(1.03778774192095E-15,1.,1.6408987478243E-15));
#4982=DIRECTION('center_axis',(1.,-1.03778774192095E-15,-5.80195061386843E-17));
#4983=DIRECTION('ref_axis',(1.03778774192095E-15,1.,1.6408987478243E-15));
#4984=DIRECTION('center_axis',(1.,-1.03778774192095E-15,-5.80195061386843E-17));
#4985=DIRECTION('ref_axis',(1.03778774192095E-15,1.,1.6408987478243E-15));
#4986=DIRECTION('center_axis',(1.,-1.03778774192095E-15,-5.80195061386843E-17));
#4987=DIRECTION('ref_axis',(1.03778774192095E-15,1.,1.6408987478243E-15));
#4988=DIRECTION('',(-1.,1.03778774192095E-15,5.80195061386843E-17));
#4989=DIRECTION('center_axis',(1.,-1.03778774192095E-15,-5.80195061386843E-17));
#4990=DIRECTION('ref_axis',(1.03778774192095E-15,1.,1.6408987478243E-15));
#4991=DIRECTION('',(-1.,1.03778774192095E-15,5.80195061386843E-17));
#4992=DIRECTION('center_axis',(9.0620820297627E-16,1.,1.05226829448256E-14));
#4993=DIRECTION('ref_axis',(-5.80195061386734E-17,1.05226829448256E-14,
-1.));
#4994=DIRECTION('',(-5.80195061386734E-17,1.05226829448256E-14,-1.));
#4995=DIRECTION('',(-1.,9.06208202976269E-16,5.80195061386841E-17));
#4996=DIRECTION('center_axis',(-5.80195061386828E-17,1.41057052883085E-15,
-1.));
#4997=DIRECTION('ref_axis',(-1.03778774192095E-15,-1.,-1.41057052883085E-15));
#4998=DIRECTION('',(-1.,9.06208202976269E-16,5.80195061386841E-17));
#4999=DIRECTION('',(-1.03778774192095E-15,-1.,-1.6408987478243E-15));
#5000=DIRECTION('center_axis',(9.06208202976269E-16,1.,1.50794061484907E-15));
#5001=DIRECTION('ref_axis',(-5.80195061386827E-17,1.50794061484907E-15,
-1.));
#5002=DIRECTION('',(-1.,9.06208202976269E-16,5.80195061386841E-17));
#5003=DIRECTION('',(-5.80195061386827E-17,1.50794061484907E-15,-1.));
#5004=DIRECTION('center_axis',(-1.,9.06208202976269E-16,5.80195061386841E-17));
#5005=DIRECTION('ref_axis',(-9.06208202976269E-16,-1.,-1.6408987478243E-15));
#5006=DIRECTION('',(1.03778774192095E-15,1.,1.6408987478243E-15));
#5007=DIRECTION('center_axis',(-1.,1.47104550762833E-15,5.8019506138685E-17));
#5008=DIRECTION('ref_axis',(-2.36467687433398E-16,-0.121599726453215,-0.99257921926993));
#5009=DIRECTION('',(-1.,1.47104550762833E-15,5.8019506138685E-17));
#5010=DIRECTION('',(-1.,1.47104550762833E-15,5.8019506138685E-17));
#5011=DIRECTION('center_axis',(-1.,1.47104550762833E-15,5.8019506138685E-17));
#5012=DIRECTION('ref_axis',(-6.04256131289434E-16,-0.446066138593823,0.894999999999998));
#5013=DIRECTION('',(-1.,1.47104550762833E-15,5.8019506138685E-17));
#5014=DIRECTION('center_axis',(-5.80195061386819E-17,2.13012079212042E-15,
-1.));
#5015=DIRECTION('ref_axis',(-1.03778774192095E-15,-1.,-2.13012079212042E-15));
#5016=DIRECTION('',(-1.,1.47104550762833E-15,5.8019506138685E-17));
#5017=DIRECTION('center_axis',(-1.47104550762833E-15,-1.,-2.13708780910928E-15));
#5018=DIRECTION('ref_axis',(5.80195061386821E-17,-2.13708780910928E-15,
1.));
#5019=DIRECTION('',(-1.,1.47104550762833E-15,5.8019506138685E-17));
#5020=DIRECTION('center_axis',(5.80195061386833E-17,-1.15167670352818E-15,
1.));
#5021=DIRECTION('ref_axis',(1.03778774192095E-15,1.,1.15167670352818E-15));
#5022=DIRECTION('',(-1.,1.47104550762833E-15,5.8019506138685E-17));
#5023=DIRECTION('center_axis',(-1.,1.47104550762833E-15,5.8019506138685E-17));
#5024=DIRECTION('ref_axis',(4.814294649986E-16,0.364005494464026,-0.931396800509858));
#5025=DIRECTION('center_axis',(5.80195061386826E-17,-1.6408987478243E-15,
1.));
#5026=DIRECTION('ref_axis',(-1.,1.47104550762833E-15,5.8019506138685E-17));
#5027=DIRECTION('center_axis',(-3.33066907387547E-16,1.,1.38777878078142E-16));
#5028=DIRECTION('ref_axis',(-1.,-3.33066907387547E-16,-3.05311331771918E-16));
#5029=DIRECTION('center_axis',(-3.33066907388347E-16,1.,2.61898130024727E-12));
#5030=DIRECTION('ref_axis',(-1.,-3.33066907387547E-16,-3.05311331771918E-16));
#5031=DIRECTION('',(-3.33066907387547E-16,1.,1.38777878078142E-16));
#5032=DIRECTION('center_axis',(3.33066907387547E-16,-1.,-2.85486833688212E-16));
#5033=DIRECTION('ref_axis',(-1.,-3.33066907387547E-16,-3.05311331771918E-16));
#5034=DIRECTION('center_axis',(1.,3.33066907387547E-16,3.05311331771918E-16));
#5035=DIRECTION('ref_axis',(-4.51050928178946E-16,0.775500593625411,0.631346837551781));
#5036=DIRECTION('center_axis',(1.,3.33066907387547E-16,3.05311331771918E-16));
#5037=DIRECTION('ref_axis',(-4.51050928178946E-16,0.775500593625411,0.631346837551781));
#5038=DIRECTION('',(-1.,-3.33066907387547E-16,-3.05311331771918E-16));
#5039=DIRECTION('center_axis',(-1.,-3.33066907387547E-16,-3.05311331771918E-16));
#5040=DIRECTION('ref_axis',(-4.51050928178946E-16,0.775500593625411,0.631346837551781));
#5041=DIRECTION('',(1.,3.33066907387547E-16,3.05311331771918E-16));
#5042=DIRECTION('center_axis',(3.33066907388347E-16,-1.,-2.61898130024727E-12));
#5043=DIRECTION('ref_axis',(3.05311331771046E-16,2.61898130024727E-12,-1.));
#5044=DIRECTION('',(-3.05311331771046E-16,-2.61898130024727E-12,1.));
#5045=DIRECTION('',(-1.,-3.33066907387547E-16,-3.05311331771918E-16));
#5046=DIRECTION('',(3.05311331771046E-16,2.61898130024727E-12,-1.));
#5047=DIRECTION('center_axis',(1.,3.33066907387547E-16,3.05311331771918E-16));
#5048=DIRECTION('ref_axis',(-6.55362406142692E-17,0.775500593627063,-0.631346837549752));
#5049=DIRECTION('center_axis',(1.,3.33066907387547E-16,3.05311331771918E-16));
#5050=DIRECTION('ref_axis',(-6.55362406142692E-17,0.775500593627063,-0.631346837549752));
#5051=DIRECTION('center_axis',(-1.,-3.33066907387547E-16,-3.05311331771918E-16));
#5052=DIRECTION('ref_axis',(-6.55362406142692E-17,0.775500593627063,-0.631346837549752));
#5053=DIRECTION('',(1.,3.33066907387547E-16,3.05311331771918E-16));
#5054=DIRECTION('center_axis',(-2.31420120387656E-16,-0.2028023414293,0.979219694609332));
#5055=DIRECTION('ref_axis',(3.88063528284751E-16,-0.979219694609332,-0.2028023414293));
#5056=DIRECTION('',(-3.88063528284751E-16,0.979219694609332,0.2028023414293));
#5057=DIRECTION('',(-1.,-3.33066907387547E-16,-3.05311331771918E-16));
#5058=DIRECTION('',(3.88063528284751E-16,-0.979219694609332,-0.2028023414293));
#5059=DIRECTION('center_axis',(-1.,-3.33066907387547E-16,-3.05311331771918E-16));
#5060=DIRECTION('ref_axis',(4.47049857701881E-16,-0.631346837550764,-0.775500593626239));
#5061=DIRECTION('center_axis',(0.707106781186548,3.33644647470301E-16,-0.707106781186547));
#5062=DIRECTION('ref_axis',(0.707106781186547,1.37383090134832E-16,0.707106781186548));
#5063=DIRECTION('center_axis',(1.,3.33066907387547E-16,3.05311331771918E-16));
#5064=DIRECTION('ref_axis',(4.47049857701881E-16,-0.631346837550764,-0.775500593626239));
#5065=DIRECTION('center_axis',(-1.,-3.33066907387547E-16,-3.05311331771918E-16));
#5066=DIRECTION('ref_axis',(4.47049857701881E-16,-0.631346837550764,-0.775500593626239));
#5067=DIRECTION('center_axis',(0.707106781186548,1.37383090134833E-16,0.707106781186547));
#5068=DIRECTION('ref_axis',(-0.707106781186547,-3.336446474703E-16,0.707106781186548));
#5069=DIRECTION('center_axis',(3.05311331771918E-16,1.38777878078142E-16,
-1.));
#5070=DIRECTION('ref_axis',(1.,3.33066907387547E-16,3.05311331771918E-16));
#5071=DIRECTION('center_axis',(2.79403830207562E-15,-0.948683298050514,
0.316227766016838));
#5072=DIRECTION('ref_axis',(3.94968765214879E-16,-0.316227766016838,-0.948683298050514));
#5073=DIRECTION('center_axis',(-1.,-3.33066907387547E-16,-3.05311331771918E-16));
#5074=DIRECTION('ref_axis',(3.33066907387547E-16,-1.,-1.38777878078142E-16));
#5075=DIRECTION('center_axis',(3.05311331771918E-16,1.38777878078142E-16,
-1.));
#5076=DIRECTION('ref_axis',(0.707106781186547,-0.707106781186548,1.17756934401285E-16));
#5077=DIRECTION('',(3.05311331771918E-16,1.38777878078142E-16,-1.));
#5078=DIRECTION('center_axis',(1.,3.33066907387547E-16,3.05311331771918E-16));
#5079=DIRECTION('ref_axis',(1.9626155733547E-17,-0.707106781186547,0.707106781186548));
#5080=DIRECTION('center_axis',(2.19427091786044E-16,-0.948683298050514,
0.316227766016837));
#5081=DIRECTION('ref_axis',(3.94968765214879E-16,-0.316227766016837,-0.948683298050514));
#5082=DIRECTION('center_axis',(3.05311331771918E-16,1.38777878078142E-16,
-1.));
#5083=DIRECTION('ref_axis',(3.33066907387547E-16,-1.,-1.38777878078142E-16));
#5084=DIRECTION('center_axis',(1.,3.33066907387547E-16,3.05311331771918E-16));
#5085=DIRECTION('ref_axis',(1.90876110309753E-16,-0.923879532511287,0.382683432365089));
#5086=DIRECTION('',(1.,3.33066907387547E-16,3.05311331771918E-16));
#5087=DIRECTION('center_axis',(4.51401581871585E-16,-0.707106781186547,
-0.707106781186548));
#5088=DIRECTION('ref_axis',(-0.707106781186547,0.5,-0.500000000000001));
#5089=DIRECTION('',(4.51401581871585E-16,-0.707106781186547,-0.707106781186548));
#5090=DIRECTION('',(-4.51401581871585E-16,0.707106781186547,0.707106781186548));
#5091=DIRECTION('center_axis',(4.09530077794129E-16,-0.382683432365085,
-0.923879532511289));
#5092=DIRECTION('ref_axis',(-1.90876110309755E-16,0.923879532511289,-0.382683432365085));
#5093=DIRECTION('center_axis',(3.05311331771918E-16,2.85486833688212E-16,
-1.));
#5094=DIRECTION('ref_axis',(-0.707106781186546,0.707106781186549,-1.17756934401284E-16));
#5095=DIRECTION('',(-3.05311331771918E-16,-2.85486833688212E-16,1.));
#5096=DIRECTION('',(-3.05311331771046E-16,-2.61898130024727E-12,1.));
#5097=DIRECTION('center_axis',(1.54611703141545E-16,0.382683432365093,-0.923879532511286));
#5098=DIRECTION('ref_axis',(-4.24551287074622E-16,0.923879532511286,0.382683432365093));
#5099=DIRECTION('',(3.05311331771918E-16,2.85486833688212E-16,-1.));
#5100=DIRECTION('center_axis',(1.1146896262731E-15,-0.948683298050514,-0.316227766016838));
#5101=DIRECTION('ref_axis',(-1.84318757100277E-16,-0.316227766016838,0.948683298050514));
#5102=DIRECTION('center_axis',(-3.05311331771918E-16,-1.38777878078142E-16,
1.));
#5103=DIRECTION('ref_axis',(3.33066907387547E-16,-1.,-1.38777878078142E-16));
#5104=DIRECTION('center_axis',(-1.,-3.33066907387547E-16,-3.05311331771918E-16));
#5105=DIRECTION('ref_axis',(4.51401581871585E-16,-0.707106781186547,-0.707106781186548));
#5106=DIRECTION('center_axis',(3.05311331771918E-16,1.38777878078142E-16,
-1.));
#5107=DIRECTION('ref_axis',(0.707106781186547,-0.707106781186548,1.17756934401285E-16));
#5108=DIRECTION('',(3.05311331771918E-16,1.38777878078142E-16,-1.));
#5109=DIRECTION('center_axis',(0.707106781186548,3.33644647470301E-16,-0.707106781186547));
#5110=DIRECTION('ref_axis',(0.707106781186547,1.37383090134832E-16,0.707106781186548));
#5111=DIRECTION('center_axis',(4.12522932557762E-16,-0.948683298050514,
-0.316227766016838));
#5112=DIRECTION('ref_axis',(-1.84318757100277E-16,-0.316227766016838,0.948683298050514));
#5113=DIRECTION('center_axis',(1.,3.33066907387547E-16,3.05311331771918E-16));
#5114=DIRECTION('ref_axis',(3.33066907387547E-16,-1.,-1.38777878078142E-16));
#5115=DIRECTION('center_axis',(-3.05311331771918E-16,-1.38777878078142E-16,
1.));
#5116=DIRECTION('ref_axis',(-1.,-3.33066907387547E-16,-3.05311331771918E-16));
#5117=DIRECTION('center_axis',(-1.,-3.33066907387547E-16,-3.05311331771918E-16));
#5118=DIRECTION('ref_axis',(4.24551287074621E-16,-0.923879532511287,-0.382683432365089));
#5119=DIRECTION('',(-1.,-3.33066907387547E-16,-3.05311331771918E-16));
#5120=DIRECTION('center_axis',(1.,3.33066907387547E-16,3.05311331771918E-16));
#5121=DIRECTION('ref_axis',(-2.64883803580004E-17,-0.631346837550762,0.775500593626241));
#5122=DIRECTION('center_axis',(-1.,-3.33066907387547E-16,-3.05311331771918E-16));
#5123=DIRECTION('ref_axis',(-2.64883803580004E-17,-0.631346837550762,0.775500593626241));
#5124=DIRECTION('',(1.,3.33066907387547E-16,3.05311331771918E-16));
#5125=DIRECTION('center_axis',(1.,3.33066907387547E-16,3.05311331771918E-16));
#5126=DIRECTION('ref_axis',(-2.64883803580004E-17,-0.631346837550762,0.775500593626241));
#5127=DIRECTION('center_axis',(0.707106781186546,1.37383090134832E-16,0.707106781186549));
#5128=DIRECTION('ref_axis',(-0.707106781186549,-3.33644647470301E-16,0.707106781186546));
#5129=DIRECTION('center_axis',(-3.05311331771918E-16,-1.38777878078142E-16,
1.));
#5130=DIRECTION('ref_axis',(-0.707106781186548,-0.707106781186547,-3.14018491736753E-16));
#5131=DIRECTION('',(3.05311331771918E-16,1.38777878078142E-16,-1.));
#5132=DIRECTION('center_axis',(1.96261557335473E-17,-0.707106781186548,
0.707106781186547));
#5133=DIRECTION('ref_axis',(0.707106781186542,0.500000000000003,0.500000000000005));
#5134=DIRECTION('',(1.96261557335473E-17,-0.707106781186548,0.707106781186547));
#5135=DIRECTION('',(-1.96261557335473E-17,0.707106781186548,-0.707106781186547));
#5136=DIRECTION('center_axis',(1.28630935361329E-16,-0.382683432365093,
0.923879532511286));
#5137=DIRECTION('ref_axis',(2.59256932241362E-16,0.923879532511286,0.382683432365093));
#5138=DIRECTION('center_axis',(-1.96261557335473E-17,0.707106781186548,
-0.707106781186547));
#5139=DIRECTION('ref_axis',(-0.707106781186545,0.500000000000001,0.500000000000003));
#5140=DIRECTION('',(1.96261557335473E-17,-0.707106781186548,0.707106781186547));
#5141=DIRECTION('',(-1.96261557335473E-17,0.707106781186548,-0.707106781186547));
#5142=DIRECTION('center_axis',(-3.05311331771918E-16,-2.85486833688212E-16,
1.));
#5143=DIRECTION('ref_axis',(0.707106781186544,0.707106781186551,3.14018491736753E-16));
#5144=DIRECTION('',(-3.05311331771918E-16,-2.85486833688212E-16,1.));
#5145=DIRECTION('',(3.05311331771046E-16,2.61898130024727E-12,-1.));
#5146=DIRECTION('',(3.05311331771046E-16,2.61898130024727E-12,-1.));
#5147=DIRECTION('center_axis',(-1.2628743929126E-16,0.382683432365085,0.923879532511289));
#5148=DIRECTION('ref_axis',(4.9293210900622E-16,0.923879532511289,-0.382683432365085));
#5149=DIRECTION('center_axis',(-4.51401581871585E-16,0.707106781186547,
0.707106781186548));
#5150=DIRECTION('ref_axis',(0.707106781186545,0.500000000000002,-0.500000000000002));
#5151=DIRECTION('',(4.51401581871585E-16,-0.707106781186547,-0.707106781186548));
#5152=DIRECTION('',(-4.51401581871585E-16,0.707106781186547,0.707106781186548));
#5153=DIRECTION('center_axis',(-3.05311331771918E-16,-1.38777878078142E-16,
1.));
#5154=DIRECTION('ref_axis',(-0.707106781186548,-0.707106781186547,-3.14018491736753E-16));
#5155=DIRECTION('',(-3.05311331771918E-16,-1.38777878078142E-16,1.));
#5156=DIRECTION('center_axis',(-3.33066907387547E-16,1.,2.85486833688212E-16));
#5157=DIRECTION('ref_axis',(-3.05311331771918E-16,-2.85486833688212E-16,
1.));
#5158=DIRECTION('',(-1.,-3.33066907387547E-16,-3.05311331771918E-16));
#5159=DIRECTION('',(1.,3.33066907387547E-16,3.05311331771918E-16));
#5160=DIRECTION('center_axis',(-4.51401581871585E-16,0.707106781186547,
0.707106781186548));
#5161=DIRECTION('ref_axis',(1.96261557335473E-17,-0.707106781186548,0.707106781186547));
#5162=DIRECTION('center_axis',(-1.,-3.33066907387547E-16,-3.05311331771918E-16));
#5163=DIRECTION('ref_axis',(-3.05311331771918E-16,-1.38777878078142E-16,
1.));
#5164=DIRECTION('center_axis',(1.,3.33066907387547E-16,3.05311331771918E-16));
#5165=DIRECTION('ref_axis',(3.05311331771918E-16,1.38777878078142E-16,-1.));
#5166=DIRECTION('center_axis',(-1.,-3.33066907387547E-16,-3.05311331771918E-16));
#5167=DIRECTION('ref_axis',(-3.05311331771918E-16,-1.38777878078142E-16,
1.));
#5168=DIRECTION('',(2.64227822388266E-16,-0.979219694609332,0.202802341429299));
#5169=DIRECTION('center_axis',(-1.96261557335472E-17,0.707106781186548,
-0.707106781186547));
#5170=DIRECTION('ref_axis',(-4.51401581871585E-16,0.707106781186547,0.707106781186548));
#5171=DIRECTION('center_axis',(3.66513617729276E-16,-0.202802341429299,
-0.979219694609332));
#5172=DIRECTION('ref_axis',(-2.64227822388266E-16,0.979219694609332,-0.202802341429299));
#5173=DIRECTION('',(-2.64227822388266E-16,0.979219694609332,-0.202802341429299));
#5174=DIRECTION('center_axis',(1.,3.33066907387547E-16,3.05311331771918E-16));
#5175=DIRECTION('ref_axis',(3.05311331771918E-16,1.38777878078142E-16,-1.));
#5176=DIRECTION('center_axis',(-3.33066907387547E-16,1.,1.38777878078142E-16));
#5177=DIRECTION('ref_axis',(-1.,-3.33066907387547E-16,-3.05311331771918E-16));
#5178=DIRECTION('',(-3.33066907387547E-16,1.,1.38777878078142E-16));
#5179=DIRECTION('center_axis',(3.05311331771918E-16,1.38777878078142E-16,
-1.));
#5180=DIRECTION('ref_axis',(-1.,-3.33066907387547E-16,-3.05311331771918E-16));
#5181=CARTESIAN_POINT('',(0.,0.,0.));
#5182=CARTESIAN_POINT('Origin',(-18.1461359901663,-20.9560409493476,20.9786360178494));
#5183=CARTESIAN_POINT('',(-20.9461359901663,-19.4560409493476,20.9786360178494));
#5184=CARTESIAN_POINT('Origin',(-18.1461359901663,-19.4560409493476,20.9786360178494));
#5185=CARTESIAN_POINT('',(-20.9461359901663,-22.4560409493476,20.9786360178494));
#5186=CARTESIAN_POINT('',(-20.9461359901663,-20.9560409493476,20.9786360178494));
#5187=CARTESIAN_POINT('Origin',(-18.1461359901663,-22.4560409493476,20.9786360178494));
#5188=CARTESIAN_POINT('Origin',(-18.1461359901663,-22.4560409493476,20.9786360178494));
#5189=CARTESIAN_POINT('Origin',(-18.1461359901663,-20.9560409493476,5.97863601784935));
#5190=CARTESIAN_POINT('',(-20.9461359901663,-19.4560409493476,5.97863601784935));
#5191=CARTESIAN_POINT('Origin',(-18.1461359901663,-19.4560409493476,5.97863601784935));
#5192=CARTESIAN_POINT('',(-20.9461359901663,-22.4560409493476,5.97863601784935));
#5193=CARTESIAN_POINT('',(-20.9461359901663,-20.9560409493476,5.97863601784935));
#5194=CARTESIAN_POINT('Origin',(-18.1461359901663,-22.4560409493476,5.97863601784935));
#5195=CARTESIAN_POINT('Origin',(-18.1461359901663,-22.4560409493476,5.97863601784935));
#5196=CARTESIAN_POINT('Origin',(-38.1461359901663,-26.9560409493476,93.4786360178493));
#5197=CARTESIAN_POINT('',(36.8538640098337,-29.4560409493476,90.9786360178494));
#5198=CARTESIAN_POINT('',(36.8538640098337,-24.4560409493476,95.9786360178493));
#5199=CARTESIAN_POINT('',(36.8538640098337,-29.4560409493476,90.9786360178494));
#5200=CARTESIAN_POINT('',(-23.1461359901662,-24.4560409493476,95.9786360178493));
#5201=CARTESIAN_POINT('',(-38.1461359901663,-24.4560409493476,95.9786360178493));
#5202=CARTESIAN_POINT('',(-23.1461359901662,-29.4560409493476,90.9786360178493));
#5203=CARTESIAN_POINT('',(-23.1461359901662,-24.4560409493476,95.9786360178493));
#5204=CARTESIAN_POINT('',(-38.1461359901663,-29.4560409493476,90.9786360178493));
#5205=CARTESIAN_POINT('Origin',(36.8538640098338,-26.9560409493476,35.9786360178493));
#5206=CARTESIAN_POINT('',(91.8538640098338,-29.4560409493475,35.9786360178493));
#5207=CARTESIAN_POINT('',(96.8538640098338,-24.4560409493475,35.9786360178493));
#5208=CARTESIAN_POINT('',(91.8538640098338,-29.4560409493475,35.9786360178493));
#5209=CARTESIAN_POINT('Origin',(36.8538640098338,-24.4560409493476,35.9786360178493));
#5210=CARTESIAN_POINT('Origin',(36.8538640098338,-29.4560409493476,35.9786360178493));
#5211=CARTESIAN_POINT('Origin',(94.3538640098338,-26.9560409493475,50.9786360178494));
#5212=CARTESIAN_POINT('',(91.8538640098338,-29.4560409493475,-24.0213639821506));
#5213=CARTESIAN_POINT('',(96.8538640098338,-24.4560409493475,-24.0213639821506));
#5214=CARTESIAN_POINT('',(91.8538640098338,-29.4560409493475,-24.0213639821506));
#5215=CARTESIAN_POINT('',(96.8538640098338,-24.4560409493475,50.9786360178494));
#5216=CARTESIAN_POINT('',(91.8538640098338,-29.4560409493475,50.9786360178494));
#5217=CARTESIAN_POINT('Origin',(36.8538640098338,-26.9560409493475,-24.0213639821506));
#5218=CARTESIAN_POINT('',(36.8538640098338,-29.4560409493475,-79.0213639821506));
#5219=CARTESIAN_POINT('',(36.8538640098338,-24.4560409493475,-84.0213639821506));
#5220=CARTESIAN_POINT('',(36.8538640098338,-29.4560409493475,-79.0213639821506));
#5221=CARTESIAN_POINT('Origin',(36.8538640098338,-24.4560409493475,-24.0213639821506));
#5222=CARTESIAN_POINT('Origin',(36.8538640098338,-29.4560409493475,-24.0213639821506));
#5223=CARTESIAN_POINT('Origin',(51.8538640098338,-26.9560409493475,-81.5213639821506));
#5224=CARTESIAN_POINT('',(-23.1461359901662,-29.4560409493476,-79.0213639821507));
#5225=CARTESIAN_POINT('',(-23.1461359901662,-24.4560409493476,-84.0213639821506));
#5226=CARTESIAN_POINT('',(-23.1461359901662,-29.4560409493476,-79.0213639821507));
#5227=CARTESIAN_POINT('',(51.8538640098338,-24.4560409493475,-84.0213639821506));
#5228=CARTESIAN_POINT('',(51.8538640098338,-29.4560409493475,-79.0213639821506));
#5229=CARTESIAN_POINT('Origin',(-23.1461359901662,-26.9560409493476,-24.0213639821506));
#5230=CARTESIAN_POINT('',(-78.1461359901662,-29.4560409493476,-24.0213639821506));
#5231=CARTESIAN_POINT('',(-83.1461359901662,-24.4560409493476,-24.0213639821506));
#5232=CARTESIAN_POINT('',(-78.1461359901662,-29.4560409493476,-24.0213639821506));
#5233=CARTESIAN_POINT('Origin',(-23.1461359901662,-24.4560409493476,-24.0213639821506));
#5234=CARTESIAN_POINT('Origin',(-23.1461359901662,-29.4560409493476,-24.0213639821506));
#5235=CARTESIAN_POINT('Origin',(-80.6461359901662,-26.9560409493476,-39.0213639821507));
#5236=CARTESIAN_POINT('',(-78.1461359901662,-29.4560409493476,35.9786360178493));
#5237=CARTESIAN_POINT('',(-83.1461359901662,-24.4560409493476,35.9786360178493));
#5238=CARTESIAN_POINT('',(-78.1461359901662,-29.4560409493476,35.9786360178493));
#5239=CARTESIAN_POINT('',(-83.1461359901662,-24.4560409493476,-39.0213639821507));
#5240=CARTESIAN_POINT('',(-78.1461359901662,-29.4560409493476,-39.0213639821507));
#5241=CARTESIAN_POINT('Origin',(-23.1461359901662,-26.9560409493476,35.9786360178493));
#5242=CARTESIAN_POINT('Origin',(-23.1461359901662,-24.4560409493476,35.9786360178493));
#5243=CARTESIAN_POINT('Origin',(-23.1461359901662,-29.4560409493476,35.9786360178493));
#5244=CARTESIAN_POINT('Origin',(-23.1461359901662,-29.4560409493476,-24.0213639821506));
#5245=CARTESIAN_POINT('',(-83.1461359901662,-19.4560409493476,-24.0213639821506));
#5246=CARTESIAN_POINT('',(-83.1461359901662,-29.4560409493476,-24.0213639821506));
#5247=CARTESIAN_POINT('',(-23.1461359901662,-19.4560409493476,-84.0213639821506));
#5248=CARTESIAN_POINT('Origin',(-23.1461359901662,-19.4560409493476,-24.0213639821506));
#5249=CARTESIAN_POINT('',(-23.1461359901662,-29.4560409493476,-84.0213639821506));
#5250=CARTESIAN_POINT('Origin',(-83.1461359901662,-29.4560409493476,-84.0213639821507));
#5251=CARTESIAN_POINT('',(-83.1461359901662,-19.4560409493476,35.9786360178493));
#5252=CARTESIAN_POINT('',(-83.1461359901662,-29.4560409493476,35.9786360178493));
#5253=CARTESIAN_POINT('',(-83.1461359901662,-19.4560409493476,31.6866826074559));
#5254=CARTESIAN_POINT('',(-83.1461359901662,-19.4560409493476,-84.0213639821507));
#5255=CARTESIAN_POINT('',(-83.146135990167,-17.4560409493476,29.6866826074559));
#5256=CARTESIAN_POINT('Origin',(-83.1461359901662,-17.4560409493476,31.6866826074559));
#5257=CARTESIAN_POINT('',(-83.146135990167,-4.45604094934759,29.6866826074559));
#5258=CARTESIAN_POINT('',(-83.146135990167,-19.4560409493476,29.6866826074559));
#5259=CARTESIAN_POINT('',(-83.146135990167,0.543959050652421,24.6866826074559));
#5260=CARTESIAN_POINT('Origin',(-83.1461359901662,-4.45604094934758,24.6866826074559));
#5261=CARTESIAN_POINT('',(-83.146135990167,0.543959050652423,23.6866826074559));
#5262=CARTESIAN_POINT('',(-83.146135990167,0.54395905065241,29.6866826074559));
#5263=CARTESIAN_POINT('',(-83.146135990167,-1.45604094934757,21.6866826074559));
#5264=CARTESIAN_POINT('Origin',(-83.1461359901662,-1.45604094934758,23.6866826074559));
#5265=CARTESIAN_POINT('',(-83.146135990167,-14.4560409493476,21.6866826074559));
#5266=CARTESIAN_POINT('',(-83.146135990167,0.543959050652427,21.6866826074559));
#5267=CARTESIAN_POINT('',(-83.1461359901662,-19.4560409493476,16.6866826074559));
#5268=CARTESIAN_POINT('Origin',(-83.1461359901663,-14.4560409493476,16.6866826074559));
#5269=CARTESIAN_POINT('',(-83.1461359901662,-19.4560409493476,-4.72941057175725));
#5270=CARTESIAN_POINT('',(-83.1461359901662,-19.4560409493476,-84.0213639821507));
#5271=CARTESIAN_POINT('',(-83.146135990167,-14.4560409493476,-9.72941057175725));
#5272=CARTESIAN_POINT('Origin',(-83.1461359901662,-14.4560409493476,-4.72941057175725));
#5273=CARTESIAN_POINT('',(-83.146135990167,-1.45604094934757,-9.72941057175728));
#5274=CARTESIAN_POINT('',(-83.146135990167,-19.4560409493475,-9.72941057175724));
#5275=CARTESIAN_POINT('',(-83.146135990167,0.543959050652423,-11.7294105717573));
#5276=CARTESIAN_POINT('Origin',(-83.1461359901662,-1.45604094934758,-11.7294105717573));
#5277=CARTESIAN_POINT('',(-83.146135990167,0.543959050652421,-12.7294105717573));
#5278=CARTESIAN_POINT('',(-83.146135990167,0.543959050652427,-9.72941057175729));
#5279=CARTESIAN_POINT('',(-83.146135990167,-4.45604094934759,-17.7294105717573));
#5280=CARTESIAN_POINT('Origin',(-83.1461359901662,-4.45604094934758,-12.7294105717573));
#5281=CARTESIAN_POINT('',(-83.146135990167,-17.4560409493476,-17.7294105717572));
#5282=CARTESIAN_POINT('',(-83.146135990167,0.543959050652409,-17.7294105717573));
#5283=CARTESIAN_POINT('',(-83.1461359901662,-19.4560409493476,-19.7294105717572));
#5284=CARTESIAN_POINT('Origin',(-83.1461359901662,-17.4560409493476,-19.7294105717572));
#5285=CARTESIAN_POINT('',(-83.1461359901662,-19.4560409493476,-84.0213639821507));
#5286=CARTESIAN_POINT('',(-83.146135990167,-17.4560409493624,-15.7294105717583));
#5287=CARTESIAN_POINT('',(-83.146135990167,-3.45604094933752,-15.7294105717673));
#5288=CARTESIAN_POINT('',(-83.146135990167,-19.4560409493475,-15.7294105717571));
#5289=CARTESIAN_POINT('',(-83.146135990167,-3.45604094933624,-11.7294105717459));
#5290=CARTESIAN_POINT('Origin',(-83.1461359901662,-3.45604094933624,-13.7294105717459));
#5291=CARTESIAN_POINT('',(-83.146135990167,-15.4560409493548,-11.7294105717459));
#5292=CARTESIAN_POINT('',(-83.146135990167,-1.45604094933624,-11.7294105717459));
#5293=CARTESIAN_POINT('',(-83.146135990167,-17.4560409493548,-13.7294105717383));
#5294=CARTESIAN_POINT('Origin',(-83.1461359901662,-15.4560409493548,-13.7294105717459));
#5295=CARTESIAN_POINT('',(-83.146135990167,-17.4560409493472,-11.7294105717458));
#5296=CARTESIAN_POINT('',(-83.146135990167,-3.45604094934794,27.6866826074555));
#5297=CARTESIAN_POINT('',(-83.146135990167,-15.4560409493624,27.6866826074555));
#5298=CARTESIAN_POINT('',(-83.146135990167,-1.45604094934793,27.6866826074555));
#5299=CARTESIAN_POINT('',(-83.146135990167,-15.4560409493659,23.686682607481));
#5300=CARTESIAN_POINT('Origin',(-83.1461359901662,-15.4560409493624,25.686682607481));
#5301=CARTESIAN_POINT('',(-83.146135990167,-3.45604094935147,23.6866826074598));
#5302=CARTESIAN_POINT('',(-83.146135990167,-17.4560409493624,23.6866826074846));
#5303=CARTESIAN_POINT('Origin',(-83.1461359901662,-3.45604094934793,25.6866826074555));
#5304=CARTESIAN_POINT('Origin',(-23.1461359901662,-29.4560409493476,35.9786360178493));
#5305=CARTESIAN_POINT('',(-23.1461359901662,-19.4560409493476,95.9786360178493));
#5306=CARTESIAN_POINT('',(-23.1461359901662,-29.4560409493476,95.9786360178493));
#5307=CARTESIAN_POINT('Origin',(-23.1461359901662,-19.4560409493476,35.9786360178493));
#5308=CARTESIAN_POINT('Origin',(-83.1461359901662,-29.4560409493476,95.9786360178493));
#5309=CARTESIAN_POINT('',(36.8538640098338,-19.4560409493476,95.9786360178494));
#5310=CARTESIAN_POINT('',(36.8538640098337,-29.4560409493476,95.9786360178493));
#5311=CARTESIAN_POINT('',(-83.1461359901662,-19.4560409493476,95.9786360178493));
#5312=CARTESIAN_POINT('Origin',(6.85386400983374,-29.4560409493476,5.97863601784935));
#5313=CARTESIAN_POINT('',(17.8538640098337,-29.4560409493475,5.97863601784935));
#5314=CARTESIAN_POINT('Origin',(6.85386400983374,-29.4560409493476,5.97863601784935));
#5315=CARTESIAN_POINT('Origin',(6.85386400983374,-19.4560409493476,5.97863601784935));
#5316=CARTESIAN_POINT('',(96.8538640098338,-19.4560409493475,35.9786360178493));
#5317=CARTESIAN_POINT('Origin',(36.8538640098338,-19.4560409493476,35.9786360178493));
#5318=CARTESIAN_POINT('',(96.8538640098338,-19.4560409493475,31.6866826074559));
#5319=CARTESIAN_POINT('',(96.8538640098338,-19.4560409493475,95.9786360178494));
#5320=CARTESIAN_POINT('',(42.6538640098345,-19.4560409493476,31.6866826074559));
#5321=CARTESIAN_POINT('',(46.8538640098341,-19.4560409493476,31.6866826074559));
#5322=CARTESIAN_POINT('',(42.6538640098345,-19.4560409493476,21.6866826074559));
#5323=CARTESIAN_POINT('',(42.6538640098345,-19.4560409493475,15.8326593126526));
#5324=CARTESIAN_POINT('',(53.4048640098345,-19.4560409493476,21.6866826074559));
#5325=CARTESIAN_POINT('',(46.8538640098341,-19.4560409493475,21.6866826074559));
#5326=CARTESIAN_POINT('',(53.4048640098345,-19.4560409493475,-9.72941057175725));
#5327=CARTESIAN_POINT('',(53.4048640098345,-19.4560409493475,5.97863601784774));
#5328=CARTESIAN_POINT('',(42.6538640098345,-19.4560409493475,-9.72941057175725));
#5329=CARTESIAN_POINT('',(46.8538640098341,-19.4560409493475,-9.72941057175725));
#5330=CARTESIAN_POINT('',(42.6538640098345,-19.4560409493475,-19.7294105717572));
#5331=CARTESIAN_POINT('',(42.6538640098345,-19.4560409493475,-3.87538727695396));
#5332=CARTESIAN_POINT('',(96.8538640098338,-19.4560409493475,-19.7294105717573));
#5333=CARTESIAN_POINT('',(46.8538640098341,-19.4560409493475,-19.7294105717572));
#5334=CARTESIAN_POINT('',(96.8538640098338,-19.4560409493475,-24.0213639821506));
#5335=CARTESIAN_POINT('',(96.8538640098338,-19.4560409493475,95.9786360178494));
#5336=CARTESIAN_POINT('',(36.8538640098338,-19.4560409493475,-84.0213639821506));
#5337=CARTESIAN_POINT('Origin',(36.8538640098338,-19.4560409493475,-24.0213639821506));
#5338=CARTESIAN_POINT('',(96.8538640098338,-19.4560409493475,-84.0213639821506));
#5339=CARTESIAN_POINT('',(-28.9461359901669,-19.4560409493476,-19.7294105717572));
#5340=CARTESIAN_POINT('',(-33.1461359901666,-19.4560409493476,-19.7294105717572));
#5341=CARTESIAN_POINT('',(-28.9461359901669,-19.4560409493475,-9.72941057175724));
#5342=CARTESIAN_POINT('',(-28.9461359901669,-19.4560409493476,-3.87538727695396));
#5343=CARTESIAN_POINT('',(-34.6971359901669,-19.4560409493476,-9.72941057175724));
#5344=CARTESIAN_POINT('',(-33.1461359901666,-19.4560409493476,-9.72941057175724));
#5345=CARTESIAN_POINT('',(-34.6971359901669,-19.4560409493476,21.6866826074559));
#5346=CARTESIAN_POINT('',(-34.6971359901669,-19.4560409493476,5.9786360178509));
#5347=CARTESIAN_POINT('',(-28.9461359901669,-19.4560409493476,21.6866826074559));
#5348=CARTESIAN_POINT('',(-33.1461359901666,-19.4560409493476,21.6866826074559));
#5349=CARTESIAN_POINT('',(-28.9461359901669,-19.4560409493476,31.6866826074559));
#5350=CARTESIAN_POINT('',(-28.9461359901669,-19.4560409493476,15.8326593126526));
#5351=CARTESIAN_POINT('',(-33.1461359901666,-19.4560409493476,31.6866826074559));
#5352=CARTESIAN_POINT('',(-10.4648859901662,-19.4560409493476,-2.75815658849021));
#5353=CARTESIAN_POINT('',(0.170417671767531,-19.4560409493476,-2.75815658849019));
#5354=CARTESIAN_POINT('',(6.85386400983377,-19.4560409493476,-2.75815658849019));
#5355=CARTESIAN_POINT('',(-10.4648859901662,-19.4560409493476,-11.7787232950314));
#5356=CARTESIAN_POINT('',(-10.4648859901662,-19.4560409493476,5.97863601784933));
#5357=CARTESIAN_POINT('',(-4.4648859901662,-19.4560409493476,-20.2640046692699));
#5358=CARTESIAN_POINT('Origin',(-4.4648859901662,-19.4560409493476,-11.7787232950314));
#5359=CARTESIAN_POINT('',(18.1726140098338,-19.4560409493476,-20.2640046692699));
#5360=CARTESIAN_POINT('',(6.85386400983377,-19.4560409493476,-20.2640046692699));
#5361=CARTESIAN_POINT('',(24.1726140098338,-19.4560409493476,-11.7787232950314));
#5362=CARTESIAN_POINT('Origin',(18.1726140098338,-19.4560409493476,-11.7787232950314));
#5363=CARTESIAN_POINT('',(24.1726140098338,-19.4560409493476,-2.75815658849019));
#5364=CARTESIAN_POINT('',(24.1726140098338,-19.4560409493476,5.97863601784935));
#5365=CARTESIAN_POINT('',(13.5373103478999,-19.4560409493476,-2.75815658849019));
#5366=CARTESIAN_POINT('',(6.85386400983377,-19.4560409493476,-2.75815658849019));
#5367=CARTESIAN_POINT('',(17.8538640098337,-19.4560409493475,5.97863601784935));
#5368=CARTESIAN_POINT('Origin',(6.85386400983374,-19.4560409493476,5.97863601784935));
#5369=CARTESIAN_POINT('',(13.5373103478999,-19.4560409493476,14.7154286241889));
#5370=CARTESIAN_POINT('Origin',(6.85386400983374,-19.4560409493476,5.97863601784935));
#5371=CARTESIAN_POINT('',(24.1726140098338,-19.4560409493476,14.7154286241889));
#5372=CARTESIAN_POINT('',(6.85386400983376,-19.4560409493476,14.7154286241889));
#5373=CARTESIAN_POINT('',(24.1726140098338,-19.4560409493476,23.7359953307301));
#5374=CARTESIAN_POINT('',(24.1726140098338,-19.4560409493476,5.97863601784935));
#5375=CARTESIAN_POINT('',(18.1726140098338,-19.4560409493476,32.2212767049686));
#5376=CARTESIAN_POINT('Origin',(18.1726140098338,-19.4560409493476,23.73599533073));
#5377=CARTESIAN_POINT('',(-4.46488599016622,-19.4560409493476,32.2212767049686));
#5378=CARTESIAN_POINT('',(6.85386400983376,-19.4560409493476,32.2212767049686));
#5379=CARTESIAN_POINT('',(-10.4648859901662,-19.4560409493476,23.73599533073));
#5380=CARTESIAN_POINT('Origin',(-4.46488599016622,-19.4560409493476,23.73599533073));
#5381=CARTESIAN_POINT('',(-10.4648859901662,-19.4560409493476,14.7154286241889));
#5382=CARTESIAN_POINT('',(-10.4648859901662,-19.4560409493476,5.97863601784933));
#5383=CARTESIAN_POINT('',(0.170417671767513,-19.4560409493476,14.7154286241889));
#5384=CARTESIAN_POINT('',(6.85386400983376,-19.4560409493476,14.7154286241889));
#5385=CARTESIAN_POINT('Origin',(6.85386400983374,-19.4560409493476,5.97863601784935));
#5386=CARTESIAN_POINT('Origin',(36.8538640098338,-29.4560409493476,35.9786360178493));
#5387=CARTESIAN_POINT('',(96.8538640098338,-29.4560409493475,35.9786360178493));
#5388=CARTESIAN_POINT('Origin',(96.8538640098338,-29.4560409493475,95.9786360178494));
#5389=CARTESIAN_POINT('',(96.8538640098338,-29.4560409493475,-24.0213639821506));
#5390=CARTESIAN_POINT('',(96.8538640098345,-17.4560409493475,-17.7294105717573));
#5391=CARTESIAN_POINT('Origin',(96.8538640098338,-17.4560409493475,-19.7294105717573));
#5392=CARTESIAN_POINT('',(96.8538640098345,-4.45604094934753,-17.7294105717573));
#5393=CARTESIAN_POINT('',(96.8538640098345,0.543959050652469,-17.7294105717573));
#5394=CARTESIAN_POINT('',(96.8538640098345,0.54395905065248,-12.7294105717573));
#5395=CARTESIAN_POINT('Origin',(96.8538640098345,-4.45604094934752,-12.7294105717573));
#5396=CARTESIAN_POINT('',(96.8538640098345,0.543959050652483,-11.7294105717573));
#5397=CARTESIAN_POINT('',(96.8538640098345,0.543959050652487,-9.7294105717573));
#5398=CARTESIAN_POINT('',(96.8538640098345,-1.45604094934751,-9.7294105717573));
#5399=CARTESIAN_POINT('Origin',(96.8538640098337,-1.45604094934752,-11.7294105717573));
#5400=CARTESIAN_POINT('',(96.8538640098345,-14.4560409493475,-9.72941057175727));
#5401=CARTESIAN_POINT('',(96.8538640098345,-19.4560409493474,-9.72941057175726));
#5402=CARTESIAN_POINT('',(96.8538640098338,-19.4560409493475,-4.72941057175728));
#5403=CARTESIAN_POINT('Origin',(96.8538640098338,-14.4560409493475,-4.72941057175727));
#5404=CARTESIAN_POINT('',(96.8538640098338,-19.4560409493475,16.6866826074559));
#5405=CARTESIAN_POINT('',(96.8538640098338,-19.4560409493475,95.9786360178494));
#5406=CARTESIAN_POINT('',(96.8538640098345,-14.4560409493475,21.6866826074559));
#5407=CARTESIAN_POINT('Origin',(96.8538640098338,-14.4560409493475,16.6866826074559));
#5408=CARTESIAN_POINT('',(96.8538640098345,-1.45604094934751,21.6866826074559));
#5409=CARTESIAN_POINT('',(96.8538640098345,0.543959050652487,21.6866826074559));
#5410=CARTESIAN_POINT('',(96.8538640098345,0.543959050652483,23.6866826074559));
#5411=CARTESIAN_POINT('Origin',(96.8538640098337,-1.45604094934752,23.6866826074559));
#5412=CARTESIAN_POINT('',(96.8538640098345,0.54395905065248,24.6866826074559));
#5413=CARTESIAN_POINT('',(96.8538640098345,0.543959050652469,29.6866826074559));
#5414=CARTESIAN_POINT('',(96.8538640098345,-4.45604094934753,29.6866826074559));
#5415=CARTESIAN_POINT('Origin',(96.8538640098345,-4.45604094934752,24.6866826074559));
#5416=CARTESIAN_POINT('',(96.8538640098345,-17.4560409493475,29.6866826074559));
#5417=CARTESIAN_POINT('',(96.8538640098345,-19.4560409493475,29.6866826074559));
#5418=CARTESIAN_POINT('Origin',(96.8538640098338,-17.4560409493475,31.6866826074559));
#5419=CARTESIAN_POINT('',(96.8538640098345,-17.4560409493624,-15.7294105717583));
#5420=CARTESIAN_POINT('',(96.8538640098345,-3.45604094933746,-15.7294105717674));
#5421=CARTESIAN_POINT('',(96.8538640098345,-19.4560409493474,-15.7294105717571));
#5422=CARTESIAN_POINT('',(96.8538640098345,-17.4560409493548,-13.7294105717383));
#5423=CARTESIAN_POINT('',(96.8538640098345,-17.4560409493472,-11.7294105717459));
#5424=CARTESIAN_POINT('',(96.8538640098345,-15.4560409493548,-11.7294105717459));
#5425=CARTESIAN_POINT('Origin',(96.8538640098337,-15.4560409493548,-13.7294105717459));
#5426=CARTESIAN_POINT('',(96.8538640098345,-3.45604094933618,-11.729410571746));
#5427=CARTESIAN_POINT('',(96.8538640098345,-1.45604094933618,-11.729410571746));
#5428=CARTESIAN_POINT('Origin',(96.8538640098337,-3.45604094933618,-13.7294105717674));
#5429=CARTESIAN_POINT('',(96.8538640098345,-15.4560409493659,23.686682607481));
#5430=CARTESIAN_POINT('',(96.8538640098345,-3.45604094935141,23.6866826074598));
#5431=CARTESIAN_POINT('',(96.8538640098345,-17.4560409493623,23.6866826074845));
#5432=CARTESIAN_POINT('',(96.8538640098345,-15.4560409493624,27.6866826074554));
#5433=CARTESIAN_POINT('Origin',(96.8538640098338,-15.4560409493623,25.6866826074554));
#5434=CARTESIAN_POINT('',(96.8538640098345,-3.45604094934788,27.6866826074555));
#5435=CARTESIAN_POINT('',(96.8538640098345,-1.45604094934787,27.6866826074555));
#5436=CARTESIAN_POINT('Origin',(96.8538640098337,-3.45604094934787,25.6866826074598));
#5437=CARTESIAN_POINT('Origin',(36.8538640098338,-29.4560409493475,-24.0213639821506));
#5438=CARTESIAN_POINT('',(36.8538640098338,-29.4560409493475,-84.0213639821506));
#5439=CARTESIAN_POINT('Origin',(-78.146135990167,-1.45604094934756,-4.72941057175728));
#5440=CARTESIAN_POINT('',(-78.146135990167,0.543959050652423,-11.7294105717573));
#5441=CARTESIAN_POINT('',(-78.146135990167,-1.45604094934757,-9.72941057175728));
#5442=CARTESIAN_POINT('Origin',(-78.146135990167,-1.45604094934758,-11.7294105717573));
#5443=CARTESIAN_POINT('',(-73.146135990167,-1.45604094934756,-4.72941057175728));
#5444=CARTESIAN_POINT('Origin',(-78.146135990167,-1.45604094934756,-4.72941057175728));
#5445=CARTESIAN_POINT('',(-73.146135990167,0.543959050652428,-9.62839005732364));
#5446=CARTESIAN_POINT('Ctrl Pts',(-73.146135990167,0.543959050652428,-9.62839005732364));
#5447=CARTESIAN_POINT('Ctrl Pts',(-73.146135990167,0.543959050652428,-9.31351751356495));
#5448=CARTESIAN_POINT('Ctrl Pts',(-73.146135990167,0.505294434275074,-8.9712029489194));
#5449=CARTESIAN_POINT('Ctrl Pts',(-73.146135990167,0.361780668115968,-8.29901805952134));
#5450=CARTESIAN_POINT('Ctrl Pts',(-73.146135990167,0.257785885747518,-7.96896560823095));
#5451=CARTESIAN_POINT('Ctrl Pts',(-73.146135990167,-0.226907804131371,-6.69077411493489));
#5452=CARTESIAN_POINT('Ctrl Pts',(-73.146135990167,-0.893652730815889,-5.61862442165959));
#5453=CARTESIAN_POINT('Ctrl Pts',(-73.146135990167,-1.45604094934756,-4.72941057175728));
#5454=CARTESIAN_POINT('Origin',(-78.146135990167,0.543959050652438,-4.72941057175729));
#5455=CARTESIAN_POINT('Origin',(-73.146135990167,-1.45604094934758,-11.7294105717573));
#5456=CARTESIAN_POINT('',(-73.146135990167,-1.45604094934757,-9.72941057175728));
#5457=CARTESIAN_POINT('',(-73.146135990167,0.543959050652423,-11.7294105717573));
#5458=CARTESIAN_POINT('Origin',(-78.146135990167,-15.7270165497835,-4.72941057175725));
#5459=CARTESIAN_POINT('',(-78.146135990167,-14.4560409493476,-9.72941057175725));
#5460=CARTESIAN_POINT('',(-78.146135990167,-15.7270165497835,-9.72941057175725));
#5461=CARTESIAN_POINT('',(-73.146135990167,-19.4560409493476,-4.72941057175724));
#5462=CARTESIAN_POINT('Origin',(-78.146135990167,-14.4560409493476,-4.72941057175725));
#5463=CARTESIAN_POINT('',(-73.146135990167,-15.7270165497835,-4.72941057175725));
#5464=CARTESIAN_POINT('Origin',(-73.146135990167,-19.4560409493475,-9.72941057175724));
#5465=CARTESIAN_POINT('',(-33.1461359901666,-14.4560409493476,-9.72941057175725));
#5466=CARTESIAN_POINT('Origin',(-73.146135990167,-1.45604094934758,23.6866826074559));
#5467=CARTESIAN_POINT('',(-78.146135990167,0.543959050652423,23.6866826074559));
#5468=CARTESIAN_POINT('',(-73.146135990167,0.543959050652423,23.6866826074559));
#5469=CARTESIAN_POINT('',(-78.146135990167,-1.45604094934757,21.6866826074559));
#5470=CARTESIAN_POINT('Origin',(-78.146135990167,-1.45604094934758,23.6866826074559));
#5471=CARTESIAN_POINT('',(-73.146135990167,-1.45604094934757,21.6866826074559));
#5472=CARTESIAN_POINT('Origin',(-78.146135990167,-1.45604094934757,16.6866826074559));
#5473=CARTESIAN_POINT('',(-73.146135990167,0.543959050652427,21.5856620930223));
#5474=CARTESIAN_POINT('',(-73.146135990167,-1.45604094934757,16.6866826074559));
#5475=CARTESIAN_POINT('Ctrl Pts',(-73.146135990167,-1.45604094934757,16.6866826074559));
#5476=CARTESIAN_POINT('Ctrl Pts',(-73.146135990167,-0.893652730815892,17.5758964573582));
#5477=CARTESIAN_POINT('Ctrl Pts',(-73.146135990167,-0.226907804131373,18.6480461506335));
#5478=CARTESIAN_POINT('Ctrl Pts',(-73.146135990167,0.257785885747515,19.9262376439296));
#5479=CARTESIAN_POINT('Ctrl Pts',(-73.146135990167,0.361780668115965,20.25629009522));
#5480=CARTESIAN_POINT('Ctrl Pts',(-73.146135990167,0.50529443427507,20.928474984618));
#5481=CARTESIAN_POINT('Ctrl Pts',(-73.146135990167,0.543959050652426,21.2707895492636));
#5482=CARTESIAN_POINT('Ctrl Pts',(-73.146135990167,0.543959050652425,21.5856620930223));
#5483=CARTESIAN_POINT('Origin',(-78.146135990167,-1.45604094934757,16.6866826074559));
#5484=CARTESIAN_POINT('Origin',(-78.146135990167,0.543959050652438,16.6866826074559));
#5485=CARTESIAN_POINT('Origin',(-73.146135990167,0.543959050652409,29.6866826074559));
#5486=CARTESIAN_POINT('',(-28.9461359901669,0.54395905065242,24.6866826074559));
#5487=CARTESIAN_POINT('',(-73.146135990167,0.543959050652421,24.6866826074559));
#5488=CARTESIAN_POINT('',(-28.9461359901669,0.543959050652426,21.6866826074559));
#5489=CARTESIAN_POINT('',(-28.9461359901669,0.543959050652409,29.6866826074559));
#5490=CARTESIAN_POINT('',(-34.8075297631285,0.543959050652427,21.6866826074559));
#5491=CARTESIAN_POINT('',(-73.146135990167,0.543959050652427,21.6866826074559));
#5492=CARTESIAN_POINT('',(-39.697758090167,0.543959050652436,17.7286360178495));
#5493=CARTESIAN_POINT('Origin',(-34.8075297631285,0.543959050652454,16.6866826074559));
#5494=CARTESIAN_POINT('',(-39.697758090167,0.543959050652422,23.7286360178496));
#5495=CARTESIAN_POINT('',(-39.697758090167,0.543959050652418,25.7076593126527));
#5496=CARTESIAN_POINT('',(-73.146135990167,0.543959050652423,23.7286360178496));
#5497=CARTESIAN_POINT('',(-64.784041515167,0.543959050652423,23.7286360178496));
#5498=CARTESIAN_POINT('',(-73.146135990167,0.543959050652418,25.7076593126528));
#5499=CARTESIAN_POINT('Origin',(-73.146135990167,0.543959050652427,21.6866826074559));
#5500=CARTESIAN_POINT('',(-78.146135990167,-14.4560409493476,21.6866826074559));
#5501=CARTESIAN_POINT('',(-78.146135990167,-5.72701654978352,21.6866826074559));
#5502=CARTESIAN_POINT('',(-33.1461359901666,-14.4560409493476,21.6866826074559));
#5503=CARTESIAN_POINT('Origin',(91.8538640098345,-1.45604094934752,16.6866826074559));
#5504=CARTESIAN_POINT('',(91.8538640098345,0.543959050652479,23.6866826074559));
#5505=CARTESIAN_POINT('',(91.8538640098345,-1.45604094934753,21.6866826074559));
#5506=CARTESIAN_POINT('Origin',(91.8538640098345,-1.45604094934753,23.6866826074559));
#5507=CARTESIAN_POINT('',(86.8538640098345,-1.45604094934752,16.6866826074559));
#5508=CARTESIAN_POINT('Origin',(91.8538640098345,-1.45604094934752,16.6866826074559));
#5509=CARTESIAN_POINT('',(86.8538640098345,0.54395905065248,21.5856620930223));
#5510=CARTESIAN_POINT('Ctrl Pts',(86.8538640098345,0.543959050652468,21.5856620930223));
#5511=CARTESIAN_POINT('Ctrl Pts',(86.8538640098345,0.543959050652469,21.2707895492636));
#5512=CARTESIAN_POINT('Ctrl Pts',(86.8538640098345,0.505294434275117,20.928474984618));
#5513=CARTESIAN_POINT('Ctrl Pts',(86.8538640098345,0.361780668116007,20.25629009522));
#5514=CARTESIAN_POINT('Ctrl Pts',(86.8538640098345,0.257785885747558,19.9262376439296));
#5515=CARTESIAN_POINT('Ctrl Pts',(86.8538640098345,-0.22690780413133,18.6480461506335));
#5516=CARTESIAN_POINT('Ctrl Pts',(86.8538640098345,-0.893652730815848,17.5758964573582));
#5517=CARTESIAN_POINT('Ctrl Pts',(86.8538640098345,-1.45604094934752,16.6866826074559));
#5518=CARTESIAN_POINT('Origin',(91.8538640098345,0.543959050652495,16.6866826074559));
#5519=CARTESIAN_POINT('Origin',(86.8538640098345,-1.45604094934752,23.6866826074559));
#5520=CARTESIAN_POINT('',(86.8538640098345,-1.45604094934752,21.6866826074559));
#5521=CARTESIAN_POINT('',(86.8538640098345,0.543959050652476,23.6866826074559));
#5522=CARTESIAN_POINT('Origin',(86.8538640098345,0.543959050652463,29.6866826074559));
#5523=CARTESIAN_POINT('',(86.8538640098345,0.543959050652476,23.7286360178433));
#5524=CARTESIAN_POINT('',(86.8538640098345,0.543959050652506,9.95765931265246));
#5525=CARTESIAN_POINT('',(53.4048640098345,0.543959050652453,23.7286360178433));
#5526=CARTESIAN_POINT('',(86.8538640098345,0.543959050652476,23.7286360178433));
#5527=CARTESIAN_POINT('',(53.4048640098345,0.543959050652458,21.6866826074559));
#5528=CARTESIAN_POINT('',(53.4048640098345,0.543959050652466,17.832659312651));
#5529=CARTESIAN_POINT('',(42.6538640098345,0.54395905065245,21.6866826074559));
#5530=CARTESIAN_POINT('',(86.8538640098345,0.54395905065248,21.6866826074559));
#5531=CARTESIAN_POINT('',(42.6538640098345,0.543959050652443,24.6866826074559));
#5532=CARTESIAN_POINT('',(42.6538640098345,0.543959050652432,29.6866826074559));
#5533=CARTESIAN_POINT('',(86.8538640098345,0.543959050652474,24.6866826074559));
#5534=CARTESIAN_POINT('Origin',(91.8538640098345,-1.45604094934751,-4.7294105717573));
#5535=CARTESIAN_POINT('',(91.8538640098345,-1.45604094934752,-9.7294105717573));
#5536=CARTESIAN_POINT('',(91.8538640098345,0.543959050652479,-11.7294105717573));
#5537=CARTESIAN_POINT('Origin',(91.8538640098345,-1.45604094934753,-11.7294105717573));
#5538=CARTESIAN_POINT('',(86.8538640098345,0.543959050652481,-9.62839005732366));
#5539=CARTESIAN_POINT('Origin',(91.8538640098345,0.543959050652495,-4.7294105717573));
#5540=CARTESIAN_POINT('',(86.8538640098345,-1.45604094934752,-4.7294105717573));
#5541=CARTESIAN_POINT('Ctrl Pts',(86.8538640098345,-1.45604094934752,-4.7294105717573));
#5542=CARTESIAN_POINT('Ctrl Pts',(86.8538640098345,-0.893652730815844,-5.6186244216596));
#5543=CARTESIAN_POINT('Ctrl Pts',(86.8538640098345,-0.226907804131326,-6.69077411493491));
#5544=CARTESIAN_POINT('Ctrl Pts',(86.8538640098345,0.257785885747563,-7.96896560823096));
#5545=CARTESIAN_POINT('Ctrl Pts',(86.8538640098345,0.361780668116012,-8.29901805952136));
#5546=CARTESIAN_POINT('Ctrl Pts',(86.8538640098345,0.505294434275122,-8.97120294891941));
#5547=CARTESIAN_POINT('Ctrl Pts',(86.8538640098345,0.543959050652473,-9.31351751356496));
#5548=CARTESIAN_POINT('Ctrl Pts',(86.8538640098345,0.543959050652472,-9.62839005732366));
#5549=CARTESIAN_POINT('Origin',(91.8538640098345,-1.45604094934751,-4.7294105717573));
#5550=CARTESIAN_POINT('Origin',(86.8538640098345,-1.45604094934752,-11.7294105717573));
#5551=CARTESIAN_POINT('',(86.8538640098345,0.543959050652476,-11.7294105717573));
#5552=CARTESIAN_POINT('',(86.8538640098345,-1.45604094934752,-9.7294105717573));
#5553=CARTESIAN_POINT('Origin',(86.8538640098345,-19.4560409493474,-9.72941057175726));
#5554=CARTESIAN_POINT('',(91.8538640098345,-14.4560409493475,-9.72941057175727));
#5555=CARTESIAN_POINT('',(91.8538640098345,-15.7270165497833,-9.72941057175726));
#5556=CARTESIAN_POINT('',(46.8538640098341,-14.4560409493476,-9.72941057175726));
#5557=CARTESIAN_POINT('Origin',(91.8538640098345,-15.7270165497833,-4.72941057175727));
#5558=CARTESIAN_POINT('',(86.8538640098345,-19.4560409493475,-4.72941057175727));
#5559=CARTESIAN_POINT('',(86.8538640098345,-15.7270165497833,-4.72941057175726));
#5560=CARTESIAN_POINT('Origin',(91.8538640098345,-14.4560409493475,-4.72941057175727));
#5561=CARTESIAN_POINT('Origin',(86.8538640098345,14.5439590506525,22.7286360178433));
#5562=CARTESIAN_POINT('',(53.4048640098345,28.5439590506525,21.7286360178433));
#5563=CARTESIAN_POINT('',(53.4048640098345,8.81177526451935,23.1380777168528));
#5564=CARTESIAN_POINT('',(86.8538640098345,28.5439590506525,21.7286360178433));
#5565=CARTESIAN_POINT('',(86.8538640098345,2.49517114361967,23.5892637254885));
#5566=CARTESIAN_POINT('',(86.8538640098345,28.5439590506525,21.7286360178433));
#5567=CARTESIAN_POINT('Origin',(78.4917695348345,14.5439590506525,-10.771363982151));
#5568=CARTESIAN_POINT('',(86.8538640098345,28.5439590506525,-9.77136398215094));
#5569=CARTESIAN_POINT('',(86.8538640098345,0.543959050652477,-11.771363982151));
#5570=CARTESIAN_POINT('',(86.8538640098345,1.37588180351838,-11.7119409283749));
#5571=CARTESIAN_POINT('',(53.4054861098345,0.543959050652455,-11.771363982151));
#5572=CARTESIAN_POINT('',(78.4917695348345,0.543959050652472,-11.771363982151));
#5573=CARTESIAN_POINT('',(53.4054861098346,28.5439590506525,-9.77136398215094));
#5574=CARTESIAN_POINT('',(53.4054861098346,21.7718208898128,-10.2550881364966));
#5575=CARTESIAN_POINT('',(78.4917695348345,28.5439590506525,-9.77136398215094));
#5576=CARTESIAN_POINT('Origin',(86.8538640098345,0.543959050652481,-9.7294105717573));
#5577=CARTESIAN_POINT('',(42.6538640098345,0.543959050652444,-12.7294105717573));
#5578=CARTESIAN_POINT('',(86.8538640098345,0.543959050652474,-12.7294105717573));
#5579=CARTESIAN_POINT('',(42.6538640098345,0.543959050652451,-9.72941057175729));
#5580=CARTESIAN_POINT('',(42.6538640098345,0.543959050652451,-9.72941057175729));
#5581=CARTESIAN_POINT('',(53.4054861098345,0.543959050652458,-9.72941057175729));
#5582=CARTESIAN_POINT('',(86.8538640098345,0.54395905065248,-9.7294105717573));
#5583=CARTESIAN_POINT('',(53.4054861098345,0.543959050652458,-9.75038727695409));
#5584=CARTESIAN_POINT('',(86.8538640098345,0.543959050652481,-9.75038727695417));
#5585=CARTESIAN_POINT('Origin',(-73.1461359901669,14.5439590506524,-10.7713639821447));
#5586=CARTESIAN_POINT('',(-39.6971359901669,28.5439590506524,-9.7713639821447));
#5587=CARTESIAN_POINT('',(-39.6971359901669,0.543959050652423,-11.7713639821447));
#5588=CARTESIAN_POINT('',(-39.6971359901669,8.81177526451913,-11.1808056811542));
#5589=CARTESIAN_POINT('',(-73.146135990167,0.543959050652423,-11.7713639821447));
#5590=CARTESIAN_POINT('',(-73.1461359901669,0.543959050652423,-11.7713639821447));
#5591=CARTESIAN_POINT('',(-73.1461359901669,28.5439590506524,-9.77136398214471));
#5592=CARTESIAN_POINT('',(-73.146135990167,2.49517114361949,-11.6319916897899));
#5593=CARTESIAN_POINT('',(-73.1461359901669,28.5439590506524,-9.77136398214471));
#5594=CARTESIAN_POINT('Origin',(-73.146135990167,0.543959050652427,-9.72941057175729));
#5595=CARTESIAN_POINT('',(-73.146135990167,0.543959050652463,5.99961272304614));
#5596=CARTESIAN_POINT('',(-39.6971359901669,0.543959050652427,-9.72941057175729));
#5597=CARTESIAN_POINT('',(-39.6971359901669,0.543959050652445,-1.87538727695241));
#5598=CARTESIAN_POINT('',(-28.9461359901669,0.543959050652427,-9.72941057175728));
#5599=CARTESIAN_POINT('',(-73.146135990167,0.543959050652427,-9.72941057175729));
#5600=CARTESIAN_POINT('',(-28.9461359901669,0.543959050652421,-12.7294105717573));
#5601=CARTESIAN_POINT('',(-28.9461359901669,0.543959050652427,-9.72941057175728));
#5602=CARTESIAN_POINT('',(-73.146135990167,0.543959050652421,-12.7294105717573));
#5603=CARTESIAN_POINT('Origin',(-64.784041515167,14.5439590506524,22.7286360178496));
#5604=CARTESIAN_POINT('',(-73.1461359901669,28.5439590506524,21.7286360178495));
#5605=CARTESIAN_POINT('',(-73.146135990167,1.37588180351819,23.6692129640734));
#5606=CARTESIAN_POINT('',(-39.697758090167,28.5439590506524,21.7286360178495));
#5607=CARTESIAN_POINT('',(-39.697758090167,21.7718208898126,22.2123601721953));
#5608=CARTESIAN_POINT('',(-64.784041515167,28.5439590506524,21.7286360178495));
#5609=CARTESIAN_POINT('Origin',(-33.1461359901666,-17.4560409493476,31.6866826074559));
#5610=CARTESIAN_POINT('',(-28.9461359901669,-17.4560409493476,29.6866826074559));
#5611=CARTESIAN_POINT('Origin',(-28.9461359901669,-17.4560409493476,31.6866826074559));
#5612=CARTESIAN_POINT('',(-33.1461359901666,-17.4560409493476,29.6866826074559));
#5613=CARTESIAN_POINT('Origin',(-73.146135990167,-19.4560409493476,29.6866826074559));
#5614=CARTESIAN_POINT('',(-28.9461359901669,-4.45604094934759,29.6866826074559));
#5615=CARTESIAN_POINT('',(-28.9461359901669,-19.4560409493476,29.6866826074559));
#5616=CARTESIAN_POINT('',(-73.146135990167,-4.45604094934759,29.6866826074559));
#5617=CARTESIAN_POINT('Origin',(46.8538640098341,-17.4560409493476,31.6866826074559));
#5618=CARTESIAN_POINT('',(42.6538640098345,-17.4560409493475,29.6866826074559));
#5619=CARTESIAN_POINT('Origin',(42.6538640098345,-17.4560409493476,31.6866826074559));
#5620=CARTESIAN_POINT('',(46.8538640098341,-17.4560409493475,29.6866826074559));
#5621=CARTESIAN_POINT('Origin',(46.8538640098341,-14.4560409493475,16.6866826074559));
#5622=CARTESIAN_POINT('',(91.8538640098345,-14.4560409493475,21.6866826074559));
#5623=CARTESIAN_POINT('',(46.8538640098341,-14.4560409493476,21.6866826074559));
#5624=CARTESIAN_POINT('',(86.8538640098345,-19.4560409493475,16.6866826074559));
#5625=CARTESIAN_POINT('',(46.8538640098341,-19.4560409493475,16.6866826074559));
#5626=CARTESIAN_POINT('Origin',(91.8538640098345,-14.4560409493475,16.6866826074559));
#5627=CARTESIAN_POINT('Origin',(91.8538640098345,-5.72701654978335,16.6866826074559));
#5628=CARTESIAN_POINT('',(91.8538640098345,-5.72701654978336,21.6866826074559));
#5629=CARTESIAN_POINT('',(86.8538640098345,-5.72701654978334,16.6866826074559));
#5630=CARTESIAN_POINT('Origin',(86.8538640098345,0.54395905065248,21.6866826074559));
#5631=CARTESIAN_POINT('Origin',(46.8538640098341,-14.4560409493475,-4.72941057175726));
#5632=CARTESIAN_POINT('',(46.8538640098341,-19.4560409493475,-4.72941057175726));
#5633=CARTESIAN_POINT('Origin',(6.85386400983374,-19.4560409493476,5.97863601784935));
#5634=CARTESIAN_POINT('',(86.8538640098345,-19.4560409493475,-1.89636398215083));
#5635=CARTESIAN_POINT('Origin',(86.8538640098345,-11.9979921502191,-9.77136398215101));
#5636=CARTESIAN_POINT('',(86.8538640098345,34.0020078497809,-9.77136398215093));
#5637=CARTESIAN_POINT('',(86.8538640098345,-21.9979921502192,-9.77136398215103));
#5638=CARTESIAN_POINT('',(86.8538640098346,39.0020078497809,-4.77136398215092));
#5639=CARTESIAN_POINT('Origin',(86.8538640098346,34.0020078497809,-4.77136398215093));
#5640=CARTESIAN_POINT('',(86.8538640098346,39.0020078497809,16.7286360178433));
#5641=CARTESIAN_POINT('',(86.8538640098346,39.0020078497809,-5.77136398215092));
#5642=CARTESIAN_POINT('',(86.8538640098346,34.0020078497808,21.7286360178433));
#5643=CARTESIAN_POINT('Origin',(86.8538640098346,34.0020078497809,16.7286360178433));
#5644=CARTESIAN_POINT('',(86.8538640098346,39.0020078497808,21.7286360178433));
#5645=CARTESIAN_POINT('',(86.8538640098345,2.5520078497808,16.528636017849));
#5646=CARTESIAN_POINT('Origin',(86.8538640098345,4.5520078497808,16.528636017849));
#5647=CARTESIAN_POINT('',(86.8538640098345,2.55200784978085,-3.97136398215098));
#5648=CARTESIAN_POINT('Origin',(86.8538640098345,4.55200784978085,-3.97136398215098));
#5649=CARTESIAN_POINT('',(86.8538640098346,23.2520078497808,-3.97136398215095));
#5650=CARTESIAN_POINT('Origin',(86.8538640098346,25.2520078497808,-3.97136398215095));
#5651=CARTESIAN_POINT('',(86.8538640098346,23.2520078497808,16.528636017849));
#5652=CARTESIAN_POINT('Origin',(86.8538640098346,25.2520078497808,16.5286360178491));
#5653=CARTESIAN_POINT('',(86.8538640098345,3.62201752207868,-0.871363982150999));
#5654=CARTESIAN_POINT('',(86.8538640098345,-3.15865353615737,-3.52136398215101));
#5655=CARTESIAN_POINT('Origin',(86.8538640098345,-3.15865353615737,6.47863601784899));
#5656=CARTESIAN_POINT('',(86.8538640098345,-3.15865353615739,16.478636017849));
#5657=CARTESIAN_POINT('Origin',(86.8538640098345,-4.38374191290836,6.47863601784898));
#5658=CARTESIAN_POINT('',(86.8538640098345,3.62201752207866,13.828636017849));
#5659=CARTESIAN_POINT('Origin',(86.8538640098345,-3.15865353615737,6.47863601784899));
#5660=CARTESIAN_POINT('',(86.8538640098345,30.8543886934764,13.8286360178491));
#5661=CARTESIAN_POINT('',(86.8538640098345,3.62201752207866,13.828636017849));
#5662=CARTESIAN_POINT('',(86.8538640098345,30.8543886934764,-0.87136398215097));
#5663=CARTESIAN_POINT('',(86.8538640098345,30.8543886934763,15.4286360178491));
#5664=CARTESIAN_POINT('',(86.8538640098345,30.8543886934764,-0.871363982150968));
#5665=CARTESIAN_POINT('Origin',(-33.1461359901666,-14.4560409493476,16.6866826074559));
#5666=CARTESIAN_POINT('',(-73.146135990167,-19.4560409493476,16.6866826074559));
#5667=CARTESIAN_POINT('',(-33.1461359901666,-19.4560409493476,16.6866826074559));
#5668=CARTESIAN_POINT('Origin',(-78.146135990167,-14.4560409493476,16.6866826074559));
#5669=CARTESIAN_POINT('Origin',(-78.146135990167,-5.72701654978351,16.6866826074559));
#5670=CARTESIAN_POINT('',(-73.146135990167,-5.72701654978351,16.6866826074559));
#5671=CARTESIAN_POINT('Origin',(6.85386400983374,-19.4560409493476,5.97863601784935));
#5672=CARTESIAN_POINT('',(-73.146135990167,-19.4560409493476,13.8536360178495));
#5673=CARTESIAN_POINT('',(-33.1461359901666,-19.4560409493476,-4.72941057175725));
#5674=CARTESIAN_POINT('Origin',(-73.146135990167,-11.9979921502195,21.7286360178496));
#5675=CARTESIAN_POINT('',(-73.1461359901669,34.0020078497806,21.7286360178495));
#5676=CARTESIAN_POINT('',(-73.1461359901669,-21.9979921502195,21.7286360178496));
#5677=CARTESIAN_POINT('',(-73.1461359901669,39.0020078497806,16.7286360178495));
#5678=CARTESIAN_POINT('Origin',(-73.146135990167,34.0020078497806,16.7286360178495));
#5679=CARTESIAN_POINT('',(-73.1461359901669,39.0020078497805,-4.77136398214473));
#5680=CARTESIAN_POINT('',(-73.1461359901669,39.0020078497806,17.7286360178495));
#5681=CARTESIAN_POINT('',(-73.1461359901669,34.0020078497805,-9.77136398214471));
#5682=CARTESIAN_POINT('Origin',(-73.146135990167,34.0020078497805,-4.77136398214472));
#5683=CARTESIAN_POINT('',(-73.1461359901669,39.0020078497805,-9.77136398214472));
#5684=CARTESIAN_POINT('',(-73.1461359901669,3.62201752207836,12.8286360178496));
#5685=CARTESIAN_POINT('',(-73.1461359901669,-3.15865353615768,15.4786360178496));
#5686=CARTESIAN_POINT('Origin',(-73.1461359901669,-3.1586535361577,5.4786360178496));
#5687=CARTESIAN_POINT('',(-73.1461359901669,-3.15865353615772,-4.5213639821504));
#5688=CARTESIAN_POINT('Origin',(-73.1461359901669,-4.38374191290869,5.4786360178496));
#5689=CARTESIAN_POINT('',(-73.1461359901669,3.62201752207835,-1.87136398215041));
#5690=CARTESIAN_POINT('Origin',(-73.1461359901669,-3.1586535361577,5.4786360178496));
#5691=CARTESIAN_POINT('',(-73.1461359901669,30.8543886934761,-1.87136398215046));
#5692=CARTESIAN_POINT('',(-73.1461359901669,3.62201752207835,-1.87136398215041));
#5693=CARTESIAN_POINT('',(-73.1461359901669,30.8543886934761,12.8286360178496));
#5694=CARTESIAN_POINT('',(-73.1461359901669,30.854388693476,-3.47136398215047));
#5695=CARTESIAN_POINT('',(-73.1461359901669,30.8543886934761,12.8286360178496));
#5696=CARTESIAN_POINT('',(-73.146135990167,23.2520078497805,-4.57136398215045));
#5697=CARTESIAN_POINT('Origin',(-73.146135990167,25.2520078497805,-4.57136398215046));
#5698=CARTESIAN_POINT('',(-73.146135990167,23.2520078497805,15.9286360178495));
#5699=CARTESIAN_POINT('Origin',(-73.146135990167,25.2520078497805,15.9286360178495));
#5700=CARTESIAN_POINT('',(-73.146135990167,2.55200784978054,15.9286360178496));
#5701=CARTESIAN_POINT('Origin',(-73.146135990167,4.55200784978054,15.9286360178496));
#5702=CARTESIAN_POINT('',(-73.146135990167,2.5520078497805,-4.57136398215043));
#5703=CARTESIAN_POINT('Origin',(-73.146135990167,4.5520078497805,-4.57136398215043));
#5704=CARTESIAN_POINT('Origin',(-33.1461359901666,-14.4560409493476,-4.72941057175725));
#5705=CARTESIAN_POINT('Origin',(-34.8075297631285,29.0020078497805,16.686682607456));
#5706=CARTESIAN_POINT('',(-34.8075297631285,-19.4548221222828,21.6866826074559));
#5707=CARTESIAN_POINT('',(-34.8075297631285,29.0020078497805,21.686682607456));
#5708=CARTESIAN_POINT('',(-39.6971359901669,-14.4560409493476,17.7315514721978));
#5709=CARTESIAN_POINT('Ctrl Pts',(-39.6971359901669,-14.4560409493476,17.7315514721978));
#5710=CARTESIAN_POINT('Ctrl Pts',(-39.6971359901669,-14.7032844546614,17.7315514721978));
#5711=CARTESIAN_POINT('Ctrl Pts',(-39.6809670633064,-14.8987835501276,17.8086612670573));
#5712=CARTESIAN_POINT('Ctrl Pts',(-39.6342952324102,-15.2678704524277,17.994943902518));
#5713=CARTESIAN_POINT('Ctrl Pts',(-39.6027375842629,-15.4388036583543,18.1090682639477));
#5714=CARTESIAN_POINT('Ctrl Pts',(-39.4812233646292,-15.9513671443415,18.4825134102102));
#5715=CARTESIAN_POINT('Ctrl Pts',(-39.3657464577926,-16.2841532924401,18.7691401240698));
#5716=CARTESIAN_POINT('Ctrl Pts',(-38.8837909982769,-17.2886358375208,19.659891175379));
#5717=CARTESIAN_POINT('Ctrl Pts',(-38.3830902988905,-17.9423750674373,20.2821358054866));
#5718=CARTESIAN_POINT('Ctrl Pts',(-37.2668923169124,-18.7782248445282,21.071355210489));
#5719=CARTESIAN_POINT('Ctrl Pts',(-36.7282147120809,-19.0668169246998,21.3439840491059));
#5720=CARTESIAN_POINT('Ctrl Pts',(-35.7088223138153,-19.3727267152283,21.6245353129182));
#5721=CARTESIAN_POINT('Ctrl Pts',(-35.254521177112,-19.4449507022378,21.6866826074559));
#5722=CARTESIAN_POINT('Ctrl Pts',(-34.8075297631285,-19.4548221222828,21.6866826074559));
#5723=CARTESIAN_POINT('',(-39.6971359901669,-11.9979921502195,17.7315514721978));
#5724=CARTESIAN_POINT('',(-39.6971359901669,29.0020078497805,17.731551472198));
#5725=CARTESIAN_POINT('',(-39.697758090167,-11.9979921502194,17.7286360178496));
#5726=CARTESIAN_POINT('Origin',(-34.8075297631285,-11.9979921502195,16.6866826074559));
#5727=CARTESIAN_POINT('',(-39.697758090167,29.0020078497805,17.7286360178495));
#5728=CARTESIAN_POINT('Origin',(-71.1461359901669,-11.9979921502195,17.7286360178496));
#5729=CARTESIAN_POINT('',(-39.6971359901669,-11.9979921502195,17.7286360178496));
#5730=CARTESIAN_POINT('',(-39.6971359901669,-11.9979921502195,17.7286360178496));
#5731=CARTESIAN_POINT('',(-71.1461359901669,-11.9979921502195,17.7286360178496));
#5732=CARTESIAN_POINT('Origin',(-39.6971359901669,1.82467123567042,5.97863601785245));
#5733=CARTESIAN_POINT('',(-39.6971359901669,-14.4560409493476,17.7286360178496));
#5734=CARTESIAN_POINT('',(-39.6971359901669,-14.4560409493476,5.9786360178509));
#5735=CARTESIAN_POINT('',(-39.6971359901669,-15.4560409493481,17.7286360178496));
#5736=CARTESIAN_POINT('Origin',(-34.6971359901669,-14.4560409493476,5.9786360178509));
#5737=CARTESIAN_POINT('Origin',(-34.6971359901669,-14.4560409493476,21.6866826074559));
#5738=CARTESIAN_POINT('',(-39.5961154757332,-15.4560409493482,-5.72941057175784));
#5739=CARTESIAN_POINT('Origin',(-34.6971359901669,-14.4560409493476,-4.72941057175725));
#5740=CARTESIAN_POINT('',(-39.5961154757332,-15.4560409493481,17.7286360178496));
#5741=CARTESIAN_POINT('',(-39.5961154757332,-15.4560409493481,5.9786360178509));
#5742=CARTESIAN_POINT('Origin',(-34.6971359901669,-14.4560409493476,17.7286360178496));
#5743=CARTESIAN_POINT('Origin',(-34.6971359901669,-8.81568485683855,-4.72941057175727));
#5744=CARTESIAN_POINT('',(-34.6971359901669,-15.4560409493482,-9.72941057175725));
#5745=CARTESIAN_POINT('',(-34.6971359901669,-8.81568485683856,-9.72941057175727));
#5746=CARTESIAN_POINT('Origin',(-34.6971359901669,-15.4560409493481,-4.72941057175725));
#5747=CARTESIAN_POINT('Origin',(-73.146135990167,-19.4560409493475,-9.72941057175724));
#5748=CARTESIAN_POINT('',(-39.6971359901669,-15.4560409493482,-9.72941057175725));
#5749=CARTESIAN_POINT('',(-72.146135990167,-15.4560409493481,-9.72941057175725));
#5750=CARTESIAN_POINT('',(-28.9461359901669,-19.4560409493475,-9.72941057175724));
#5751=CARTESIAN_POINT('',(-39.6971359901669,-8.81568485683856,-9.72941057175727));
#5752=CARTESIAN_POINT('Origin',(-39.6971359901669,1.82467123567042,5.97863601785245));
#5753=CARTESIAN_POINT('',(-39.6971359901669,-15.4560409493481,-7.32187423936147));
#5754=CARTESIAN_POINT('',(-39.6971359901669,-15.4560409493481,-0.671619110754498));
#5755=CARTESIAN_POINT('',(-39.6971359901669,29.0020078497917,-9.77136398214471));
#5756=CARTESIAN_POINT('',(-39.6971359901669,-14.4560409493482,-9.77136398214465));
#5757=CARTESIAN_POINT('',(-39.6971359901669,29.0020078497917,-7.32187423936152));
#5758=CARTESIAN_POINT('',(-39.6971359901669,29.0020078497917,-9.77136398214471));
#5759=CARTESIAN_POINT('',(-39.6971359901669,29.0020078497917,-7.32187423936152));
#5760=CARTESIAN_POINT('Origin',(46.8538640098341,-17.4560409493475,-19.7294105717572));
#5761=CARTESIAN_POINT('',(42.6538640098345,-17.4560409493475,-17.7294105717572));
#5762=CARTESIAN_POINT('Origin',(42.6538640098345,-17.4560409493475,-19.7294105717572));
#5763=CARTESIAN_POINT('',(46.8538640098341,-17.4560409493475,-17.7294105717573));
#5764=CARTESIAN_POINT('Origin',(86.8538640098345,0.543959050652463,-17.7294105717573));
#5765=CARTESIAN_POINT('',(42.6538640098345,-4.45604094934757,-17.7294105717573));
#5766=CARTESIAN_POINT('',(42.6538640098345,0.543959050652433,-17.7294105717573));
#5767=CARTESIAN_POINT('',(86.8538640098345,-4.45604094934754,-17.7294105717573));
#5768=CARTESIAN_POINT('Origin',(86.8538640098345,-15.4560409493548,-13.7294105717459));
#5769=CARTESIAN_POINT('',(42.6538640098345,-17.4560409493548,-13.7294105717383));
#5770=CARTESIAN_POINT('',(42.6538640098345,-15.4560409493548,-11.7294105717459));
#5771=CARTESIAN_POINT('Origin',(42.6538640098345,-15.4560409493548,-13.7294105717459));
#5772=CARTESIAN_POINT('',(86.8538640098345,-15.4560409493548,-11.7294105717459));
#5773=CARTESIAN_POINT('',(86.8538640098345,-17.4560409493548,-13.7294105717383));
#5774=CARTESIAN_POINT('Origin',(86.8538640098345,-1.45604094933618,-11.729410571746));
#5775=CARTESIAN_POINT('',(42.6538640098345,-3.45604094933621,-11.7294105717459));
#5776=CARTESIAN_POINT('',(42.6538640098345,-1.45604094933621,-11.7294105717459));
#5777=CARTESIAN_POINT('',(86.8538640098345,-3.45604094933618,-11.729410571746));
#5778=CARTESIAN_POINT('Origin',(86.8538640098345,-3.45604094933619,-13.7294105717674));
#5779=CARTESIAN_POINT('',(42.6538640098345,-3.45604094933749,-15.7294105717673));
#5780=CARTESIAN_POINT('Origin',(42.6538640098345,-3.45604094933622,-13.7294105717459));
#5781=CARTESIAN_POINT('',(86.8538640098345,-3.45604094933746,-15.7294105717674));
#5782=CARTESIAN_POINT('Origin',(86.8538640098345,-17.4560409493624,-15.7294105717584));
#5783=CARTESIAN_POINT('',(42.6538640098345,-17.4560409493624,-15.7294105717583));
#5784=CARTESIAN_POINT('',(42.6538640098345,-19.4560409493474,-15.7294105717571));
#5785=CARTESIAN_POINT('',(86.8538640098345,-17.4560409493624,-15.7294105717583));
#5786=CARTESIAN_POINT('Origin',(86.8538640098345,-17.4560409493624,23.6866826074845));
#5787=CARTESIAN_POINT('',(42.6538640098345,-3.45604094935145,23.6866826074598));
#5788=CARTESIAN_POINT('',(86.8538640098345,-3.45604094935142,23.6866826074598));
#5789=CARTESIAN_POINT('',(42.6538640098345,-15.4560409493659,23.686682607481));
#5790=CARTESIAN_POINT('',(42.6538640098345,-17.4560409493624,23.6866826074846));
#5791=CARTESIAN_POINT('',(86.8538640098345,-15.4560409493659,23.686682607481));
#5792=CARTESIAN_POINT('Origin',(86.8538640098345,-3.45604094934788,25.6866826074555));
#5793=CARTESIAN_POINT('',(42.6538640098345,-3.45604094934792,27.6866826074555));
#5794=CARTESIAN_POINT('',(86.8538640098345,-3.45604094934789,27.6866826074555));
#5795=CARTESIAN_POINT('Origin',(42.6538640098345,-3.45604094934791,25.6866826074555));
#5796=CARTESIAN_POINT('Origin',(86.8538640098345,-1.45604094934788,27.6866826074555));
#5797=CARTESIAN_POINT('',(42.6538640098345,-15.4560409493624,27.6866826074555));
#5798=CARTESIAN_POINT('',(86.8538640098345,-15.4560409493624,27.6866826074554));
#5799=CARTESIAN_POINT('',(42.6538640098345,-1.45604094934791,27.6866826074555));
#5800=CARTESIAN_POINT('Origin',(86.8538640098345,-15.4560409493624,25.6866826074554));
#5801=CARTESIAN_POINT('Origin',(42.6538640098345,-15.4560409493624,25.686682607481));
#5802=CARTESIAN_POINT('Origin',(86.8538640098345,0.54395905065248,21.6866826074559));
#5803=CARTESIAN_POINT('',(53.4048640098345,1.18431514316163,21.6866826074559));
#5804=CARTESIAN_POINT('',(42.6538640098345,0.54395905065245,21.6866826074559));
#5805=CARTESIAN_POINT('Origin',(86.8538640098345,-4.45604094934753,24.6866826074559));
#5806=CARTESIAN_POINT('',(42.6538640098345,-4.45604094934757,29.6866826074559));
#5807=CARTESIAN_POINT('Origin',(42.6538640098345,-4.45604094934756,24.6866826074559));
#5808=CARTESIAN_POINT('',(86.8538640098345,-4.45604094934754,29.6866826074559));
#5809=CARTESIAN_POINT('Origin',(42.6538640098345,-9.45604094934756,25.6866826074559));
#5810=CARTESIAN_POINT('',(42.6538640098345,-19.4560409493476,29.6866826074559));
#5811=CARTESIAN_POINT('Origin',(86.8538640098345,-19.4560409493475,29.6866826074559));
#5812=CARTESIAN_POINT('Origin',(86.8538640098345,-19.4560409493474,-9.72941057175726));
#5813=CARTESIAN_POINT('',(53.4048640098345,-11.9979921502191,-9.72941057175727));
#5814=CARTESIAN_POINT('',(53.4048640098345,-8.81568485683834,-9.72941057175727));
#5815=CARTESIAN_POINT('',(53.4054861098345,-11.9979921502191,-9.72941057175727));
#5816=CARTESIAN_POINT('',(85.8538640098345,-11.9979921502191,-9.72941057175727));
#5817=CARTESIAN_POINT('',(53.4054861098345,4.77298345021676,-9.7294105717573));
#5818=CARTESIAN_POINT('',(42.6538640098345,-19.4560409493475,-9.72941057175725));
#5819=CARTESIAN_POINT('Origin',(86.8538640098345,-4.45604094934753,-12.7294105717573));
#5820=CARTESIAN_POINT('Origin',(42.6538640098345,-4.45604094934756,-12.7294105717573));
#5821=CARTESIAN_POINT('Origin',(42.6538640098345,-9.45604094934756,-13.7294105717573));
#5822=CARTESIAN_POINT('',(42.6538640098345,-17.4560409493472,-11.7294105717458));
#5823=CARTESIAN_POINT('Origin',(86.8538640098345,-17.4560409493472,-11.7294105717459));
#5824=CARTESIAN_POINT('Origin',(86.8538640098345,-19.4560409493478,21.7286360178432));
#5825=CARTESIAN_POINT('',(52.3538640098345,34.0020078497809,21.7286360178433));
#5826=CARTESIAN_POINT('',(86.8538640098346,34.0020078497808,21.7286360178433));
#5827=CARTESIAN_POINT('',(52.3538640098345,29.0020078497921,21.7286360178433));
#5828=CARTESIAN_POINT('',(52.3538640098345,29.0020078497921,21.7286360178433));
#5829=CARTESIAN_POINT('',(53.4048640098345,29.0020078497921,21.7286360178433));
#5830=CARTESIAN_POINT('',(83.8538640098345,29.0020078497921,21.7286360178433));
#5831=CARTESIAN_POINT('',(53.4048640098345,-14.4560409493478,21.7286360178432));
#5832=CARTESIAN_POINT('Origin',(70.1296750598345,8.5020078497809,-9.77136398215097));
#5833=CARTESIAN_POINT('',(53.4054861098346,29.0020078497809,-9.77136398215094));
#5834=CARTESIAN_POINT('',(53.4054861098346,29.0020078497809,-9.77136398215094));
#5835=CARTESIAN_POINT('',(52.3538640098345,29.0020078497809,-9.77136398215094));
#5836=CARTESIAN_POINT('',(83.8538640098345,29.0020078497809,-9.77136398215094));
#5837=CARTESIAN_POINT('',(52.3538640098345,34.0020078497809,-9.77136398215093));
#5838=CARTESIAN_POINT('',(52.3538640098345,34.0020078497809,-9.77136398215093));
#5839=CARTESIAN_POINT('',(78.4917695348346,34.0020078497809,-9.77136398215093));
#5840=CARTESIAN_POINT('Origin',(53.4054861098346,29.0020078497809,-9.77136398215094));
#5841=CARTESIAN_POINT('',(53.4054861098345,-11.9979921502191,-5.77136398215101));
#5842=CARTESIAN_POINT('',(53.4054861098345,-11.9979921502191,-9.77136398215101));
#5843=CARTESIAN_POINT('',(53.4054861098346,29.0020078497809,-5.77136398215094));
#5844=CARTESIAN_POINT('',(53.4054861098346,29.0020078497809,-5.77136398215094));
#5845=CARTESIAN_POINT('',(53.4054861098346,29.0020078497809,-9.77136398215094));
#5846=CARTESIAN_POINT('Origin',(-33.1461359901666,-17.4560409493476,-19.7294105717572));
#5847=CARTESIAN_POINT('',(-28.9461359901669,-17.4560409493476,-17.7294105717572));
#5848=CARTESIAN_POINT('Origin',(-28.9461359901669,-17.4560409493476,-19.7294105717572));
#5849=CARTESIAN_POINT('',(-33.1461359901666,-17.4560409493476,-17.7294105717572));
#5850=CARTESIAN_POINT('Origin',(-73.146135990167,-15.4560409493548,-13.7294105717459));
#5851=CARTESIAN_POINT('',(-28.9461359901669,-15.4560409493548,-11.7294105717459));
#5852=CARTESIAN_POINT('',(-28.9461359901669,-17.4560409493548,-13.7294105717383));
#5853=CARTESIAN_POINT('Origin',(-28.9461359901669,-15.4560409493548,-13.7294105717459));
#5854=CARTESIAN_POINT('',(-73.146135990167,-17.4560409493548,-13.7294105717383));
#5855=CARTESIAN_POINT('',(-73.146135990167,-15.4560409493548,-11.7294105717459));
#5856=CARTESIAN_POINT('Origin',(-73.146135990167,-17.4560409493472,-11.7294105717458));
#5857=CARTESIAN_POINT('',(-28.9461359901669,-17.4560409493624,-15.7294105717583));
#5858=CARTESIAN_POINT('',(-28.9461359901669,-17.4560409493472,-11.7294105717458));
#5859=CARTESIAN_POINT('',(-73.146135990167,-17.4560409493624,-15.7294105717583));
#5860=CARTESIAN_POINT('Origin',(-73.146135990167,-1.45604094933624,-11.7294105717459));
#5861=CARTESIAN_POINT('',(-28.9461359901669,-3.45604094933624,-11.7294105717459));
#5862=CARTESIAN_POINT('',(-73.146135990167,-3.45604094933624,-11.7294105717459));
#5863=CARTESIAN_POINT('',(-28.9461359901669,-1.45604094933624,-11.7294105717459));
#5864=CARTESIAN_POINT('Origin',(-73.146135990167,-3.45604094933624,-13.7294105717673));
#5865=CARTESIAN_POINT('',(-28.9461359901669,-3.45604094933752,-15.7294105717673));
#5866=CARTESIAN_POINT('Origin',(-28.9461359901669,-3.45604094933624,-13.7294105717673));
#5867=CARTESIAN_POINT('',(-73.146135990167,-3.45604094933752,-15.7294105717673));
#5868=CARTESIAN_POINT('Origin',(-73.146135990167,-3.45604094934793,25.6866826074555));
#5869=CARTESIAN_POINT('',(-28.9461359901669,-3.45604094935147,23.6866826074598));
#5870=CARTESIAN_POINT('',(-73.146135990167,-3.45604094935147,23.6866826074598));
#5871=CARTESIAN_POINT('',(-28.9461359901669,-3.45604094934794,27.6866826074555));
#5872=CARTESIAN_POINT('Origin',(-28.9461359901669,-3.45604094934793,25.6866826074598));
#5873=CARTESIAN_POINT('',(-73.146135990167,-3.45604094934794,27.6866826074555));
#5874=CARTESIAN_POINT('Origin',(-73.146135990167,-17.4560409493624,23.6866826074846));
#5875=CARTESIAN_POINT('',(-28.9461359901669,-15.4560409493659,23.686682607481));
#5876=CARTESIAN_POINT('',(-73.146135990167,-15.4560409493659,23.686682607481));
#5877=CARTESIAN_POINT('',(-28.9461359901669,-17.4560409493624,23.6866826074846));
#5878=CARTESIAN_POINT('Origin',(-73.146135990167,-15.4560409493624,25.6866826074555));
#5879=CARTESIAN_POINT('',(-28.9461359901669,-15.4560409493624,27.6866826074555));
#5880=CARTESIAN_POINT('Origin',(-28.9461359901669,-15.4560409493624,25.6866826074555));
#5881=CARTESIAN_POINT('',(-73.146135990167,-15.4560409493624,27.6866826074555));
#5882=CARTESIAN_POINT('Origin',(-73.146135990167,-4.45604094934758,24.6866826074559));
#5883=CARTESIAN_POINT('Origin',(-28.9461359901669,-4.45604094934758,24.6866826074559));
#5884=CARTESIAN_POINT('Origin',(-28.9461359901669,-9.45604094934759,25.6866826074559));
#5885=CARTESIAN_POINT('',(-28.9461359901669,0.543959050652426,21.6866826074559));
#5886=CARTESIAN_POINT('',(-28.9461359901669,-1.45604094934793,27.6866826074555));
#5887=CARTESIAN_POINT('Origin',(-73.146135990167,-4.45604094934758,-12.7294105717573));
#5888=CARTESIAN_POINT('',(-28.9461359901669,-4.45604094934759,-17.7294105717573));
#5889=CARTESIAN_POINT('Origin',(-28.9461359901669,-4.45604094934758,-12.7294105717573));
#5890=CARTESIAN_POINT('',(-73.146135990167,-4.45604094934759,-17.7294105717573));
#5891=CARTESIAN_POINT('Origin',(-73.146135990167,0.543959050652409,-17.7294105717573));
#5892=CARTESIAN_POINT('',(-28.9461359901669,0.543959050652409,-17.7294105717573));
#5893=CARTESIAN_POINT('Origin',(-28.9461359901669,-9.45604094934758,-13.7294105717573));
#5894=CARTESIAN_POINT('',(-28.9461359901669,-19.4560409493475,-15.7294105717571));
#5895=CARTESIAN_POINT('Origin',(-73.146135990167,0.543959050652427,21.6866826074559));
#5896=CARTESIAN_POINT('Origin',(-73.146135990167,-1.45604094934793,27.6866826074555));
#5897=CARTESIAN_POINT('Origin',(-73.146135990167,-17.4560409493624,-15.7294105717584));
#5898=CARTESIAN_POINT('Origin',(-56.421947040167,8.50200784978057,21.7286360178496));
#5899=CARTESIAN_POINT('',(-39.697758090167,29.0020078497806,21.7286360178495));
#5900=CARTESIAN_POINT('',(-39.697758090167,29.0020078497806,21.7286360178495));
#5901=CARTESIAN_POINT('',(-38.6461359901669,29.0020078497806,21.7286360178495));
#5902=CARTESIAN_POINT('',(-70.1461359901669,29.0020078497806,21.7286360178495));
#5903=CARTESIAN_POINT('',(-38.6461359901669,34.0020078497806,21.7286360178495));
#5904=CARTESIAN_POINT('',(-38.6461359901669,34.0020078497806,21.7286360178495));
#5905=CARTESIAN_POINT('',(-64.784041515167,34.0020078497806,21.7286360178495));
#5906=CARTESIAN_POINT('Origin',(-39.697758090167,29.0020078497806,21.7286360178495));
#5907=CARTESIAN_POINT('',(-39.697758090167,29.0020078497805,17.7286360178495));
#5908=CARTESIAN_POINT('',(-39.697758090167,29.0020078497805,17.7286360178495));
#5909=CARTESIAN_POINT('',(-39.697758090167,29.0020078497806,21.7286360178495));
#5910=CARTESIAN_POINT('Origin',(-73.1461359901669,-19.4560409493482,-9.77136398214465));
#5911=CARTESIAN_POINT('',(-38.6461359901669,34.0020078497805,-9.77136398214471));
#5912=CARTESIAN_POINT('',(-73.1461359901669,34.0020078497805,-9.77136398214472));
#5913=CARTESIAN_POINT('',(-38.6461359901669,29.0020078497918,-9.77136398214471));
#5914=CARTESIAN_POINT('',(-38.6461359901669,-19.4560409493482,-9.77136398214464));
#5915=CARTESIAN_POINT('',(-70.1461359901669,29.0020078497918,-9.77136398214471));
#5916=CARTESIAN_POINT('Origin',(-70.1461359901669,29.0020078497806,21.7286360178495));
#5917=CARTESIAN_POINT('',(-38.6461359901669,29.0020078497806,17.7286360178495));
#5918=CARTESIAN_POINT('',(-70.1461359901669,29.0020078497806,17.7286360178495));
#5919=CARTESIAN_POINT('',(-38.6461359901669,29.0020078497806,21.7286360178495));
#5920=CARTESIAN_POINT('Origin',(-70.1461359901669,29.0020078497918,-7.32187423936152));
#5921=CARTESIAN_POINT('',(-38.6461359901669,29.0020078497918,-7.32187423936152));
#5922=CARTESIAN_POINT('',(-38.6461359901669,29.0020078497918,-7.32187423936152));
#5923=CARTESIAN_POINT('',(-70.1461359901669,29.0020078497918,-7.32187423936152));
#5924=CARTESIAN_POINT('Origin',(-70.1461359901669,34.0020078497805,-4.77136398214473));
#5925=CARTESIAN_POINT('',(-70.1461359901669,34.0020078497805,-7.32187423936152));
#5926=CARTESIAN_POINT('',(-70.1461359901669,36.5525181069974,-4.77136398214472));
#5927=CARTESIAN_POINT('Origin',(-70.1461359901669,34.0020078497805,-4.77136398214473));
#5928=CARTESIAN_POINT('',(-38.6461359901669,34.0020078497805,-7.32187423936152));
#5929=CARTESIAN_POINT('',(-70.1461359901669,34.0020078497805,-7.32187423936152));
#5930=CARTESIAN_POINT('',(-38.6461359901669,36.5525181069974,-4.77136398214472));
#5931=CARTESIAN_POINT('Origin',(-38.6461359901669,34.0020078497805,-4.77136398214473));
#5932=CARTESIAN_POINT('',(-70.1461359901669,36.5525181069974,-4.77136398214472));
#5933=CARTESIAN_POINT('Origin',(-70.1461359901669,36.5525181069974,16.7286360177913));
#5934=CARTESIAN_POINT('',(-70.1461359901669,36.5525181069974,16.7286360177913));
#5935=CARTESIAN_POINT('',(-70.1461359901669,36.5525181069974,11.0536360178219));
#5936=CARTESIAN_POINT('',(-38.6461359901669,36.5525181069974,16.7286360177913));
#5937=CARTESIAN_POINT('',(-38.6461359901669,36.5525181069974,16.7286360177913));
#5938=CARTESIAN_POINT('',(-70.1461359901669,36.5525181069974,16.7286360177913));
#5939=CARTESIAN_POINT('Origin',(-70.1461359901669,34.0020078497805,16.7286360178495));
#5940=CARTESIAN_POINT('',(-70.1461359901669,36.3483033495351,17.7286360178495));
#5941=CARTESIAN_POINT('Origin',(-70.1461359901669,34.0020078497805,16.7286360178495));
#5942=CARTESIAN_POINT('',(-38.6461359901669,36.3483033495351,17.7286360178495));
#5943=CARTESIAN_POINT('Origin',(-38.6461359901669,34.0020078497805,16.7286360178495));
#5944=CARTESIAN_POINT('',(-70.1461359901669,36.3483033495351,17.7286360178495));
#5945=CARTESIAN_POINT('Origin',(-38.6461359901669,34.0020078497806,5.97863601785241));
#5946=CARTESIAN_POINT('',(-38.6461359901669,34.0020078497805,-7.32187423936152));
#5947=CARTESIAN_POINT('',(-38.6461359901669,39.0020078497805,-4.77136398214472));
#5948=CARTESIAN_POINT('Origin',(-38.6461359901669,34.0020078497805,-4.77136398214471));
#5949=CARTESIAN_POINT('',(-38.6461359901669,39.0020078497806,16.7286360178495));
#5950=CARTESIAN_POINT('',(-38.6461359901669,39.0020078497805,-4.77136398214472));
#5951=CARTESIAN_POINT('Origin',(-38.6461359901669,34.0020078497805,16.7286360178495));
#5952=CARTESIAN_POINT('',(-38.6461359901669,29.0020078497806,17.7286360178495));
#5953=CARTESIAN_POINT('Origin',(-70.1461359901669,16.1507570675525,5.37863601785243));
#5954=CARTESIAN_POINT('',(-70.1461359901669,-15.4560409493481,-7.32187423936147));
#5955=CARTESIAN_POINT('',(-70.1461359901669,19.6280702441207,-7.32187423936152));
#5956=CARTESIAN_POINT('',(-70.1461359901669,-15.4560409493481,17.7286360178496));
#5957=CARTESIAN_POINT('',(-70.1461359901669,22.5763824586665,17.7286360178495));
#5958=CARTESIAN_POINT('',(-70.1461359901669,-15.4560409493481,-0.971619110754496));
#5959=CARTESIAN_POINT('',(-70.1461359901669,-3.15865353615768,15.4786360178496));
#5960=CARTESIAN_POINT('',(-70.1461359901669,3.62201752207836,12.8286360178496));
#5961=CARTESIAN_POINT('Origin',(-70.1461359901669,-3.1586535361577,5.4786360178496));
#5962=CARTESIAN_POINT('',(-70.1461359901669,30.8543886934761,12.8286360178496));
#5963=CARTESIAN_POINT('',(-70.1461359901669,30.8543886934761,12.8286360178496));
#5964=CARTESIAN_POINT('',(-70.1461359901669,30.8543886934761,-1.87136398215046));
#5965=CARTESIAN_POINT('',(-70.1461359901669,30.854388693476,-3.47136398215047));
#5966=CARTESIAN_POINT('',(-70.1461359901669,3.62201752207835,-1.87136398215041));
#5967=CARTESIAN_POINT('',(-70.1461359901669,3.62201752207835,-1.87136398215041));
#5968=CARTESIAN_POINT('',(-70.1461359901669,-3.15865353615772,-4.5213639821504));
#5969=CARTESIAN_POINT('Origin',(-70.1461359901669,-3.1586535361577,5.4786360178496));
#5970=CARTESIAN_POINT('Origin',(-70.1461359901669,-4.38374191290869,5.4786360178496));
#5971=CARTESIAN_POINT('',(-70.1461359901669,24.0020078497805,-4.57136398215046));
#5972=CARTESIAN_POINT('Origin',(-70.1461359901669,25.2520078497805,-4.57136398215046));
#5973=CARTESIAN_POINT('',(-70.1461359901669,24.0020078497805,15.9286360178495));
#5974=CARTESIAN_POINT('Origin',(-70.1461359901669,25.2520078497805,15.9286360178495));
#5975=CARTESIAN_POINT('',(-70.1461359901669,3.30200784978053,15.9286360178496));
#5976=CARTESIAN_POINT('Origin',(-70.1461359901669,4.55200784978053,15.9286360178496));
#5977=CARTESIAN_POINT('',(-70.1461359901669,3.30200784978049,-4.57136398215043));
#5978=CARTESIAN_POINT('Origin',(-70.1461359901669,4.55200784978049,-4.57136398215043));
#5979=CARTESIAN_POINT('Origin',(83.8538640098345,29.0020078497809,-9.77136398215094));
#5980=CARTESIAN_POINT('',(52.3538640098345,29.0020078497809,-5.77136398215094));
#5981=CARTESIAN_POINT('',(83.8538640098345,29.0020078497809,-5.77136398215094));
#5982=CARTESIAN_POINT('',(52.3538640098345,29.0020078497809,-9.77136398215094));
#5983=CARTESIAN_POINT('Origin',(83.8538640098345,34.0020078497809,-5.77136398215094));
#5984=CARTESIAN_POINT('',(83.8538640098345,34.0020078497809,19.2791462750601));
#5985=CARTESIAN_POINT('',(83.8538640098345,34.0020078497809,-5.77136398215094));
#5986=CARTESIAN_POINT('',(83.8538640098345,34.0020078497809,0.403636017847621));
#5987=CARTESIAN_POINT('',(52.3538640098345,34.0020078497809,19.2791462750601));
#5988=CARTESIAN_POINT('',(83.8538640098345,34.0020078497809,19.2791462750601));
#5989=CARTESIAN_POINT('',(52.3538640098345,34.0020078497809,-5.77136398215093));
#5990=CARTESIAN_POINT('',(52.3538640098345,34.0020078497809,-5.77136398215093));
#5991=CARTESIAN_POINT('',(83.8538640098345,34.0020078497809,-5.77136398215094));
#5992=CARTESIAN_POINT('Origin',(83.8538640098345,29.0020078497921,19.2791462750601));
#5993=CARTESIAN_POINT('',(53.4048640098345,29.0020078497921,19.2791462750601));
#5994=CARTESIAN_POINT('',(53.4048640098345,29.0020078497921,21.7286360178433));
#5995=CARTESIAN_POINT('',(52.3538640098345,29.0020078497921,19.2791462750601));
#5996=CARTESIAN_POINT('',(52.3538640098345,29.0020078497921,19.2791462750601));
#5997=CARTESIAN_POINT('',(83.8538640098345,29.0020078497921,19.2791462750601));
#5998=CARTESIAN_POINT('Origin',(52.3538640098345,34.0020078497809,5.97863601784619));
#5999=CARTESIAN_POINT('',(52.3538640098345,39.0020078497809,16.7286360178433));
#6000=CARTESIAN_POINT('Origin',(52.3538640098345,34.0020078497809,16.7286360178434));
#6001=CARTESIAN_POINT('',(52.3538640098345,39.0020078497809,-4.77136398215092));
#6002=CARTESIAN_POINT('',(52.3538640098345,39.0020078497809,16.7286360178433));
#6003=CARTESIAN_POINT('Origin',(52.3538640098345,34.0020078497809,-4.77136398215093));
#6004=CARTESIAN_POINT('',(52.3538640098345,29.0020078497809,-5.77136398215094));
#6005=CARTESIAN_POINT('',(52.3538640098345,34.0020078497809,19.2791462750601));
#6006=CARTESIAN_POINT('Origin',(-64.784041515167,34.0020078497806,16.7286360178495));
#6007=CARTESIAN_POINT('',(-64.784041515167,39.0020078497806,16.7286360178495));
#6008=CARTESIAN_POINT('Origin',(-73.1461359901669,39.0020078497805,-9.77136398214472));
#6009=CARTESIAN_POINT('',(-73.1461359901669,39.0020078497805,-4.77136398214472));
#6010=CARTESIAN_POINT('Origin',(-73.1461359901669,34.0020078497805,-4.77136398214472));
#6011=CARTESIAN_POINT('Origin',(78.4917695348346,34.0020078497809,-4.77136398215093));
#6012=CARTESIAN_POINT('',(78.4917695348346,39.0020078497809,-4.77136398215092));
#6013=CARTESIAN_POINT('Origin',(86.8538640098346,39.0020078497808,21.7286360178433));
#6014=CARTESIAN_POINT('',(86.8538640098346,39.0020078497809,16.7286360178433));
#6015=CARTESIAN_POINT('Origin',(83.8538640098345,16.1507570675528,6.57863601784616));
#6016=CARTESIAN_POINT('',(83.8538640098345,-15.4560409493478,-5.77136398215101));
#6017=CARTESIAN_POINT('',(83.8538640098345,22.5763824586669,-5.77136398215095));
#6018=CARTESIAN_POINT('',(83.8538640098345,-15.4560409493478,19.2791462750601));
#6019=CARTESIAN_POINT('',(83.8538640098345,-15.4560409493478,12.9288911464531));
#6020=CARTESIAN_POINT('',(83.8538640098345,19.628070244121,19.2791462750601));
#6021=CARTESIAN_POINT('',(83.8538640098345,3.3020078497808,16.528636017849));
#6022=CARTESIAN_POINT('Origin',(83.8538640098345,4.5520078497808,16.528636017849));
#6023=CARTESIAN_POINT('',(83.8538640098345,3.30200784978085,-3.97136398215098));
#6024=CARTESIAN_POINT('Origin',(83.8538640098345,4.55200784978085,-3.97136398215098));
#6025=CARTESIAN_POINT('',(83.8538640098345,24.0020078497808,-3.97136398215095));
#6026=CARTESIAN_POINT('Origin',(83.8538640098345,25.2520078497808,-3.97136398215095));
#6027=CARTESIAN_POINT('',(83.8538640098345,24.0020078497808,16.5286360178491));
#6028=CARTESIAN_POINT('Origin',(83.8538640098345,25.2520078497808,16.5286360178491));
#6029=CARTESIAN_POINT('',(83.8538640098345,-3.15865353615737,-3.52136398215101));
#6030=CARTESIAN_POINT('',(83.8538640098345,3.62201752207869,-0.871363982150999));
#6031=CARTESIAN_POINT('Origin',(83.8538640098345,-3.15865353615737,6.47863601784899));
#6032=CARTESIAN_POINT('',(83.8538640098345,30.8543886934764,-0.87136398215097));
#6033=CARTESIAN_POINT('',(83.8538640098345,30.8543886934764,-0.871363982150968));
#6034=CARTESIAN_POINT('',(83.8538640098345,30.8543886934764,13.8286360178491));
#6035=CARTESIAN_POINT('',(83.8538640098345,30.8543886934764,15.4286360178491));
#6036=CARTESIAN_POINT('',(83.8538640098345,3.62201752207867,13.828636017849));
#6037=CARTESIAN_POINT('',(83.8538640098345,3.62201752207867,13.828636017849));
#6038=CARTESIAN_POINT('',(83.8538640098345,-3.15865353615739,16.478636017849));
#6039=CARTESIAN_POINT('Origin',(83.8538640098345,-3.15865353615737,6.47863601784899));
#6040=CARTESIAN_POINT('Origin',(83.8538640098345,-4.38374191290836,6.47863601784898));
#6041=CARTESIAN_POINT('Origin',(86.8538640098346,34.0020078497809,16.7286360178433));
#6042=CARTESIAN_POINT('Origin',(-71.1461359901669,4.5520078497805,-4.57136398215043));
#6043=CARTESIAN_POINT('',(-71.1461359901669,2.5520078497805,-4.57136398215043));
#6044=CARTESIAN_POINT('Origin',(-71.1461359901669,4.5520078497805,-4.57136398215043));
#6045=CARTESIAN_POINT('',(-71.1461359901669,3.3020078497805,-4.57136398215043));
#6046=CARTESIAN_POINT('Origin',(-71.1461359901669,4.5520078497805,-4.57136398215043));
#6047=CARTESIAN_POINT('Origin',(-72.1461359901669,4.5520078497805,-4.57136398215043));
#6048=CARTESIAN_POINT('',(-72.1461359901669,2.5520078497805,-4.57136398215043));
#6049=CARTESIAN_POINT('Origin',(1.20727059218778,4.55200784978049,-4.57136398215042));
#6050=CARTESIAN_POINT('',(1.20727059218778,3.30200784978049,-4.57136398215042));
#6051=CARTESIAN_POINT('Origin',(-71.1461359901669,4.55200784978054,15.9286360178496));
#6052=CARTESIAN_POINT('',(-71.1461359901669,2.55200784978054,15.9286360178496));
#6053=CARTESIAN_POINT('Origin',(-71.1461359901669,4.55200784978054,15.9286360178496));
#6054=CARTESIAN_POINT('',(-71.1461359901669,3.30200784978054,15.9286360178496));
#6055=CARTESIAN_POINT('Origin',(-71.1461359901669,4.55200784978054,15.9286360178496));
#6056=CARTESIAN_POINT('Origin',(-72.1461359901669,4.55200784978054,15.9286360178496));
#6057=CARTESIAN_POINT('',(-72.1461359901669,2.55200784978054,15.9286360178496));
#6058=CARTESIAN_POINT('Origin',(1.20727059218778,4.55200784978053,15.9286360178496));
#6059=CARTESIAN_POINT('',(1.20727059218778,3.30200784978053,15.9286360178496));
#6060=CARTESIAN_POINT('Origin',(-71.1461359901669,25.2520078497805,15.9286360178495));
#6061=CARTESIAN_POINT('',(-71.1461359901669,23.2520078497805,15.9286360178495));
#6062=CARTESIAN_POINT('Origin',(-71.1461359901669,25.2520078497805,15.9286360178495));
#6063=CARTESIAN_POINT('',(-71.1461359901669,24.0020078497805,15.9286360178495));
#6064=CARTESIAN_POINT('Origin',(-71.1461359901669,25.2520078497805,15.9286360178495));
#6065=CARTESIAN_POINT('Origin',(-72.1461359901669,25.2520078497805,15.9286360178495));
#6066=CARTESIAN_POINT('',(-72.1461359901669,23.2520078497805,15.9286360178495));
#6067=CARTESIAN_POINT('Origin',(1.2072705921878,25.2520078497805,15.9286360178495));
#6068=CARTESIAN_POINT('',(1.2072705921878,24.0020078497805,15.9286360178496));
#6069=CARTESIAN_POINT('Origin',(-71.1461359901669,25.2520078497805,-4.57136398215046));
#6070=CARTESIAN_POINT('',(-71.1461359901669,23.2520078497805,-4.57136398215045));
#6071=CARTESIAN_POINT('Origin',(-71.1461359901669,25.2520078497805,-4.57136398215046));
#6072=CARTESIAN_POINT('',(-71.1461359901669,24.0020078497805,-4.57136398215046));
#6073=CARTESIAN_POINT('Origin',(-71.1461359901669,25.2520078497805,-4.57136398215046));
#6074=CARTESIAN_POINT('Origin',(-72.1461359901669,25.2520078497805,-4.57136398215046));
#6075=CARTESIAN_POINT('',(-72.1461359901669,23.2520078497805,-4.57136398215045));
#6076=CARTESIAN_POINT('Origin',(1.2072705921878,25.2520078497805,-4.57136398215045));
#6077=CARTESIAN_POINT('',(1.2072705921878,24.0020078497805,-4.57136398215045));
#6078=CARTESIAN_POINT('Origin',(-71.1461359901669,23.105383420689,-7.32187423936152));
#6079=CARTESIAN_POINT('',(-71.1461359901669,-15.4560409493481,-7.32187423936147));
#6080=CARTESIAN_POINT('Origin',(-71.1461359901669,-15.4560409493481,-7.32187423936147));
#6081=CARTESIAN_POINT('',(-71.1461359901669,-15.4560409493481,17.7286360178496));
#6082=CARTESIAN_POINT('Origin',(-73.1461359901669,-4.38374191290869,5.4786360178496));
#6083=CARTESIAN_POINT('',(-73.1461359901669,-3.15865353615768,15.4786360178496));
#6084=CARTESIAN_POINT('',(-73.1461359901669,-3.15865353615772,-4.5213639821504));
#6085=CARTESIAN_POINT('Origin',(-73.1461359901669,-3.1586535361577,5.4786360178496));
#6086=CARTESIAN_POINT('',(-73.1461359901669,3.62201752207835,-1.87136398215041));
#6087=CARTESIAN_POINT('Origin',(-73.1461359901669,30.8543886934761,-1.87136398215046));
#6088=CARTESIAN_POINT('',(-73.1461359901669,30.8543886934761,-1.87136398215046));
#6089=CARTESIAN_POINT('Origin',(-73.1461359901669,30.8543886934761,12.8286360178496));
#6090=CARTESIAN_POINT('',(-73.1461359901669,30.8543886934761,12.8286360178496));
#6091=CARTESIAN_POINT('Origin',(-73.1461359901669,3.62201752207836,12.8286360178496));
#6092=CARTESIAN_POINT('',(-73.1461359901669,3.62201752207836,12.8286360178496));
#6093=CARTESIAN_POINT('Origin',(-73.1461359901669,-3.1586535361577,5.4786360178496));
#6094=CARTESIAN_POINT('Origin',(-56.421947040167,8.50200784978056,17.7286360178496));
#6095=CARTESIAN_POINT('Origin',(84.8538640098345,4.55200784978081,16.528636017849));
#6096=CARTESIAN_POINT('',(84.8538640098345,2.5520078497808,16.528636017849));
#6097=CARTESIAN_POINT('Origin',(84.8538640098345,4.55200784978081,16.528636017849));
#6098=CARTESIAN_POINT('',(84.8538640098345,3.30200784978081,16.528636017849));
#6099=CARTESIAN_POINT('Origin',(84.8538640098345,4.55200784978081,16.528636017849));
#6100=CARTESIAN_POINT('Origin',(85.8538640098345,4.5520078497808,16.528636017849));
#6101=CARTESIAN_POINT('',(85.8538640098345,2.5520078497808,16.528636017849));
#6102=CARTESIAN_POINT('Origin',(12.5004574274798,4.55200784978088,16.528636017849));
#6103=CARTESIAN_POINT('',(12.5004574274798,3.30200784978088,16.528636017849));
#6104=CARTESIAN_POINT('Origin',(84.8538640098345,4.55200784978086,-3.97136398215098));
#6105=CARTESIAN_POINT('',(84.8538640098345,2.55200784978085,-3.97136398215098));
#6106=CARTESIAN_POINT('Origin',(84.8538640098345,4.55200784978086,-3.97136398215098));
#6107=CARTESIAN_POINT('',(84.8538640098345,3.30200784978086,-3.97136398215098));
#6108=CARTESIAN_POINT('Origin',(84.8538640098345,4.55200784978086,-3.97136398215098));
#6109=CARTESIAN_POINT('Origin',(85.8538640098345,4.55200784978085,-3.97136398215098));
#6110=CARTESIAN_POINT('',(85.8538640098345,2.55200784978085,-3.97136398215098));
#6111=CARTESIAN_POINT('Origin',(12.5004574274798,4.55200784978093,-3.97136398215098));
#6112=CARTESIAN_POINT('',(12.5004574274798,3.30200784978093,-3.97136398215098));
#6113=CARTESIAN_POINT('Origin',(84.8538640098346,25.2520078497809,-3.97136398215095));
#6114=CARTESIAN_POINT('',(84.8538640098346,23.2520078497808,-3.97136398215095));
#6115=CARTESIAN_POINT('Origin',(84.8538640098346,25.2520078497809,-3.97136398215095));
#6116=CARTESIAN_POINT('',(84.8538640098346,24.0020078497809,-3.97136398215095));
#6117=CARTESIAN_POINT('Origin',(84.8538640098345,25.2520078497809,-3.97136398215095));
#6118=CARTESIAN_POINT('Origin',(85.8538640098345,25.2520078497808,-3.97136398215095));
#6119=CARTESIAN_POINT('',(85.8538640098345,23.2520078497808,-3.97136398215095));
#6120=CARTESIAN_POINT('Origin',(12.5004574274798,25.2520078497809,-3.97136398215094));
#6121=CARTESIAN_POINT('',(12.5004574274798,24.0020078497809,-3.97136398215094));
#6122=CARTESIAN_POINT('Origin',(84.8538640098346,25.2520078497808,16.5286360178491));
#6123=CARTESIAN_POINT('',(84.8538640098346,23.2520078497808,16.528636017849));
#6124=CARTESIAN_POINT('Origin',(84.8538640098346,25.2520078497808,16.5286360178491));
#6125=CARTESIAN_POINT('',(84.8538640098346,24.0020078497808,16.5286360178491));
#6126=CARTESIAN_POINT('Origin',(84.8538640098345,25.2520078497808,16.5286360178491));
#6127=CARTESIAN_POINT('Origin',(85.8538640098345,25.2520078497808,16.5286360178491));
#6128=CARTESIAN_POINT('',(85.8538640098345,23.2520078497808,16.528636017849));
#6129=CARTESIAN_POINT('Origin',(12.5004574274798,25.2520078497809,16.5286360178491));
#6130=CARTESIAN_POINT('',(12.5004574274798,24.0020078497809,16.5286360178491));
#6131=CARTESIAN_POINT('Origin',(84.8538640098345,-11.9979921502191,-5.77136398215101));
#6132=CARTESIAN_POINT('',(53.4048640098345,-11.9979921502191,-5.77136398215101));
#6133=CARTESIAN_POINT('',(53.4048640098345,-11.9979921502191,-5.77136398215101));
#6134=CARTESIAN_POINT('',(84.8538640098345,-11.9979921502191,-5.77136398215101));
#6135=CARTESIAN_POINT('Origin',(84.8538640098346,23.1053834206893,19.2791462750601));
#6136=CARTESIAN_POINT('',(53.4048640098345,-15.4560409493478,19.2791462750601));
#6137=CARTESIAN_POINT('',(84.8538640098345,-15.4560409493478,19.2791462750601));
#6138=CARTESIAN_POINT('',(53.4048640098345,29.0020078497921,19.2791462750601));
#6139=CARTESIAN_POINT('Origin',(84.8538640098345,-15.4560409493478,19.2791462750601));
#6140=CARTESIAN_POINT('',(53.4048640098345,-15.4560409493477,-5.77136398215101));
#6141=CARTESIAN_POINT('',(84.8538640098345,-15.4560409493478,-5.77136398215101));
#6142=CARTESIAN_POINT('',(53.4048640098345,-15.4560409493478,19.2791462750601));
#6143=CARTESIAN_POINT('Origin',(53.4048640098345,1.82467123567077,5.97863601784614));
#6144=CARTESIAN_POINT('',(53.4048640098345,-15.4560409493477,-5.77136398215101));
#6145=CARTESIAN_POINT('Origin',(86.8538640098345,-4.38374191290836,6.47863601784898));
#6146=CARTESIAN_POINT('',(86.8538640098345,-3.15865353615737,-3.52136398215101));
#6147=CARTESIAN_POINT('',(86.8538640098345,-3.15865353615739,16.478636017849));
#6148=CARTESIAN_POINT('Origin',(86.8538640098345,-3.15865353615737,6.47863601784899));
#6149=CARTESIAN_POINT('',(86.8538640098345,3.62201752207866,13.828636017849));
#6150=CARTESIAN_POINT('Origin',(86.8538640098345,30.8543886934764,13.8286360178491));
#6151=CARTESIAN_POINT('',(86.8538640098345,30.8543886934764,13.8286360178491));
#6152=CARTESIAN_POINT('Origin',(86.8538640098345,30.8543886934764,-0.87136398215097));
#6153=CARTESIAN_POINT('',(86.8538640098345,30.8543886934764,-0.87136398215097));
#6154=CARTESIAN_POINT('Origin',(86.8538640098345,3.62201752207868,-0.871363982150999));
#6155=CARTESIAN_POINT('',(86.8538640098345,3.62201752207868,-0.871363982150999));
#6156=CARTESIAN_POINT('Origin',(86.8538640098345,-3.15865353615737,6.47863601784899));
#6157=CARTESIAN_POINT('Origin',(70.1296750598345,8.50200784978089,-5.77136398215098));
#6158=CARTESIAN_POINT('Origin',(6.85386400983365,225.876324015422,5.97863601784939));
#6159=CARTESIAN_POINT('',(12.3538640098337,-12.591081888222,5.97863601784935));
#6160=CARTESIAN_POINT('Origin',(6.85386400983374,-12.5910818882221,5.97863601784935));
#6161=CARTESIAN_POINT('',(12.3538640098337,-9.59108188817012,5.97863601784935));
#6162=CARTESIAN_POINT('',(12.3538640098337,225.876324015422,5.97863601784939));
#6163=CARTESIAN_POINT('Origin',(6.85386400983374,-9.59108188817014,5.97863601784935));
#6164=CARTESIAN_POINT('Origin',(6.85386400983379,-15.5910818882157,14.5362903533762));
#6165=CARTESIAN_POINT('',(21.1726140098338,-12.5910818882156,14.5362903533841));
#6166=CARTESIAN_POINT('',(21.1726140098338,-14.9826748639277,17.4739494372042));
#6167=CARTESIAN_POINT('Origin',(21.1726140098338,-15.5910818882156,14.5362903533762));
#6168=CARTESIAN_POINT('',(-7.46488599016621,-14.9826748639278,17.4739494372042));
#6169=CARTESIAN_POINT('',(6.85386400983379,-14.9826748639278,17.4739494372042));
#6170=CARTESIAN_POINT('',(-7.46488599016621,-12.5910818882157,14.536290353384));
#6171=CARTESIAN_POINT('Origin',(-7.46488599016621,-15.5910818882157,14.5362903533762));
#6172=CARTESIAN_POINT('',(6.85386400983379,-12.5910818882157,14.5362903533841));
#6173=CARTESIAN_POINT('Origin',(6.85386400983379,-12.591081888222,16.9786360178673));
#6174=CARTESIAN_POINT('',(-7.46488599016621,-12.5910818881708,-2.5790183176604));
#6175=CARTESIAN_POINT('',(-7.46488599016621,-12.5910818882296,19.8710362696381));
#6176=CARTESIAN_POINT('',(21.1726140098338,-12.5910818881708,-2.57901831766038));
#6177=CARTESIAN_POINT('',(6.85386400983381,-12.5910818881708,-2.57901831766038));
#6178=CARTESIAN_POINT('',(21.1726140098338,-12.5910818882296,19.8710362696381));
#6179=CARTESIAN_POINT('Origin',(6.85386400983381,-15.5910818881708,-2.57901831766823));
#6180=CARTESIAN_POINT('',(21.1726140098338,-14.9826748638829,-5.51667740149623));
#6181=CARTESIAN_POINT('Origin',(21.1726140098338,-15.5910818881708,-2.57901831766823));
#6182=CARTESIAN_POINT('',(-7.46488599016621,-14.9826748638829,-5.51667740149625));
#6183=CARTESIAN_POINT('Origin',(-7.46488599016621,-15.5910818881708,-2.57901831766825));
#6184=CARTESIAN_POINT('',(6.85386400983381,-14.9826748638829,-5.51667740149623));
#6185=CARTESIAN_POINT('Origin',(6.85386400983381,-12.591081888222,-5.02136398216862));
#6186=CARTESIAN_POINT('',(-7.46488599016621,-15.8476339250597,-5.69581567231822));
#6187=CARTESIAN_POINT('',(-7.46488599016621,-12.5910818882221,-5.02136398216864));
#6188=CARTESIAN_POINT('',(21.1726140098338,-15.8476339250597,-5.6958156723182));
#6189=CARTESIAN_POINT('',(6.85386400983377,-15.8476339250597,-5.6958156723182));
#6190=CARTESIAN_POINT('',(21.1726140098338,-12.591081888222,-5.02136398216862));
#6191=CARTESIAN_POINT('Origin',(6.85386400983377,-16.4560409493476,-2.75815658849019));
#6192=CARTESIAN_POINT('Ctrl Pts',(0.170417671767525,-19.4560409493476,-2.7581565884902));
#6193=CARTESIAN_POINT('Ctrl Pts',(0.322027442182865,-19.4560409493476,-2.8741345921528));
#6194=CARTESIAN_POINT('Ctrl Pts',(0.47691893042823,-19.4493331589425,-2.98636622950981));
#6195=CARTESIAN_POINT('Ctrl Pts',(1.23271827583046,-19.3908567469974,-3.50439948990601));
#6196=CARTESIAN_POINT('Ctrl Pts',(1.87492869567356,-19.2660632635337,-3.85736948254957));
#6197=CARTESIAN_POINT('Ctrl Pts',(3.89760105776698,-18.8180289997965,-4.71751318030501));
#6198=CARTESIAN_POINT('Ctrl Pts',(5.3725143760609,-18.4252774240455,-5.02136398215065));
#6199=CARTESIAN_POINT('Ctrl Pts',(6.85386400983374,-18.4252774240455,-5.02136398215065));
#6200=CARTESIAN_POINT('Ctrl Pts',(8.33521364360658,-18.4252774240455,-5.02136398215065));
#6201=CARTESIAN_POINT('Ctrl Pts',(9.81012696190049,-18.8180289997965,-4.71751318030501));
#6202=CARTESIAN_POINT('Ctrl Pts',(11.8327993239939,-19.2660632635337,-3.85736948254957));
#6203=CARTESIAN_POINT('Ctrl Pts',(12.475009743837,-19.3908567469974,-3.504399489906));
#6204=CARTESIAN_POINT('Ctrl Pts',(13.2308090892393,-19.4493331589425,-2.9863662295098));
#6205=CARTESIAN_POINT('Ctrl Pts',(13.3857005774846,-19.4560409493476,-2.8741345921528));
#6206=CARTESIAN_POINT('Ctrl Pts',(13.5373103478999,-19.4560409493476,-2.7581565884902));
#6207=CARTESIAN_POINT('',(21.1726140098338,-16.4560409493476,-5.7581565884902));
#6208=CARTESIAN_POINT('Origin',(24.1726140098338,-16.4560409493476,-2.75815658849019));
#6209=CARTESIAN_POINT('Origin',(21.1726140098338,-16.4560409493476,-2.75815658849019));
#6210=CARTESIAN_POINT('',(-7.4648859901662,-16.4560409493476,-5.75815658849022));
#6211=CARTESIAN_POINT('Origin',(-7.4648859901662,-16.4560409493476,-2.75815658849021));
#6212=CARTESIAN_POINT('Origin',(-10.4648859901662,-16.4560409493476,-2.75815658849021));
#6213=CARTESIAN_POINT('Ctrl Pts',(-10.4648859901662,-19.4560409493476,-11.7787232950314));
#6214=CARTESIAN_POINT('Ctrl Pts',(-10.4648859901662,-19.4560409493476,-13.6828159828136));
#6215=CARTESIAN_POINT('Ctrl Pts',(-9.67866771587389,-19.4560409493476,-16.845032917177));
#6216=CARTESIAN_POINT('Ctrl Pts',(-7.15471740115709,-19.4560409493476,-19.6836036161253));
#6217=CARTESIAN_POINT('Ctrl Pts',(-5.36248389119185,-19.4560409493476,-20.26400466927));
#6218=CARTESIAN_POINT('Ctrl Pts',(-4.4648859901662,-19.4560409493476,-20.26400466927));
#6219=CARTESIAN_POINT('Ctrl Pts',(-9.56728808914054,-19.4560409493476,-11.7787232950314));
#6220=CARTESIAN_POINT('Ctrl Pts',(-9.65977597888935,-19.4526255722338,-13.5398178909492));
#6221=CARTESIAN_POINT('Ctrl Pts',(-9.07464713980675,-19.4556666308816,-16.535898794954));
#6222=CARTESIAN_POINT('Ctrl Pts',(-6.87031587945021,-19.4540792404946,-19.2563746313815));
#6223=CARTESIAN_POINT('Ctrl Pts',(-5.26750942982651,-19.4560409493476,-19.8152057187571));
#6224=CARTESIAN_POINT('Ctrl Pts',(-4.4648859901662,-19.4560409493476,-19.8152057187571));
#6225=CARTESIAN_POINT('Ctrl Pts',(-8.01280398667338,-18.7033785514253,-11.7787232950314));
#6226=CARTESIAN_POINT('Ctrl Pts',(-8.25322322586189,-18.8651649740384,-13.2939692151107));
#6227=CARTESIAN_POINT('Ctrl Pts',(-8.01872101912834,-19.0814798051342,-15.9967105900269));
#6228=CARTESIAN_POINT('Ctrl Pts',(-6.37029591321129,-19.2457973357184,-18.5095866229067));
#6229=CARTESIAN_POINT('Ctrl Pts',(-5.10148907184059,-19.2766958209752,-19.0303168126639));
#6230=CARTESIAN_POINT('Ctrl Pts',(-4.4648859901662,-19.2766958209752,-19.0303168126639));
#6231=CARTESIAN_POINT('Ctrl Pts',(-7.4648859901662,-17.1292393751168,-11.7787232950314));
#6232=CARTESIAN_POINT('Ctrl Pts',(-7.57253448046889,-17.5385786993742,-13.2064611366627));
#6233=CARTESIAN_POINT('Ctrl Pts',(-7.29077754603261,-18.1704963574399,-15.6635506693301));
#6234=CARTESIAN_POINT('Ctrl Pts',(-5.96021512786675,-18.7082343231635,-17.9164216209733));
#6235=CARTESIAN_POINT('Ctrl Pts',(-4.96402029156889,-18.81537287888,-18.3806959116831));
#6236=CARTESIAN_POINT('Ctrl Pts',(-4.4648859901662,-18.81537287888,-18.3806959116831));
#6237=CARTESIAN_POINT('Ctrl Pts',(-7.4648859901662,-16.4560409493476,-11.7787232950314));
#6238=CARTESIAN_POINT('Ctrl Pts',(-7.4648859901662,-16.9320641212931,-13.206792810868));
#6239=CARTESIAN_POINT('Ctrl Pts',(-7.07177685302005,-17.722618354884,-15.5784555116406));
#6240=CARTESIAN_POINT('Ctrl Pts',(-5.80980169566164,-18.432261029621,-17.7073835358518));
#6241=CARTESIAN_POINT('Ctrl Pts',(-4.91368494067902,-18.5773612929072,-18.1426843257103));
#6242=CARTESIAN_POINT('Ctrl Pts',(-4.4648859901662,-18.5773612929072,-18.1426843257103));
#6243=CARTESIAN_POINT('',(-7.46488599016619,-16.4560409493476,-11.7787232950314));
#6244=CARTESIAN_POINT('Origin',(-10.4648859901662,-16.4560409493476,-11.7787232950314));
#6245=CARTESIAN_POINT('',(-4.4648859901662,-18.5773612929072,-18.1426843257103));
#6246=CARTESIAN_POINT('Origin',(-4.4648859901662,-16.4560409493476,-11.7787232950314));
#6247=CARTESIAN_POINT('Origin',(-4.4648859901662,-16.4560409493476,-20.2640046692699));
#6248=CARTESIAN_POINT('Origin',(-10.4648859901662,-16.4560409493476,5.97863601784933));
#6249=CARTESIAN_POINT('',(-7.4648859901662,-16.4560409493476,5.97863601784933));
#6250=CARTESIAN_POINT('Ctrl Pts',(18.1726140098338,-19.4560409493476,-20.2640046692699));
#6251=CARTESIAN_POINT('Ctrl Pts',(19.5190108613723,-19.4560409493476,-20.2640046692699));
#6252=CARTESIAN_POINT('Ctrl Pts',(21.7549529423993,-19.4560409493475,-19.1518233827181));
#6253=CARTESIAN_POINT('Ctrl Pts',(23.7621469845864,-19.4560409493476,-15.5825999131078));
#6254=CARTESIAN_POINT('Ctrl Pts',(24.1726140098338,-19.4560409493476,-13.0481184202195));
#6255=CARTESIAN_POINT('Ctrl Pts',(24.1726140098338,-19.4560409493476,-11.7787232950314));
#6256=CARTESIAN_POINT('Ctrl Pts',(18.1726140098338,-19.4560409493476,-19.8152057187571));
#6257=CARTESIAN_POINT('Ctrl Pts',(19.3765491693243,-19.4560409493476,-19.8152057187571));
#6258=CARTESIAN_POINT('Ctrl Pts',(21.3761074175932,-19.4529458144624,-18.7431172348345));
#6259=CARTESIAN_POINT('Ctrl Pts',(23.0753877084595,-19.4546359347614,-15.3355717343083));
#6260=CARTESIAN_POINT('Ctrl Pts',(23.336674701974,-19.4537640312717,-12.9527863589766));
#6261=CARTESIAN_POINT('Ctrl Pts',(23.2750161088082,-19.4560409493476,-11.7787232950314));
#6262=CARTESIAN_POINT('Ctrl Pts',(18.1726140098338,-19.2766799691046,-19.0303221611831));
#6263=CARTESIAN_POINT('Ctrl Pts',(19.1275186323454,-19.2766799691046,-19.0303221611831));
#6264=CARTESIAN_POINT('Ctrl Pts',(20.7091649893513,-19.2188838676299,-18.0288201427965));
#6265=CARTESIAN_POINT('Ctrl Pts',(21.8748949581235,-18.9988180477367,-14.9061474110708));
#6266=CARTESIAN_POINT('Ctrl Pts',(21.8809632050945,-18.8110347010787,-12.7888872417509));
#6267=CARTESIAN_POINT('Ctrl Pts',(21.7206837123022,-18.7031770860033,-11.7787232950314));
#6268=CARTESIAN_POINT('Ctrl Pts',(18.1726140098338,-18.81537287888,-18.3806959116831));
#6269=CARTESIAN_POINT('Ctrl Pts',(18.9213154619379,-18.81537287888,-18.3806959116831));
#6270=CARTESIAN_POINT('Ctrl Pts',(20.1630836386754,-18.6116166481991,-17.4887224251138));
#6271=CARTESIAN_POINT('Ctrl Pts',(21.1495642544178,-17.9218827329611,-14.6766154443923));
#6272=CARTESIAN_POINT('Ctrl Pts',(21.2443796700356,-17.4021322579551,-12.7305485227856));
#6273=CARTESIAN_POINT('Ctrl Pts',(21.1726140098338,-17.1292393751168,-11.7787232950314));
#6274=CARTESIAN_POINT('Ctrl Pts',(18.1726140098338,-18.5773612929072,-18.1426843257103));
#6275=CARTESIAN_POINT('Ctrl Pts',(18.8458124356031,-18.5773612929072,-18.1426843257103));
#6276=CARTESIAN_POINT('Ctrl Pts',(19.9637834761166,-18.2993159712692,-17.3085483607964));
#6277=CARTESIAN_POINT('Ctrl Pts',(20.9673804972101,-17.4070101038667,-14.6316307585887));
#6278=CARTESIAN_POINT('Ctrl Pts',(21.1726140098338,-16.7733897306446,-12.7307696389225));
#6279=CARTESIAN_POINT('Ctrl Pts',(21.1726140098338,-16.4560409493476,-11.7787232950314));
#6280=CARTESIAN_POINT('',(18.1726140098338,-18.5773612929072,-18.1426843257103));
#6281=CARTESIAN_POINT('Origin',(18.1726140098338,-16.4560409493476,-20.2640046692699));
#6282=CARTESIAN_POINT('',(21.1726140098338,-16.4560409493476,-11.7787232950314));
#6283=CARTESIAN_POINT('Origin',(18.1726140098338,-16.4560409493476,-11.7787232950314));
#6284=CARTESIAN_POINT('Origin',(24.1726140098338,-16.4560409493476,-11.7787232950314));
#6285=CARTESIAN_POINT('Origin',(6.85386400983377,-16.4560409493476,-20.2640046692699));
#6286=CARTESIAN_POINT('',(6.85386400983377,-18.5773612929072,-18.1426843257103));
#6287=CARTESIAN_POINT('Origin',(-4.46488599016621,-14.09424141026,-9.41692375594386));
#6288=CARTESIAN_POINT('',(-4.46488599016621,-9.59108188817014,-9.15640492097323));
#6289=CARTESIAN_POINT('',(-4.46488599016621,-11.9729210667004,-11.5382440995035));
#6290=CARTESIAN_POINT('',(-7.4648859901662,-12.5910818881701,-7.91376423385397));
#6291=CARTESIAN_POINT('',(-7.4648859901662,-14.09424141026,-9.41692375594386));
#6292=CARTESIAN_POINT('Origin',(-4.46488599016621,-12.5910818881701,-7.91376423385397));
#6293=CARTESIAN_POINT('Origin',(-4.46488599016622,-12.5910818881701,-1.58888445156196));
#6294=CARTESIAN_POINT('',(-7.46488599016621,-12.5910818881701,-1.58888445156196));
#6295=CARTESIAN_POINT('',(-7.46488599016621,-12.5910818881701,19.8710362695526));
#6296=CARTESIAN_POINT('',(-7.46488599016621,-12.5910818882296,19.8710362696381));
#6297=CARTESIAN_POINT('',(-4.46488599016622,-9.59108188817015,21.1136769566719));
#6298=CARTESIAN_POINT('Origin',(-4.46488599016622,-12.5910818881701,19.8710362695526));
#6299=CARTESIAN_POINT('',(-4.46488599016622,-9.59108188817014,-1.58888445156194));
#6300=CARTESIAN_POINT('Ctrl Pts',(-4.46488599016622,-19.4560409493476,32.2212767049686));
#6301=CARTESIAN_POINT('Ctrl Pts',(-5.8112828417047,-19.4560409493476,32.2212767049686));
#6302=CARTESIAN_POINT('Ctrl Pts',(-8.04723410714482,-19.4560409493476,31.1091283193112));
#6303=CARTESIAN_POINT('Ctrl Pts',(-10.0544257363981,-19.4560409493476,27.5398854600148));
#6304=CARTESIAN_POINT('Ctrl Pts',(-10.4648859901662,-19.4560409493476,25.0053904559181));
#6305=CARTESIAN_POINT('Ctrl Pts',(-10.4648859901662,-19.4560409493476,23.73599533073));
#6306=CARTESIAN_POINT('Ctrl Pts',(-4.46488599016622,-19.4560409493476,31.7724777544558));
#6307=CARTESIAN_POINT('Ctrl Pts',(-5.6688211496567,-19.4560409493476,31.7724777544558));
#6308=CARTESIAN_POINT('Ctrl Pts',(-7.66837607663266,-19.4529744120878,30.7004244447651));
#6309=CARTESIAN_POINT('Ctrl Pts',(-9.36765568900206,-19.4546586199566,27.2928603500372));
#6310=CARTESIAN_POINT('Ctrl Pts',(-9.62894668230644,-19.4537640312717,24.9100583946752));
#6311=CARTESIAN_POINT('Ctrl Pts',(-9.56728808914056,-19.4560409493476,23.73599533073));
#6312=CARTESIAN_POINT('Ctrl Pts',(-4.46488599016622,-19.2766816612454,30.987593625943));
#6313=CARTESIAN_POINT('Ctrl Pts',(-5.4197906126778,-19.2766816612454,30.987593625943));
#6314=CARTESIAN_POINT('Ctrl Pts',(-7.00144719860799,-19.2188887197398,29.9861257236206));
#6315=CARTESIAN_POINT('Ctrl Pts',(-8.16717286077102,-18.9988262574207,26.8634320197741));
#6316=CARTESIAN_POINT('Ctrl Pts',(-8.17321899125943,-18.811056206923,24.7461592774496));
#6317=CARTESIAN_POINT('Ctrl Pts',(-8.01293949846708,-18.7031985918477,23.73599533073));
#6318=CARTESIAN_POINT('Ctrl Pts',(-4.46488599016622,-18.81537287888,30.3379679473817));
#6319=CARTESIAN_POINT('Ctrl Pts',(-5.21358744227027,-18.81537287888,30.3379679473817));
#6320=CARTESIAN_POINT('Ctrl Pts',(-6.45535633409381,-18.6116124510762,29.4460245839148));
#6321=CARTESIAN_POINT('Ctrl Pts',(-7.44183637974218,-17.9218768488969,26.6339009281813));
#6322=CARTESIAN_POINT('Ctrl Pts',(-7.53665165036801,-17.4021322579551,24.6878205584842));
#6323=CARTESIAN_POINT('Ctrl Pts',(-7.46488599016621,-17.1292393751168,23.73599533073));
#6324=CARTESIAN_POINT('Ctrl Pts',(-4.46488599016622,-18.5773612929072,30.099956361409));
#6325=CARTESIAN_POINT('Ctrl Pts',(-5.13808441593546,-18.5773612929072,30.099956361409));
#6326=CARTESIAN_POINT('Ctrl Pts',(-6.25606004865552,-18.2993241964928,29.2658450721659));
#6327=CARTESIAN_POINT('Ctrl Pts',(-7.25965586328213,-17.4070134816688,26.5889129276936));
#6328=CARTESIAN_POINT('Ctrl Pts',(-7.46488599016621,-16.7733897306446,24.6880416746211));
#6329=CARTESIAN_POINT('Ctrl Pts',(-7.46488599016621,-16.4560409493476,23.73599533073));
#6330=CARTESIAN_POINT('',(-7.46488599016621,-16.4560409493476,23.73599533073));
#6331=CARTESIAN_POINT('',(-4.46488599016622,-18.5773612929072,30.099956361409));
#6332=CARTESIAN_POINT('Origin',(-4.46488599016622,-16.4560409493476,23.73599533073));
#6333=CARTESIAN_POINT('Origin',(-10.4648859901662,-16.4560409493476,23.73599533073));
#6334=CARTESIAN_POINT('Origin',(-4.46488599016622,-16.4560409493476,32.2212767049686));
#6335=CARTESIAN_POINT('Origin',(-10.4648859901662,-16.4560409493476,5.97863601784933));
#6336=CARTESIAN_POINT('',(-7.4648859901662,-16.4560409493476,17.7154286241889));
#6337=CARTESIAN_POINT('',(-7.4648859901662,-16.4560409493476,5.97863601784933));
#6338=CARTESIAN_POINT('Origin',(-10.4648859901662,-16.4560409493476,14.7154286241889));
#6339=CARTESIAN_POINT('Ctrl Pts',(24.1726140098338,-19.4560409493476,23.7359953307301));
#6340=CARTESIAN_POINT('Ctrl Pts',(24.1726140098338,-19.4560409493476,25.0053904559182));
#6341=CARTESIAN_POINT('Ctrl Pts',(23.7621070300109,-19.4560409493476,27.5397905773574));
#6342=CARTESIAN_POINT('Ctrl Pts',(21.7548985167486,-19.4560409493476,31.1089022477251));
#6343=CARTESIAN_POINT('Ctrl Pts',(19.5190108613723,-19.4560409493476,32.2212767049686));
#6344=CARTESIAN_POINT('Ctrl Pts',(18.1726140098338,-19.4560409493476,32.2212767049686));
#6345=CARTESIAN_POINT('Ctrl Pts',(23.2750161088081,-19.4560409493476,23.7359953307301));
#6346=CARTESIAN_POINT('Ctrl Pts',(23.336674701974,-19.4537640312717,24.9100583946753));
#6347=CARTESIAN_POINT('Ctrl Pts',(23.0754110707938,-19.4545023283034,27.2927445050207));
#6348=CARTESIAN_POINT('Ctrl Pts',(21.3761273583507,-19.452776081107,30.700182395593));
#6349=CARTESIAN_POINT('Ctrl Pts',(19.3765491693243,-19.4560409493476,31.7724777544558));
#6350=CARTESIAN_POINT('Ctrl Pts',(18.1726140098338,-19.4560409493476,31.7724777544558));
#6351=CARTESIAN_POINT('Ctrl Pts',(21.7207768211572,-18.7030534375019,23.7359953307301));
#6352=CARTESIAN_POINT('Ctrl Pts',(21.8810563139495,-18.8109110525772,24.7461592774496));
#6353=CARTESIAN_POINT('Ctrl Pts',(21.8748610757654,-18.9987694226982,26.8633428319051));
#6354=CARTESIAN_POINT('Ctrl Pts',(20.7091053824739,-19.2188541740805,29.9858949589202));
#6355=CARTESIAN_POINT('Ctrl Pts',(19.1275186323454,-19.2766702400899,30.9875974795116));
#6356=CARTESIAN_POINT('Ctrl Pts',(18.1726140098338,-19.2766702400899,30.9875974795116));
#6357=CARTESIAN_POINT('Ctrl Pts',(21.1726140098338,-17.1292393751168,23.7359953307301));
#6358=CARTESIAN_POINT('Ctrl Pts',(21.2443796700356,-17.402132257955,24.6878205584842));
#6359=CARTESIAN_POINT('Ctrl Pts',(21.1495633402276,-17.9219170231743,26.6338067857709));
#6360=CARTESIAN_POINT('Ctrl Pts',(20.1630794650421,-18.6116419859871,29.4458174192604));
#6361=CARTESIAN_POINT('Ctrl Pts',(18.9213154619379,-18.81537287888,30.3379679473818));
#6362=CARTESIAN_POINT('Ctrl Pts',(18.1726140098338,-18.81537287888,30.3379679473817));
#6363=CARTESIAN_POINT('Ctrl Pts',(21.1726140098338,-16.4560409493475,23.7359953307301));
#6364=CARTESIAN_POINT('Ctrl Pts',(21.1726140098338,-16.7733897306446,24.6880416746211));
#6365=CARTESIAN_POINT('Ctrl Pts',(20.9673605199223,-17.4069897610044,26.5888417657005));
#6366=CARTESIAN_POINT('Ctrl Pts',(19.9637562632912,-18.2992676785963,29.2656755184763));
#6367=CARTESIAN_POINT('Ctrl Pts',(18.845812435603,-18.5773612929072,30.099956361409));
#6368=CARTESIAN_POINT('Ctrl Pts',(18.1726140098338,-18.5773612929072,30.099956361409));
#6369=CARTESIAN_POINT('',(18.1726140098338,-18.5773612929072,30.099956361409));
#6370=CARTESIAN_POINT('',(21.1726140098338,-16.4560409493476,23.7359953307301));
#6371=CARTESIAN_POINT('Origin',(18.1726140098338,-16.4560409493476,23.73599533073));
#6372=CARTESIAN_POINT('Origin',(18.1726140098338,-16.4560409493476,32.2212767049686));
#6373=CARTESIAN_POINT('Origin',(24.1726140098338,-16.4560409493476,23.7359953307301));
#6374=CARTESIAN_POINT('Origin',(6.85386400983376,-16.4560409493476,32.2212767049686));
#6375=CARTESIAN_POINT('',(6.85386400983376,-18.5773612929072,30.099956361409));
#6376=CARTESIAN_POINT('Origin',(6.85386400983376,-16.4560409493476,14.7154286241889));
#6377=CARTESIAN_POINT('Ctrl Pts',(13.5373103478999,-19.4560409493476,14.7154286241889));
#6378=CARTESIAN_POINT('Ctrl Pts',(13.3857005774846,-19.4560409493476,14.8314066278515));
#6379=CARTESIAN_POINT('Ctrl Pts',(13.2308090892392,-19.4493331589425,14.9436382652085));
#6380=CARTESIAN_POINT('Ctrl Pts',(12.475009743837,-19.3908567469974,15.4616715256047));
#6381=CARTESIAN_POINT('Ctrl Pts',(11.8327993239939,-19.2660632635337,15.8146415182483));
#6382=CARTESIAN_POINT('Ctrl Pts',(9.81012696190049,-18.8180289997965,16.6747852160037));
#6383=CARTESIAN_POINT('Ctrl Pts',(8.33521364360656,-18.4252774240455,16.9786360178493));
#6384=CARTESIAN_POINT('Ctrl Pts',(6.85386400983372,-18.4252774240455,16.9786360178493));
#6385=CARTESIAN_POINT('Ctrl Pts',(5.37251437606088,-18.4252774240455,16.9786360178493));
#6386=CARTESIAN_POINT('Ctrl Pts',(3.89760105776697,-18.8180289997965,16.6747852160037));
#6387=CARTESIAN_POINT('Ctrl Pts',(1.87492869567352,-19.2660632635337,15.8146415182483));
#6388=CARTESIAN_POINT('Ctrl Pts',(1.23271827583043,-19.3908567469974,15.4616715256047));
#6389=CARTESIAN_POINT('Ctrl Pts',(0.476918930428209,-19.4493331589425,14.9436382652085));
#6390=CARTESIAN_POINT('Ctrl Pts',(0.322027442182852,-19.4560409493476,14.8314066278515));
#6391=CARTESIAN_POINT('Ctrl Pts',(0.170417671767518,-19.4560409493476,14.7154286241889));
#6392=CARTESIAN_POINT('',(-7.46488599016621,-15.8476339250597,17.6530877080169));
#6393=CARTESIAN_POINT('Origin',(-7.4648859901662,-16.4560409493476,14.7154286241889));
#6394=CARTESIAN_POINT('',(21.1726140098338,-15.8476339250597,17.6530877080169));
#6395=CARTESIAN_POINT('',(6.85386400983376,-15.8476339250597,17.6530877080169));
#6396=CARTESIAN_POINT('',(21.1726140098338,-16.4560409493476,17.7154286241889));
#6397=CARTESIAN_POINT('Origin',(21.1726140098338,-16.4560409493476,14.7154286241889));
#6398=CARTESIAN_POINT('Origin',(24.1726140098338,-16.4560409493476,14.7154286241889));
#6399=CARTESIAN_POINT('Origin',(24.1726140098338,-16.4560409493476,5.97863601784935));
#6400=CARTESIAN_POINT('',(21.1726140098338,-16.4560409493476,5.97863601784935));
#6401=CARTESIAN_POINT('Origin',(18.1726140098338,-9.16176187967132,16.4417162610538));
#6402=CARTESIAN_POINT('',(18.1726140098338,-9.59108188817014,21.1136769566719));
#6403=CARTESIAN_POINT('',(18.1726140098338,-7.04044153611167,18.5630366046135));
#6404=CARTESIAN_POINT('',(21.1726140098338,-12.5910818881701,19.8710362695526));
#6405=CARTESIAN_POINT('',(21.1726140098338,-9.16176187967132,16.4417162610538));
#6406=CARTESIAN_POINT('Origin',(18.1726140098338,-12.5910818881701,19.8710362695526));
#6407=CARTESIAN_POINT('Origin',(-4.46488599016622,-9.16176187967133,16.4417162610538));
#6408=CARTESIAN_POINT('',(-7.46488599016621,-9.16176187967133,16.4417162610538));
#6409=CARTESIAN_POINT('',(-4.46488599016622,-7.04044153611168,18.5630366046135));
#6410=CARTESIAN_POINT('Origin',(18.1726140098338,-12.5910818881701,-1.58888445156194));
#6411=CARTESIAN_POINT('',(18.1726140098338,-9.59108188817013,-9.15640492097323));
#6412=CARTESIAN_POINT('',(18.1726140098338,-9.59108188817013,-1.58888445156194));
#6413=CARTESIAN_POINT('',(21.1726140098338,-12.5910818882296,19.8710362696381));
#6414=CARTESIAN_POINT('',(21.1726140098338,-12.5910818881701,-7.91376423385396));
#6415=CARTESIAN_POINT('',(21.1726140098338,-12.5910818882296,19.8710362696381));
#6416=CARTESIAN_POINT('Origin',(18.1726140098338,-12.5910818881701,-7.91376423385396));
#6417=CARTESIAN_POINT('Origin',(18.1726140098338,-14.09424141026,-9.41692375594384));
#6418=CARTESIAN_POINT('',(21.1726140098338,-14.09424141026,-9.41692375594384));
#6419=CARTESIAN_POINT('',(18.1726140098338,-11.9729210667004,-11.5382440995035));
#6420=CARTESIAN_POINT('Origin',(24.1726140098338,-16.4560409493476,5.97863601784935));
#6421=CARTESIAN_POINT('',(21.1726140098338,-16.4560409493476,5.97863601784935));
#6422=CARTESIAN_POINT('Origin',(6.85386400983381,-9.59108188817013,-9.15640492097323));
#6423=CARTESIAN_POINT('',(6.85386400983379,-9.59108188817014,21.1136769566719));
#6424=CARTESIAN_POINT('',(6.85386400983381,-9.59108188817013,-9.15640492097323));
#6425=CARTESIAN_POINT('Origin',(6.85386400983379,-9.59108188817014,21.1136769566719));
#6426=CARTESIAN_POINT('Origin',(-7.46488599016621,-14.5235614187589,5.97863601784933));
#6427=CARTESIAN_POINT('Origin',(21.1726140098338,-14.5235614187588,5.97863601784935));
#6428=CARTESIAN_POINT('Origin',(-7.46488599016621,-14.5235614187589,5.97863601784933));
#6429=CARTESIAN_POINT('',(-7.4648859901662,-19.4560409493513,18.4004107014012));
#6430=CARTESIAN_POINT('Origin',(6.85386400983381,-19.4560409493476,-19.0213639821506));
#6431=CARTESIAN_POINT('Origin',(6.85386400983379,-19.4560409493513,18.4004107014012));
#6432=CARTESIAN_POINT('',(21.1726140098338,-19.4560409493513,18.4004107014012));
#6433=CARTESIAN_POINT('Origin',(21.1726140098338,-14.5235614187588,5.97863601784935));
#6434=CARTESIAN_POINT('Origin',(6.85386400983365,225.298743107792,5.97863601784939));
#6435=CARTESIAN_POINT('',(17.8538640098337,225.298743107792,5.97863601784939));
#6436=CARTESIAN_POINT('Origin',(96.8538640098338,-29.4560409493475,-84.0213639821506));
#6437=CARTESIAN_POINT('',(0.,1.55431223447522E-14,-9.77136398215098));
#6438=UNCERTAINTY_MEASURE_WITH_UNIT(LENGTH_MEASURE(0.01),#6442,
'DISTANCE_ACCURACY_VALUE',
'Maximum model space distance between geometric entities at asserted c
onnectivities');
#6439=UNCERTAINTY_MEASURE_WITH_UNIT(LENGTH_MEASURE(0.01),#6442,
'DISTANCE_ACCURACY_VALUE',
'Maximum model space distance between geometric entities at asserted c
onnectivities');
#6440=(
GEOMETRIC_REPRESENTATION_CONTEXT(3)
GLOBAL_UNCERTAINTY_ASSIGNED_CONTEXT((#6438))
GLOBAL_UNIT_ASSIGNED_CONTEXT((#6442,#6444,#6445))
REPRESENTATION_CONTEXT('','3D')
);
#6441=(
GEOMETRIC_REPRESENTATION_CONTEXT(3)
GLOBAL_UNCERTAINTY_ASSIGNED_CONTEXT((#6439))
GLOBAL_UNIT_ASSIGNED_CONTEXT((#6442,#6444,#6445))
REPRESENTATION_CONTEXT('','3D')
);
#6442=(
LENGTH_UNIT()
NAMED_UNIT(*)
SI_UNIT(.MILLI.,.METRE.)
);
#6443=(
LENGTH_UNIT()
NAMED_UNIT(*)
SI_UNIT(.CENTI.,.METRE.)
);
#6444=(
NAMED_UNIT(*)
PLANE_ANGLE_UNIT()
SI_UNIT($,.RADIAN.)
);
#6445=(
NAMED_UNIT(*)
SI_UNIT($,.STERADIAN.)
SOLID_ANGLE_UNIT()
);
#6446=SHAPE_DEFINITION_REPRESENTATION(#6447,#6448);
#6447=PRODUCT_DEFINITION_SHAPE('',$,#6450);
#6448=SHAPE_REPRESENTATION('',(#3729),#6440);
#6449=PRODUCT_DEFINITION_CONTEXT('part definition',#6454,'design');
#6450=PRODUCT_DEFINITION('better_platform','better_platform',#6451,#6449);
#6451=PRODUCT_DEFINITION_FORMATION('',$,#6456);
#6452=PRODUCT_RELATED_PRODUCT_CATEGORY('better_platform',
'better_platform',(#6456));
#6453=APPLICATION_PROTOCOL_DEFINITION('international standard',
'automotive_design',2009,#6454);
#6454=APPLICATION_CONTEXT(
'Core Data for Automotive Mechanical Design Process');
#6455=PRODUCT_CONTEXT('part definition',#6454,'mechanical');
#6456=PRODUCT('better_platform','better_platform',$,(#6455));
#6457=PRESENTATION_STYLE_ASSIGNMENT((#6459));
#6458=PRESENTATION_STYLE_ASSIGNMENT((#6460));
#6459=SURFACE_STYLE_USAGE(.BOTH.,#6463);
#6460=SURFACE_STYLE_USAGE(.BOTH.,#6464);
#6461=SURFACE_STYLE_RENDERING_WITH_PROPERTIES($,#6471,(#6462));
#6462=SURFACE_STYLE_TRANSPARENT(0.);
#6463=SURFACE_SIDE_STYLE('',(#6465,#6461));
#6464=SURFACE_SIDE_STYLE('',(#6466));
#6465=SURFACE_STYLE_FILL_AREA(#6467);
#6466=SURFACE_STYLE_FILL_AREA(#6468);
#6467=FILL_AREA_STYLE('',(#6469));
#6468=FILL_AREA_STYLE('',(#6470));
#6469=FILL_AREA_STYLE_COLOUR('',#6471);
#6470=FILL_AREA_STYLE_COLOUR('',#6472);
#6471=COLOUR_RGB('',0.749019607843137,0.749019607843137,0.749019607843137);
#6472=COLOUR_RGB('',0.913725490196078,0.913725490196078,0.);
ENDSEC;
END-ISO-10303-21;
