ISO-10303-21;
HEADER;
/* Generated by software containing ST-Developer
 * from STEP Tools, Inc. (www.steptools.com) 
 */

FILE_DESCRIPTION(
/* description */ (''),
/* implementation_level */ '2;1');

FILE_NAME(
/* name */ 'sortify_camera_mount.stp',
/* time_stamp */ '2026-09-20T03:26:37-04:00',
/* author */ ('zhiwe'),
/* organization */ (''),
/* preprocessor_version */ 'ST-DEVELOPER v20.2',
/* originating_system */ 'Autodesk Inventor 2027',
/* authorisation */ '');

FILE_SCHEMA (('AUTOMOTIVE_DESIGN { 1 0 10303 214 3 1 1 }'));
ENDSEC;

DATA;
#10=MECHANICAL_DESIGN_GEOMETRIC_PRESENTATION_REPRESENTATION('',(#13),#5679);
#11=SHAPE_REPRESENTATION_RELATIONSHIP('SRR','None',#5686,#12);
#12=ADVANCED_BREP_SHAPE_REPRESENTATION('',(#14),#5678);
#13=STYLED_ITEM('',(#5695),#14);
#14=MANIFOLD_SOLID_BREP('Solid1',#2160);
#15=CONICAL_SURFACE('',#2311,2.,0.785398163397448);
#16=FACE_BOUND('',#370,.T.);
#17=FACE_BOUND('',#407,.T.);
#18=FACE_BOUND('',#456,.T.);
#19=FACE_BOUND('',#466,.T.);
#20=FACE_BOUND('',#474,.T.);
#21=(
BOUNDED_SURFACE()
B_SPLINE_SURFACE(2,2,((#3254,#3255,#3256),(#3257,#3258,#3259),(#3260,#3261,
#3262)),.UNSPECIFIED.,.F.,.F.,.F.)
B_SPLINE_SURFACE_WITH_KNOTS((3,3),(3,3),(-3.06349913770951,-1.57079632679489),
(-1.5568287235459,-0.518942907848159),.UNSPECIFIED.)
GEOMETRIC_REPRESENTATION_ITEM()
RATIONAL_B_SPLINE_SURFACE(((1.,0.868343942804051,1.),(0.734171016611454,
0.637512955256849,0.734171016611454),(1.,0.868343942804051,1.)))
REPRESENTATION_ITEM('')
SURFACE()
);
#22=(
BOUNDED_SURFACE()
B_SPLINE_SURFACE(2,2,((#3666,#3667,#3668),(#3669,#3670,#3671),(#3672,#3673,
#3674)),.UNSPECIFIED.,.F.,.F.,.F.)
B_SPLINE_SURFACE_WITH_KNOTS((3,3),(3,3),(-3.06349913770965,-1.5707963267949),
(-3.14159265358979,-2.10370683789241),.UNSPECIFIED.)
GEOMETRIC_REPRESENTATION_ITEM()
RATIONAL_B_SPLINE_SURFACE(((1.,0.868343942804139,1.),(0.734171016611405,
0.637512955256871,0.734171016611405),(1.,0.868343942804139,1.)))
REPRESENTATION_ITEM('')
SURFACE()
);
#23=(
BOUNDED_SURFACE()
B_SPLINE_SURFACE(2,2,((#3973,#3974,#3975,#3976,#3977),(#3978,#3979,#3980,
#3981,#3982),(#3983,#3984,#3985,#3986,#3987)),.UNSPECIFIED.,.F.,.F.,.F.)
B_SPLINE_SURFACE_WITH_KNOTS((3,3),(3,2,3),(-3.14159265358979,-1.5707963267949),
(1.37848798943005,2.26004032150994,3.14159265358981),.UNSPECIFIED.)
GEOMETRIC_REPRESENTATION_ITEM()
RATIONAL_B_SPLINE_SURFACE(((1.,0.904420790978861,1.,0.904420790978861,1.),
(0.707106781186555,0.63952207434726,0.707106781186555,0.63952207434726,
0.707106781186555),(1.,0.904420790978861,1.,0.904420790978861,1.)))
REPRESENTATION_ITEM('')
SURFACE()
);
#24=(
BOUNDED_SURFACE()
B_SPLINE_SURFACE(2,2,((#4146,#4147,#4148,#4149,#4150),(#4151,#4152,#4153,
#4154,#4155),(#4156,#4157,#4158,#4159,#4160)),.UNSPECIFIED.,.F.,.F.,.F.)
B_SPLINE_SURFACE_WITH_KNOTS((3,3),(3,2,3),(-3.14159265358979,-1.5707963267949),
(-3.14159265358979,-2.26004032150992,-1.37848798943005),.UNSPECIFIED.)
GEOMETRIC_REPRESENTATION_ITEM()
RATIONAL_B_SPLINE_SURFACE(((1.,0.904420790978863,1.,0.904420790978863,1.),
(0.707106781186546,0.639522074347254,0.707106781186546,0.639522074347254,
0.707106781186546),(1.,0.904420790978863,1.,0.904420790978863,1.)))
REPRESENTATION_ITEM('')
SURFACE()
);
#25=(
BOUNDED_SURFACE()
B_SPLINE_SURFACE(2,2,((#5441,#5442,#5443),(#5444,#5445,#5446),(#5447,#5448,
#5449)),.UNSPECIFIED.,.F.,.F.,.F.)
B_SPLINE_SURFACE_WITH_KNOTS((3,3),(3,3),(-3.14159265358979,-1.5707963267949),
(-3.14159265358979,-1.58851031730232),.UNSPECIFIED.)
GEOMETRIC_REPRESENTATION_ITEM()
RATIONAL_B_SPLINE_SURFACE(((1.,0.713341805911859,1.),(0.707106781186547,
0.504408828264133,0.707106781186547),(1.,0.713341805911859,1.)))
REPRESENTATION_ITEM('')
SURFACE()
);
#26=TOROIDAL_SURFACE('',#2198,36.9965594651406,7.);
#27=TOROIDAL_SURFACE('',#2204,36.9965594651406,7.);
#28=TOROIDAL_SURFACE('',#2343,6.,3.);
#29=TOROIDAL_SURFACE('',#2349,6.,3.);
#30=TOROIDAL_SURFACE('',#2359,7.,3.);
#31=TOROIDAL_SURFACE('',#2360,6.,3.00000000000001);
#32=TOROIDAL_SURFACE('',#2363,6.,3.);
#33=B_SPLINE_CURVE_WITH_KNOTS('',3,(#3069,#3070,#3071,#3072,#3073,#3074,
#3075,#3076),.UNSPECIFIED.,.F.,.F.,(4,1,1,1,1,4),(-0.730882825585579,-0.626470993359068,
-0.522059161132557,-0.417647328906045,-0.208823664453023,0.),
 .UNSPECIFIED.);
#34=B_SPLINE_CURVE_WITH_KNOTS('',3,(#3077,#3078,#3079,#3080,#3081,#3082,
#3083,#3084),.UNSPECIFIED.,.F.,.F.,(4,1,1,1,1,4),(0.,0.208823664453023,
0.417647328906045,0.522059161132557,0.626470993359068,0.730882825585579),
 .UNSPECIFIED.);
#35=B_SPLINE_CURVE_WITH_KNOTS('',3,(#3110,#3111,#3112,#3113),
 .UNSPECIFIED.,.F.,.F.,(4,4),(-0.0346838383409736,-2.50342595300052E-15),
 .UNSPECIFIED.);
#36=B_SPLINE_CURVE_WITH_KNOTS('',3,(#3114,#3115,#3116,#3117),
 .UNSPECIFIED.,.F.,.F.,(4,4),(2.50342595300052E-15,0.0346838383409736),
 .UNSPECIFIED.);
#37=B_SPLINE_CURVE_WITH_KNOTS('',3,(#3162,#3163,#3164,#3165,#3166,#3167,
#3168,#3169),.UNSPECIFIED.,.F.,.F.,(4,1,1,1,1,4),(0.0401666567959575,0.248990321248975,
0.353402153475484,0.562225817928502,0.66663765015501,0.771049482381519),
 .UNSPECIFIED.);
#38=B_SPLINE_CURVE_WITH_KNOTS('',3,(#3172,#3173,#3174,#3175,#3176,#3177,
#3178,#3179),.UNSPECIFIED.,.F.,.F.,(4,1,1,1,1,4),(-0.771049482381519,-0.66663765015501,
-0.562225817928502,-0.353402153475484,-0.248990321248975,-0.0401666567959575),
 .UNSPECIFIED.);
#39=B_SPLINE_CURVE_WITH_KNOTS('',3,(#3202,#3203,#3204,#3205),
 .UNSPECIFIED.,.F.,.F.,(4,4),(-0.0346842100776381,0.),.UNSPECIFIED.);
#40=B_SPLINE_CURVE_WITH_KNOTS('',3,(#3206,#3207,#3208,#3209),
 .UNSPECIFIED.,.F.,.F.,(4,4),(0.,0.0346842100776381),.UNSPECIFIED.);
#41=B_SPLINE_CURVE_WITH_KNOTS('',3,(#3214,#3215,#3216,#3217,#3218,#3219,
#3220,#3221,#3222,#3223,#3224,#3225,#3226,#3227),.UNSPECIFIED.,.F.,.F.,
(4,2,2,2,2,2,4),(0.,0.271292480427836,0.543735902018744,0.818584490070719,
0.96221423609458,1.105989781244,1.10735844930705),.UNSPECIFIED.);
#42=B_SPLINE_CURVE_WITH_KNOTS('',3,(#3240,#3241,#3242,#3243,#3244,#3245,
#3246,#3247,#3248,#3249,#3250,#3251,#3252,#3253),.UNSPECIFIED.,.F.,.F.,
(4,2,2,2,2,2,4),(-0.00136915595722932,0.,0.143826797872044,0.287507744570253,
0.562454309771246,0.834994851125102,1.10638404103206),.UNSPECIFIED.);
#43=B_SPLINE_CURVE_WITH_KNOTS('',3,(#3290,#3291,#3292,#3293,#3294,#3295),
 .UNSPECIFIED.,.F.,.F.,(4,2,4),(1.42826834164989,1.51392126552064,1.59447415776587),
 .UNSPECIFIED.);
#44=B_SPLINE_CURVE_WITH_KNOTS('',3,(#3299,#3300,#3301,#3302,#3303,#3304,
#3305,#3306,#3307,#3308,#3309,#3310),.UNSPECIFIED.,.F.,.F.,(4,2,2,2,2,4),
(-0.00103443616337411,0.,0.120880016900828,0.241685540576013,0.438761924708906,
0.596972969276206),.UNSPECIFIED.);
#45=B_SPLINE_CURVE_WITH_KNOTS('',3,(#3415,#3416,#3417,#3418,#3419,#3420,
#3421,#3422,#3423,#3424,#3425,#3426,#3427,#3428,#3429),.UNSPECIFIED.,.F.,
 .F.,(4,1,1,1,1,1,1,1,1,1,2,4),(-2.37825767740719,-2.14043190966647,-1.90260614192575,
-1.66478037418503,-1.42695460644432,-1.1891288387036,-0.951303070962877,
-0.713477303222158,-0.475651535481438,-0.237825767740719,0.,0.00186361273951736),
 .UNSPECIFIED.);
#46=B_SPLINE_CURVE_WITH_KNOTS('',3,(#3430,#3431,#3432,#3433,#3434,#3435,
#3436,#3437,#3438,#3439,#3440,#3441,#3442,#3443,#3444),.UNSPECIFIED.,.F.,
 .F.,(4,2,1,1,1,1,1,1,1,1,1,4),(-0.00186361273951736,0.,0.237825767740719,
0.475651535481438,0.713477303222158,0.951303070962877,1.1891288387036,1.42695460644432,
1.66478037418503,1.90260614192575,2.14043190966647,2.37825767740719),
 .UNSPECIFIED.);
#47=B_SPLINE_CURVE_WITH_KNOTS('',3,(#3600,#3601,#3602,#3603,#3604,#3605,
#3606,#3607,#3608,#3609,#3610,#3611,#3612,#3613,#3614),.UNSPECIFIED.,.F.,
 .F.,(4,1,1,1,1,1,1,1,1,1,2,4),(-2.37367148419907,-2.13630433577917,-1.89893718735926,
-1.78025361314931,-1.66157003893935,-1.42420289051944,-1.06815216788958,
-0.94946859367963,-0.474734296839815,-0.237367148419907,0.,0.00205931277983532),
 .UNSPECIFIED.);
#48=B_SPLINE_CURVE_WITH_KNOTS('',3,(#3615,#3616,#3617,#3618,#3619,#3620,
#3621,#3622,#3623,#3624,#3625,#3626,#3627,#3628,#3629),.UNSPECIFIED.,.F.,
 .F.,(4,2,1,1,1,1,1,1,1,1,1,4),(-0.00205931277983532,0.,0.237367148419907,
0.474734296839815,0.94946859367963,1.06815216788958,1.42420289051944,1.66157003893935,
1.78025361314931,1.89893718735926,2.13630433577917,2.37367148419907),
 .UNSPECIFIED.);
#49=B_SPLINE_CURVE_WITH_KNOTS('',3,(#3702,#3703,#3704,#3705,#3706,#3707,
#3708,#3709,#3710,#3711),.UNSPECIFIED.,.F.,.F.,(4,2,2,2,4),(0.,0.143093862861503,
0.322459449373282,0.538569458565624,0.539548403024786),.UNSPECIFIED.);
#50=B_SPLINE_CURVE_WITH_KNOTS('',3,(#3800,#3801,#3802,#3803,#3804,#3805,
#3806,#3807,#3808,#3809),.UNSPECIFIED.,.F.,.F.,(4,2,2,2,4),(0.0358748713256545,
0.120697790539008,0.240834687622292,0.359835377551159,0.478668528305661),
 .UNSPECIFIED.);
#51=B_SPLINE_CURVE_WITH_KNOTS('',3,(#3811,#3812,#3813,#3814,#3815,#3816,
#3817),.UNSPECIFIED.,.F.,.F.,(4,3,4),(0.,0.0301092692373208,0.0358748713256545),
 .UNSPECIFIED.);
#52=B_SPLINE_CURVE_WITH_KNOTS('',3,(#3827,#3828,#3829,#3830,#3831,#3832,
#3833,#3834,#3835,#3836,#3837,#3838),.UNSPECIFIED.,.F.,.F.,(4,2,2,2,2,4),
(0.,0.115642131179229,0.232977066120005,0.351765328520904,0.414937128429508,
0.442186933130409),.UNSPECIFIED.);
#53=B_SPLINE_CURVE_WITH_KNOTS('',3,(#3877,#3878,#3879,#3880,#3881,#3882,
#3883),.UNSPECIFIED.,.F.,.F.,(4,3,4),(0.442186933130409,0.472587995967408,
0.477989896833808),.UNSPECIFIED.);
#54=B_SPLINE_CURVE_WITH_KNOTS('',3,(#3912,#3913,#3914,#3915,#3916,#3917,
#3918,#3919),.UNSPECIFIED.,.F.,.F.,(4,2,2,4),(1.27284737980432,1.33207560842038,
1.60475709680284,1.60568291715973),.UNSPECIFIED.);
#55=B_SPLINE_CURVE_WITH_KNOTS('',3,(#3989,#3990,#3991,#3992,#3993,#3994,
#3995,#3996,#3997,#3998,#3999,#4000,#4001,#4002,#4003,#4004,#4005,#4006,
#4007,#4008,#4009,#4010,#4011,#4012,#4013,#4014,#4015,#4016,#4017,#4018,
#4019,#4020),.UNSPECIFIED.,.F.,.F.,(4,2,2,2,2,2,2,2,2,2,2,2,2,2,2,4),(0.,
0.000484554358108956,0.000738691622837331,0.00121129131037028,0.00225824443455408,
0.00516448216338447,0.00807061597727919,0.0109386848757984,0.0166247933132824,
0.0320936594290945,0.0475180652238796,0.0629424710186646,0.0783434198344496,
0.0937443686502347,0.109109952999155,0.124475537348076),.UNSPECIFIED.);
#56=B_SPLINE_CURVE_WITH_KNOTS('',3,(#4025,#4026,#4027,#4028,#4029,#4030,
#4031,#4032,#4033,#4034,#4035,#4036,#4037,#4038,#4039,#4040,#4041,#4042,
#4043,#4044,#4045,#4046,#4047,#4048,#4049,#4050,#4051,#4052,#4053,#4054,
#4055,#4056),.UNSPECIFIED.,.F.,.F.,(4,2,2,2,2,2,2,2,2,2,2,2,2,2,2,4),(-0.124475537348076,
-0.109109952999155,-0.0937443686502349,-0.0783434198344499,-0.0629424710186648,
-0.0475180652238798,-0.0320936594290948,-0.0166247933132826,-0.0109386848757986,
-0.00807061597727943,-0.00516448216338472,-0.00225824443455425,-0.00121129131037034,
-0.000738691622837351,-0.000484554358108902,0.),.UNSPECIFIED.);
#57=B_SPLINE_CURVE_WITH_KNOTS('',3,(#4059,#4060,#4061,#4062,#4063,#4064,
#4065,#4066,#4067,#4068,#4069,#4070,#4071,#4072,#4073,#4074,#4075,#4076,
#4077,#4078,#4079,#4080,#4081,#4082,#4083,#4084,#4085,#4086,#4087,#4088,
#4089,#4090,#4091,#4092,#4093,#4094),.UNSPECIFIED.,.F.,.F.,(4,2,2,2,2,2,
2,2,2,2,2,2,2,2,2,2,2,4),(-0.379681342233773,-0.332653782901817,-0.28562622356986,
-0.23852382527117,-0.19142142697248,-0.144268699760377,-0.097115972548274,
-0.0499088127671072,-0.0407097734486599,-0.0277180079464014,-0.0229423916891651,
-0.0181405773498766,-0.0145783755668432,-0.00603118243428113,-0.00310102801183998,
-0.00184227649752966,-0.00119150557721204,0.),.UNSPECIFIED.);
#58=B_SPLINE_CURVE_WITH_KNOTS('',3,(#4197,#4198,#4199,#4200,#4201,#4202,
#4203,#4204,#4205,#4206,#4207,#4208,#4209,#4210,#4211,#4212,#4213,#4214,
#4215,#4216,#4217,#4218,#4219,#4220,#4221,#4222,#4223,#4224,#4225,#4226,
#4227,#4228,#4229,#4230,#4231,#4232,#4233,#4234,#4235,#4236,#4237,#4238,
#4239,#4240,#4241,#4242,#4243,#4244,#4245,#4246,#4247,#4248,#4249,#4250,
#4251,#4252,#4253,#4254,#4255,#4256,#4257,#4258,#4259,#4260,#4261,#4262,
#4263,#4264,#4265,#4266,#4267,#4268,#4269,#4270,#4271,#4272,#4273,#4274,
#4275,#4276,#4277,#4278,#4279,#4280,#4281,#4282,#4283,#4284,#4285,#4286,
#4287,#4288,#4289,#4290,#4291,#4292,#4293,#4294,#4295,#4296,#4297,#4298,
#4299,#4300,#4301,#4302,#4303,#4304,#4305,#4306,#4307,#4308,#4309,#4310,
#4311,#4312,#4313,#4314,#4315,#4316,#4317),.UNSPECIFIED.,.F.,.F.,(4,3,3,
3,3,3,3,3,3,3,3,3,3,3,3,3,3,3,3,3,3,3,3,3,3,3,3,3,3,3,3,3,3,3,3,3,3,3,3,
3,4),(-0.722141711107962,-0.700451860332261,-0.686063784702566,-0.663700798063328,
-0.64081478490448,-0.617593741880486,-0.605087804327407,-0.600584494842131,
-0.576460056763116,-0.55211025117295,-0.528015610391894,-0.525030701665081,
-0.518694280040071,-0.512704830237095,-0.48880930246472,-0.464293921088136,
-0.441085090677058,-0.430370829032381,-0.423504587127904,-0.419575136509172,
-0.393733805086261,-0.367373541944783,-0.345185975908465,-0.328545301381227,
-0.324201503784459,-0.296683506912721,-0.278623277799512,-0.25198292844519,
-0.236233995417366,-0.225014657817372,-0.220868951633225,-0.19321973273943,
-0.16500237870496,-0.136447711202382,-0.119391747302084,-0.11446680593481,
-0.110222141615508,-0.0807513391747541,-0.0511255658960485,-0.0219501863467097,
0.),.UNSPECIFIED.);
#59=B_SPLINE_CURVE_WITH_KNOTS('',3,(#4320,#4321,#4322,#4323,#4324,#4325,
#4326,#4327,#4328,#4329,#4330,#4331,#4332,#4333,#4334,#4335,#4336,#4337,
#4338,#4339,#4340,#4341,#4342,#4343,#4344,#4345,#4346,#4347,#4348,#4349,
#4350,#4351,#4352,#4353,#4354,#4355,#4356,#4357,#4358,#4359,#4360,#4361,
#4362,#4363,#4364,#4365,#4366,#4367,#4368,#4369,#4370,#4371,#4372,#4373,
#4374,#4375,#4376,#4377,#4378,#4379,#4380,#4381,#4382,#4383,#4384,#4385,
#4386,#4387,#4388,#4389,#4390,#4391,#4392,#4393,#4394,#4395,#4396,#4397,
#4398,#4399,#4400,#4401,#4402,#4403,#4404,#4405,#4406,#4407,#4408,#4409,
#4410,#4411,#4412,#4413,#4414,#4415,#4416,#4417,#4418,#4419,#4420,#4421,
#4422,#4423,#4424,#4425,#4426,#4427,#4428,#4429,#4430,#4431,#4432,#4433,
#4434,#4435,#4436,#4437,#4438,#4439,#4440,#4441,#4442,#4443,#4444,#4445,
#4446,#4447,#4448,#4449),.UNSPECIFIED.,.F.,.F.,(4,3,3,3,3,3,3,3,3,3,3,3,
3,3,3,3,3,3,3,3,3,3,3,3,3,3,3,3,3,3,3,3,3,3,3,3,3,3,3,3,3,3,3,4),(-0.772528261278749,
-0.743846881547458,-0.722643386184119,-0.70584374817581,-0.698666118712842,
-0.66974041273265,-0.645329879111251,-0.638386201723034,-0.634074240881472,
-0.606040407177104,-0.578162125838592,-0.55223563031931,-0.532790758679848,
-0.528808615474248,-0.524561087305104,-0.498180400562733,-0.474456143761463,
-0.446737839238744,-0.434611081010055,-0.428945467605876,-0.424972872182066,
-0.39900050240472,-0.373135381305938,-0.347732572739952,-0.335305292483633,
-0.329373110955361,-0.304746441113261,-0.280506779273378,-0.256919204139211,
-0.252709707579715,-0.243576247997736,-0.238845096495619,-0.215046431721385,
-0.191262598280603,-0.167862067580949,-0.159700502363372,-0.155702926692677,
-0.132994576002041,-0.110754952195424,-0.0889412765073888,-0.0808039306243074,
-0.076251828744187,-0.0729595958553294,-0.0576389890263859),
 .UNSPECIFIED.);
#60=B_SPLINE_CURVE_WITH_KNOTS('',3,(#4452,#4453,#4454,#4455,#4456,#4457,
#4458,#4459,#4460,#4461,#4462,#4463,#4464,#4465,#4466,#4467,#4468,#4469,
#4470,#4471,#4472,#4473,#4474,#4475,#4476,#4477,#4478,#4479,#4480,#4481,
#4482,#4483,#4484,#4485,#4486,#4487,#4488,#4489,#4490,#4491,#4492,#4493,
#4494,#4495,#4496,#4497,#4498,#4499,#4500),.UNSPECIFIED.,.F.,.F.,(4,3,3,
3,3,3,3,3,3,3,3,3,3,3,3,3,4),(0.26427346253047,0.264966883523689,0.281955431918846,
0.303711660051692,0.32586431286243,0.337458959077665,0.343583930742466,
0.347483908921745,0.351155186762532,0.374505011537436,0.398326435925459,
0.422446140672272,0.434305985308829,0.439376692431315,0.464562974197539,
0.490092128729292,0.511378652306202),.UNSPECIFIED.);
#61=B_SPLINE_CURVE_WITH_KNOTS('',3,(#4503,#4504,#4505,#4506,#4507,#4508,
#4509,#4510,#4511,#4512,#4513,#4514,#4515,#4516,#4517,#4518,#4519,#4520,
#4521,#4522,#4523,#4524,#4525,#4526,#4527,#4528,#4529,#4530,#4531,#4532,
#4533,#4534,#4535,#4536,#4537,#4538,#4539,#4540,#4541,#4542,#4543,#4544,
#4545,#4546,#4547,#4548,#4549,#4550,#4551,#4552,#4553,#4554,#4555,#4556,
#4557,#4558,#4559,#4560,#4561,#4562,#4563,#4564,#4565,#4566,#4567,#4568,
#4569,#4570,#4571,#4572,#4573,#4574,#4575,#4576,#4577,#4578,#4579,#4580,
#4581,#4582,#4583,#4584,#4585,#4586,#4587,#4588,#4589,#4590,#4591,#4592,
#4593,#4594,#4595,#4596,#4597,#4598,#4599,#4600,#4601,#4602,#4603,#4604,
#4605,#4606,#4607,#4608,#4609,#4610,#4611,#4612,#4613,#4614,#4615,#4616,
#4617,#4618,#4619,#4620,#4621,#4622,#4623,#4624,#4625,#4626,#4627,#4628,
#4629,#4630,#4631,#4632,#4633,#4634,#4635,#4636,#4637,#4638,#4639,#4640,
#4641,#4642,#4643,#4644,#4645,#4646,#4647,#4648,#4649,#4650,#4651,#4652,
#4653,#4654,#4655,#4656,#4657,#4658,#4659,#4660,#4661,#4662,#4663,#4664,
#4665,#4666,#4667,#4668,#4669,#4670,#4671,#4672,#4673,#4674),
 .UNSPECIFIED.,.F.,.F.,(4,3,3,3,3,3,3,3,3,3,3,3,3,3,3,3,3,3,3,3,3,3,3,3,
3,3,3,3,3,3,3,3,3,3,3,3,3,3,3,3,3,3,3,3,3,3,3,3,3,3,3,3,3,3,3,3,3,4),(1.05624243286375,
1.06849246484654,1.07220815153557,1.07661878369218,1.1030198162846,1.12875905491996,
1.15320476857446,1.16803046524948,1.17204414171173,1.1978519142731,1.22397466962555,
1.24997765958863,1.26009477963322,1.26429058814657,1.26822101054584,1.29390385013416,
1.31930468602521,1.34442982523425,1.35438183018062,1.36029279144383,1.3695549644433,
1.39536737906321,1.42071219489735,1.44012995571051,1.44681370375142,1.45157737619118,
1.47648753486044,1.50137922149599,1.52004798647265,1.53404956020514,1.53786945990261,
1.54201408795973,1.56620377839427,1.57605428140263,1.60062789554695,1.62212980792324,
1.62609243073562,1.65011614952578,1.67428386109586,1.6988736944612,1.70921895631791,
1.71394020849498,1.73757300760109,1.76064846751844,1.77264319455722,1.78415414442447,
1.79473762910648,1.79856457927758,1.82172588987748,1.8450916293141,1.86825379449712,
1.87630507083962,1.87987011286893,1.90275724444865,1.92537811205668,1.9473060044247,
1.95681839243314,1.95923137980071),.UNSPECIFIED.);
#62=B_SPLINE_CURVE_WITH_KNOTS('',3,(#4725,#4726,#4727,#4728,#4729,#4730),
 .UNSPECIFIED.,.F.,.F.,(4,2,4),(0.,0.646120126139344,0.647707324788727),
 .UNSPECIFIED.);
#63=B_SPLINE_CURVE_WITH_KNOTS('',3,(#4731,#4732,#4733,#4734,#4735,#4736),
 .UNSPECIFIED.,.F.,.F.,(4,2,4),(-0.647707324788727,-0.646120126139344,0.),
 .UNSPECIFIED.);
#64=B_SPLINE_CURVE_WITH_KNOTS('',3,(#4756,#4757,#4758,#4759),
 .UNSPECIFIED.,.F.,.F.,(4,4),(-0.0548293691099955,0.),.UNSPECIFIED.);
#65=B_SPLINE_CURVE_WITH_KNOTS('',3,(#4760,#4761,#4762,#4763),
 .UNSPECIFIED.,.F.,.F.,(4,4),(0.,0.0548293691099955),.UNSPECIFIED.);
#66=B_SPLINE_CURVE_WITH_KNOTS('',3,(#4867,#4868,#4869,#4870,#4871,#4872),
 .UNSPECIFIED.,.F.,.F.,(4,1,1,4),(-0.659425506922731,-0.471018219230522,
-0.282610931538313,0.),.UNSPECIFIED.);
#67=B_SPLINE_CURVE_WITH_KNOTS('',3,(#4873,#4874,#4875,#4876,#4877,#4878),
 .UNSPECIFIED.,.F.,.F.,(4,1,1,4),(0.,0.282610931538313,0.471018219230522,
0.659425506922731),.UNSPECIFIED.);
#68=B_SPLINE_CURVE_WITH_KNOTS('',3,(#4899,#4900,#4901,#4902),
 .UNSPECIFIED.,.F.,.F.,(4,4),(-0.0548293691139106,0.),.UNSPECIFIED.);
#69=B_SPLINE_CURVE_WITH_KNOTS('',3,(#4905,#4906,#4907,#4908),
 .UNSPECIFIED.,.F.,.F.,(4,4),(0.,0.0548293691139106),.UNSPECIFIED.);
#70=B_SPLINE_CURVE_WITH_KNOTS('',3,(#4933,#4934,#4935,#4936,#4937,#4938),
 .UNSPECIFIED.,.F.,.F.,(4,2,4),(-0.646120126139201,0.,0.00158719864956834),
 .UNSPECIFIED.);
#71=B_SPLINE_CURVE_WITH_KNOTS('',3,(#4939,#4940,#4941,#4942,#4943,#4944),
 .UNSPECIFIED.,.F.,.F.,(4,2,4),(-0.00158719864956834,0.,0.646120126139201),
 .UNSPECIFIED.);
#72=B_SPLINE_CURVE_WITH_KNOTS('',3,(#4981,#4982,#4983,#4984,#4985,#4986),
 .UNSPECIFIED.,.F.,.F.,(4,1,1,4),(-0.659443856098617,-0.282618795470836,
-0.188412530313891,0.),.UNSPECIFIED.);
#73=B_SPLINE_CURVE_WITH_KNOTS('',3,(#4987,#4988,#4989,#4990,#4991,#4992),
 .UNSPECIFIED.,.F.,.F.,(4,1,1,4),(0.,0.188412530313891,0.282618795470836,
0.659443856098617),.UNSPECIFIED.);
#74=B_SPLINE_CURVE_WITH_KNOTS('',3,(#5074,#5075,#5076,#5077,#5078,#5079,
#5080,#5081),.UNSPECIFIED.,.F.,.F.,(4,1,1,2,4),(-0.697719874336648,-0.418631924601989,
-0.279087949734659,0.,0.00149501537430726),.UNSPECIFIED.);
#75=B_SPLINE_CURVE_WITH_KNOTS('',3,(#5083,#5084,#5085,#5086,#5087,#5088,
#5089,#5090),.UNSPECIFIED.,.F.,.F.,(4,2,1,1,4),(-0.00149501537430726,0.,
0.279087949734659,0.418631924601989,0.697719874336648),.UNSPECIFIED.);
#76=B_SPLINE_CURVE_WITH_KNOTS('',3,(#5122,#5123,#5124,#5125,#5126,#5127),
 .UNSPECIFIED.,.F.,.F.,(4,1,1,4),(-0.604600978094366,-0.259114704897587,
-0.129557352448795,-2.5671901036284E-15),.UNSPECIFIED.);
#77=B_SPLINE_CURVE_WITH_KNOTS('',3,(#5128,#5129,#5130,#5131,#5132,#5133),
 .UNSPECIFIED.,.F.,.F.,(4,1,1,4),(2.5671901036284E-15,0.129557352448795,
0.259114704897587,0.604600978094366),.UNSPECIFIED.);
#78=B_SPLINE_CURVE_WITH_KNOTS('',3,(#5387,#5388,#5389,#5390,#5391,#5392,
#5393,#5394,#5395,#5396,#5397,#5398,#5399),.UNSPECIFIED.,.F.,.F.,(4,1,1,
1,1,1,1,1,1,1,4),(-1.06463364960004,-1.02661101925718,-0.988588388914323,
-0.950565758571465,-0.912543128228606,-0.874520497885747,-0.608362085485737,
-0.304181042742869,-0.152090521371434,-0.0760452606857172,0.),
 .UNSPECIFIED.);
#79=B_SPLINE_CURVE_WITH_KNOTS('',3,(#5401,#5402,#5403,#5404,#5405,#5406,
#5407,#5408,#5409,#5410,#5411,#5412,#5413),.UNSPECIFIED.,.F.,.F.,(4,1,1,
1,1,1,1,1,1,1,4),(0.,0.0760452606857172,0.152090521371434,0.304181042742869,
0.608362085485737,0.874520497885747,0.912543128228606,0.950565758571465,
0.988588388914323,1.02661101925718,1.06463364960004),.UNSPECIFIED.);
#80=B_SPLINE_CURVE_WITH_KNOTS('',3,(#5495,#5496,#5497,#5498,#5499,#5500),
 .UNSPECIFIED.,.F.,.F.,(4,1,1,4),(27.5023071492642,28.4807119959906,29.4591168427169,
30.015581272136),.UNSPECIFIED.);
#81=B_SPLINE_CURVE_WITH_KNOTS('',3,(#5501,#5502,#5503,#5504,#5505,#5506,
#5507,#5508,#5509,#5510,#5511,#5512,#5513,#5514,#5515,#5516,#5517,#5518,
#5519,#5520,#5521,#5522,#5523,#5524,#5525,#5526,#5527,#5528,#5529,#5530,
#5531,#5532,#5533,#5534,#5535,#5536,#5537,#5538,#5539,#5540,#5541,#5542,
#5543,#5544,#5545,#5546,#5547,#5548,#5549,#5550,#5551,#5552,#5553,#5554,
#5555,#5556,#5557,#5558,#5559,#5560,#5561),.UNSPECIFIED.,.F.,.F.,(4,3,3,
3,3,3,3,3,3,3,3,3,3,3,3,3,3,3,3,3,4),(0.668995043300235,0.693998725609892,
0.719548730347828,0.732638505770002,0.737973551026022,0.741542765391621,
0.767929044432898,0.79483350588192,0.821987715967027,0.835362393608976,
0.840116693412437,0.844322548197337,0.872364964904289,0.900675051003451,
0.928985137102613,0.945358832449858,0.949691632018939,0.97746901897933,
1.00580414212667,1.03477299695633,1.05076408371665),.UNSPECIFIED.);
#82=B_SPLINE_CURVE_WITH_KNOTS('',3,(#5598,#5599,#5600,#5601,#5602,#5603,
#5604,#5605,#5606,#5607,#5608,#5609,#5610,#5611,#5612,#5613,#5614,#5615,
#5616,#5617,#5618,#5619,#5620,#5621,#5622,#5623,#5624,#5625,#5626,#5627,
#5628,#5629,#5630,#5631,#5632,#5633,#5634,#5635,#5636,#5637,#5638,#5639,
#5640,#5641,#5642,#5643,#5644,#5645,#5646,#5647,#5648,#5649,#5650,#5651,
#5652,#5653,#5654,#5655,#5656,#5657,#5658,#5659,#5660,#5661,#5662,#5663,
#5664),.UNSPECIFIED.,.F.,.F.,(4,3,3,3,3,3,3,3,3,3,3,3,3,3,3,3,3,3,3,3,3,
3,4),(0.,0.0290001663236038,0.0585809098333226,0.0879423391757522,0.108931045861543,
0.113070487226839,0.117532714240641,0.146059970138998,0.174064206247239,
0.201550845783963,0.215126132503492,0.221297853268797,0.225643739404663,
0.25258788780753,0.255851992662078,0.283340488597712,0.309718626081144,
0.319767227877349,0.324127583513545,0.327660882312768,0.354141423916363,
0.380429722008771,0.38885303853144),.UNSPECIFIED.);
#83=B_SPLINE_SURFACE_WITH_KNOTS('',3,3,((#3026,#3027,#3028,#3029,#3030,
#3031,#3032,#3033),(#3034,#3035,#3036,#3037,#3038,#3039,#3040,#3041),(#3042,
#3043,#3044,#3045,#3046,#3047,#3048,#3049),(#3050,#3051,#3052,#3053,#3054,
#3055,#3056,#3057),(#3058,#3059,#3060,#3061,#3062,#3063,#3064,#3065)),
 .UNSPECIFIED.,.F.,.F.,.F.,(4,1,4),(4,1,1,1,1,4),(0.,0.571428571428571,
1.),(0.,0.208823664453023,0.417647328906045,0.522059161132557,0.626470993359068,
0.730882825585579),.UNSPECIFIED.);
#84=B_SPLINE_SURFACE_WITH_KNOTS('',3,3,((#3094,#3095,#3096,#3097),(#3098,
#3099,#3100,#3101),(#3102,#3103,#3104,#3105),(#3106,#3107,#3108,#3109)),
 .UNSPECIFIED.,.F.,.F.,.F.,(4,4),(4,4),(0.,1.),(2.50342595300052E-15,0.0346838383409736),
 .UNSPECIFIED.);
#85=B_SPLINE_SURFACE_WITH_KNOTS('',3,3,((#3118,#3119,#3120,#3121,#3122,
#3123,#3124,#3125),(#3126,#3127,#3128,#3129,#3130,#3131,#3132,#3133),(#3134,
#3135,#3136,#3137,#3138,#3139,#3140,#3141),(#3142,#3143,#3144,#3145,#3146,
#3147,#3148,#3149),(#3150,#3151,#3152,#3153,#3154,#3155,#3156,#3157)),
 .UNSPECIFIED.,.F.,.F.,.F.,(4,1,4),(4,1,1,1,1,4),(0.,0.571428571428571,
1.),(0.0401666567959575,0.248990321248975,0.353402153475484,0.562225817928502,
0.66663765015501,0.771049482381519),.UNSPECIFIED.);
#86=B_SPLINE_SURFACE_WITH_KNOTS('',3,3,((#3186,#3187,#3188,#3189),(#3190,
#3191,#3192,#3193),(#3194,#3195,#3196,#3197),(#3198,#3199,#3200,#3201)),
 .UNSPECIFIED.,.F.,.F.,.F.,(4,4),(4,4),(0.,1.),(0.,0.0346842100776381),
 .UNSPECIFIED.);
#87=B_SPLINE_SURFACE_WITH_KNOTS('',3,3,((#3322,#3323,#3324,#3325,#3326,
#3327,#3328,#3329,#3330,#3331,#3332,#3333,#3334,#3335,#3336),(#3337,#3338,
#3339,#3340,#3341,#3342,#3343,#3344,#3345,#3346,#3347,#3348,#3349,#3350,
#3351),(#3352,#3353,#3354,#3355,#3356,#3357,#3358,#3359,#3360,#3361,#3362,
#3363,#3364,#3365,#3366),(#3367,#3368,#3369,#3370,#3371,#3372,#3373,#3374,
#3375,#3376,#3377,#3378,#3379,#3380,#3381),(#3382,#3383,#3384,#3385,#3386,
#3387,#3388,#3389,#3390,#3391,#3392,#3393,#3394,#3395,#3396),(#3397,#3398,
#3399,#3400,#3401,#3402,#3403,#3404,#3405,#3406,#3407,#3408,#3409,#3410,
#3411)),.UNSPECIFIED.,.F.,.F.,.F.,(4,1,1,4),(4,2,1,1,1,1,1,1,1,1,1,4),(0.,
0.285714285714286,0.571428571428571,1.),(-0.00186361273951736,0.,0.237825767740719,
0.475651535481438,0.713477303222158,0.951303070962877,1.1891288387036,1.42695460644432,
1.66478037418503,1.90260614192575,2.14043190966647,2.37825767740719),
 .UNSPECIFIED.);
#88=B_SPLINE_SURFACE_WITH_KNOTS('',3,3,((#3445,#3446,#3447,#3448),(#3449,
#3450,#3451,#3452),(#3453,#3454,#3455,#3456),(#3457,#3458,#3459,#3460),
(#3461,#3462,#3463,#3464),(#3465,#3466,#3467,#3468)),.UNSPECIFIED.,.F.,
 .F.,.F.,(4,1,1,4),(4,4),(0.,0.285714285714286,0.571428571428571,1.),(-0.215960498684992,
-3.63933445185847E-16),.UNSPECIFIED.);
#89=B_SPLINE_SURFACE_WITH_KNOTS('',3,3,((#3480,#3481,#3482,#3483),(#3484,
#3485,#3486,#3487),(#3488,#3489,#3490,#3491),(#3492,#3493,#3494,#3495),
(#3496,#3497,#3498,#3499),(#3500,#3501,#3502,#3503)),.UNSPECIFIED.,.F.,
 .F.,.F.,(4,1,1,4),(4,4),(0.,0.285714285714286,0.571428571428571,1.),(-0.215960498684958,
-4.75809867696496E-16),.UNSPECIFIED.);
#90=B_SPLINE_SURFACE_WITH_KNOTS('',3,3,((#3509,#3510,#3511,#3512,#3513,
#3514,#3515,#3516,#3517,#3518,#3519,#3520,#3521,#3522,#3523),(#3524,#3525,
#3526,#3527,#3528,#3529,#3530,#3531,#3532,#3533,#3534,#3535,#3536,#3537,
#3538),(#3539,#3540,#3541,#3542,#3543,#3544,#3545,#3546,#3547,#3548,#3549,
#3550,#3551,#3552,#3553),(#3554,#3555,#3556,#3557,#3558,#3559,#3560,#3561,
#3562,#3563,#3564,#3565,#3566,#3567,#3568),(#3569,#3570,#3571,#3572,#3573,
#3574,#3575,#3576,#3577,#3578,#3579,#3580,#3581,#3582,#3583),(#3584,#3585,
#3586,#3587,#3588,#3589,#3590,#3591,#3592,#3593,#3594,#3595,#3596,#3597,
#3598)),.UNSPECIFIED.,.F.,.F.,.F.,(4,1,1,4),(4,2,1,1,1,1,1,1,1,1,1,4),(0.,
0.285714285714286,0.571428571428571,1.),(-0.00205931277983532,0.,0.237367148419907,
0.474734296839815,0.94946859367963,1.06815216788958,1.42420289051944,1.66157003893935,
1.78025361314931,1.89893718735926,2.13630433577917,2.37367148419907),
 .UNSPECIFIED.);
#91=B_SPLINE_SURFACE_WITH_KNOTS('',3,3,((#3766,#3767,#3768,#3769,#3770,
#3771),(#3772,#3773,#3774,#3775,#3776,#3777),(#3778,#3779,#3780,#3781,#3782,
#3783),(#3784,#3785,#3786,#3787,#3788,#3789),(#3790,#3791,#3792,#3793,#3794,
#3795)),.UNSPECIFIED.,.F.,.F.,.F.,(4,1,4),(4,1,1,4),(0.,0.571428571428571,
1.),(-4.68245338392859E-18,0.705122503615062,1.17520417269177,1.64528584176848),
 .UNSPECIFIED.);
#92=B_SPLINE_SURFACE_WITH_KNOTS('',3,3,((#3842,#3843,#3844,#3845,#3846,
#3847),(#3848,#3849,#3850,#3851,#3852,#3853),(#3854,#3855,#3856,#3857,#3858,
#3859),(#3860,#3861,#3862,#3863,#3864,#3865),(#3866,#3867,#3868,#3869,#3870,
#3871)),.UNSPECIFIED.,.F.,.F.,.F.,(4,1,4),(4,1,1,4),(0.,0.571428571428571,
1.),(-1.64528584176848,-0.94016333815342,-0.470081669076712,-3.5527136788005E-15),
 .UNSPECIFIED.);
#93=B_SPLINE_SURFACE_WITH_KNOTS('',3,3,((#3922,#3923,#3924,#3925),(#3926,
#3927,#3928,#3929),(#3930,#3931,#3932,#3933),(#3934,#3935,#3936,#3937)),
 .UNSPECIFIED.,.F.,.F.,.F.,(4,4),(4,4),(0.,1.),(-1.5707963267949,-1.16907482436784),
 .UNSPECIFIED.);
#94=B_SPLINE_SURFACE_WITH_KNOTS('',3,3,((#3941,#3942,#3943,#3944,#3945),
(#3946,#3947,#3948,#3949,#3950),(#3951,#3952,#3953,#3954,#3955),(#3956,
#3957,#3958,#3959,#3960),(#3961,#3962,#3963,#3964,#3965)),.UNSPECIFIED.,
 .F.,.F.,.F.,(4,1,4),(4,1,4),(0.,0.571428571428571,1.),(0.401721502427061,
1.06976425920868,1.5707963267949),.UNSPECIFIED.);
#95=B_SPLINE_SURFACE_WITH_KNOTS('',3,3,((#4095,#4096,#4097,#4098),(#4099,
#4100,#4101,#4102),(#4103,#4104,#4105,#4106),(#4107,#4108,#4109,#4110)),
 .UNSPECIFIED.,.F.,.F.,.F.,(4,4),(4,4),(0.,1.),(1.16907482436784,1.5707963267949),
 .UNSPECIFIED.);
#96=B_SPLINE_SURFACE_WITH_KNOTS('',3,3,((#4114,#4115,#4116,#4117,#4118),
(#4119,#4120,#4121,#4122,#4123),(#4124,#4125,#4126,#4127,#4128),(#4129,
#4130,#4131,#4132,#4133),(#4134,#4135,#4136,#4137,#4138)),.UNSPECIFIED.,
 .F.,.F.,.F.,(4,1,4),(4,1,4),(0.,0.571428571428571,1.),(-1.5707963267949,
-1.06976425920868,-0.401721502427057),.UNSPECIFIED.);
#97=B_SPLINE_SURFACE_WITH_KNOTS('',3,3,((#4698,#4699,#4700,#4701,#4702,
#4703),(#4704,#4705,#4706,#4707,#4708,#4709),(#4710,#4711,#4712,#4713,#4714,
#4715),(#4716,#4717,#4718,#4719,#4720,#4721)),.UNSPECIFIED.,.F.,.F.,.F.,
(4,4),(4,2,4),(0.,1.),(-0.647707324788727,-0.646120126139344,0.),
 .UNSPECIFIED.);
#98=B_SPLINE_SURFACE_WITH_KNOTS('',3,3,((#4737,#4738,#4739,#4740),(#4741,
#4742,#4743,#4744),(#4745,#4746,#4747,#4748),(#4749,#4750,#4751,#4752)),
 .UNSPECIFIED.,.F.,.F.,.F.,(4,4),(4,4),(0.,1.),(0.,0.0548293691099955),
 .UNSPECIFIED.);
#99=B_SPLINE_SURFACE_WITH_KNOTS('',3,3,((#4764,#4765,#4766,#4767),(#4768,
#4769,#4770,#4771),(#4772,#4773,#4774,#4775),(#4776,#4777,#4778,#4779),
(#4780,#4781,#4782,#4783),(#4784,#4785,#4786,#4787)),.UNSPECIFIED.,.F.,
 .F.,.F.,(4,1,1,4),(4,4),(0.,0.285714285714286,0.571428571428571,1.),(-0.11281325357165,
-2.76673227737532E-15),.UNSPECIFIED.);
#100=B_SPLINE_SURFACE_WITH_KNOTS('',3,3,((#4802,#4803,#4804,#4805),(#4806,
#4807,#4808,#4809),(#4810,#4811,#4812,#4813),(#4814,#4815,#4816,#4817),
(#4818,#4819,#4820,#4821),(#4822,#4823,#4824,#4825)),.UNSPECIFIED.,.F.,
 .F.,.F.,(4,1,1,4),(4,4),(0.,0.285714285714286,0.571428571428571,1.),(-0.112813253571653,
-2.96059473233375E-15),.UNSPECIFIED.);
#101=B_SPLINE_SURFACE_WITH_KNOTS('',3,3,((#4831,#4832,#4833,#4834,#4835,
#4836),(#4837,#4838,#4839,#4840,#4841,#4842),(#4843,#4844,#4845,#4846,#4847,
#4848),(#4849,#4850,#4851,#4852,#4853,#4854),(#4855,#4856,#4857,#4858,#4859,
#4860),(#4861,#4862,#4863,#4864,#4865,#4866)),.UNSPECIFIED.,.F.,.F.,.F.,
(4,1,1,4),(4,1,1,4),(0.,0.285714285714286,0.571428571428571,1.),(0.,0.282610931538313,
0.471018219230522,0.659425506922731),.UNSPECIFIED.);
#102=B_SPLINE_SURFACE_WITH_KNOTS('',3,3,((#4879,#4880,#4881,#4882),(#4883,
#4884,#4885,#4886),(#4887,#4888,#4889,#4890),(#4891,#4892,#4893,#4894)),
 .UNSPECIFIED.,.F.,.F.,.F.,(4,4),(4,4),(0.,1.),(0.,0.0548293691139106),
 .UNSPECIFIED.);
#103=B_SPLINE_SURFACE_WITH_KNOTS('',3,3,((#4909,#4910,#4911,#4912,#4913,
#4914),(#4915,#4916,#4917,#4918,#4919,#4920),(#4921,#4922,#4923,#4924,#4925,
#4926),(#4927,#4928,#4929,#4930,#4931,#4932)),.UNSPECIFIED.,.F.,.F.,.F.,
(4,4),(4,2,4),(0.,1.),(-0.00158719864956834,0.,0.646120126139201),
 .UNSPECIFIED.);
#104=B_SPLINE_SURFACE_WITH_KNOTS('',3,3,((#4945,#4946,#4947,#4948,#4949,
#4950),(#4951,#4952,#4953,#4954,#4955,#4956),(#4957,#4958,#4959,#4960,#4961,
#4962),(#4963,#4964,#4965,#4966,#4967,#4968),(#4969,#4970,#4971,#4972,#4973,
#4974),(#4975,#4976,#4977,#4978,#4979,#4980)),.UNSPECIFIED.,.F.,.F.,.F.,
(4,1,1,4),(4,1,1,4),(0.,0.285714285714286,0.571428571428571,1.),(0.,0.188412530313891,
0.282618795470836,0.659443856098617),.UNSPECIFIED.);
#105=B_SPLINE_SURFACE_WITH_KNOTS('',3,3,((#5007,#5008,#5009,#5010),(#5011,
#5012,#5013,#5014),(#5015,#5016,#5017,#5018),(#5019,#5020,#5021,#5022)),
 .UNSPECIFIED.,.F.,.F.,.F.,(4,4),(4,4),(0.,0.404083464350738),(-5.15530002445834,
-4.71238898038463),.UNSPECIFIED.);
#106=B_SPLINE_SURFACE_WITH_KNOTS('',3,3,((#5041,#5042,#5043,#5044,#5045,
#5046,#5047,#5048),(#5049,#5050,#5051,#5052,#5053,#5054,#5055,#5056),(#5057,
#5058,#5059,#5060,#5061,#5062,#5063,#5064),(#5065,#5066,#5067,#5068,#5069,
#5070,#5071,#5072)),.UNSPECIFIED.,.F.,.F.,.F.,(4,4),(4,1,1,2,4),(0.,1.),
(-0.697719874336648,-0.418631924601989,-0.279087949734659,0.,0.00149501537430726),
 .UNSPECIFIED.);
#107=B_SPLINE_SURFACE_WITH_KNOTS('',3,3,((#5092,#5093,#5094,#5095,#5096,
#5097),(#5098,#5099,#5100,#5101,#5102,#5103),(#5104,#5105,#5106,#5107,#5108,
#5109),(#5110,#5111,#5112,#5113,#5114,#5115),(#5116,#5117,#5118,#5119,#5120,
#5121)),.UNSPECIFIED.,.F.,.F.,.F.,(4,1,4),(4,1,1,4),(0.,0.571428571428571,
1.),(2.5671901036284E-15,0.129557352448795,0.259114704897587,0.604600978094366),
 .UNSPECIFIED.);
#108=B_SPLINE_SURFACE_WITH_KNOTS('',3,3,((#5158,#5159,#5160,#5161,#5162,
#5163),(#5164,#5165,#5166,#5167,#5168,#5169),(#5170,#5171,#5172,#5173,#5174,
#5175),(#5176,#5177,#5178,#5179,#5180,#5181),(#5182,#5183,#5184,#5185,#5186,
#5187)),.UNSPECIFIED.,.F.,.F.,.F.,(4,1,4),(4,1,1,4),(0.,0.571428571428571,
1.),(-1.57079632679509,-0.897597901025842,-0.448798950513011,-1.79849750186405E-13),
 .UNSPECIFIED.);
#109=B_SPLINE_SURFACE_WITH_KNOTS('',3,3,((#5193,#5194,#5195,#5196,#5197,
#5198,#5199),(#5200,#5201,#5202,#5203,#5204,#5205,#5206),(#5207,#5208,#5209,
#5210,#5211,#5212,#5213),(#5214,#5215,#5216,#5217,#5218,#5219,#5220),(#5221,
#5222,#5223,#5224,#5225,#5226,#5227)),.UNSPECIFIED.,.F.,.F.,.F.,(4,1,4),
(4,1,1,1,4),(0.,0.571428571428571,1.),(-4.38454100570746E-16,0.448798950512827,
0.673198425769241,1.12199737628207,1.5707963267949),.UNSPECIFIED.);
#110=B_SPLINE_SURFACE_WITH_KNOTS('',3,3,((#5231,#5232,#5233,#5234),(#5235,
#5236,#5237,#5238),(#5239,#5240,#5241,#5242),(#5243,#5244,#5245,#5246)),
 .UNSPECIFIED.,.F.,.F.,.F.,(4,4),(4,4),(0.,0.404083464350705),(4.71238898038464,
5.15530002445833),.UNSPECIFIED.);
#111=B_SPLINE_SURFACE_WITH_KNOTS('',3,3,((#5255,#5256,#5257,#5258,#5259,
#5260),(#5261,#5262,#5263,#5264,#5265,#5266),(#5267,#5268,#5269,#5270,#5271,
#5272),(#5273,#5274,#5275,#5276,#5277,#5278),(#5279,#5280,#5281,#5282,#5283,
#5284)),.UNSPECIFIED.,.F.,.F.,.F.,(4,1,4),(4,1,1,4),(0.,0.571428571428571,
1.),(0.,0.673198425769242,1.12199737628207,1.5707963267949),
 .UNSPECIFIED.);
#112=B_SPLINE_SURFACE_WITH_KNOTS('',3,3,((#5296,#5297,#5298,#5299),(#5300,
#5301,#5302,#5303),(#5304,#5305,#5306,#5307),(#5308,#5309,#5310,#5311),
(#5312,#5313,#5314,#5315)),.UNSPECIFIED.,.F.,.F.,.F.,(4,1,4),(4,4),(0.,
0.571428571428571,1.),(-0.0204055668517254,-6.47630097698008E-16),
 .UNSPECIFIED.);
#113=B_SPLINE_SURFACE_WITH_KNOTS('',3,3,((#5321,#5322,#5323,#5324,#5325,
#5326,#5327,#5328,#5329,#5330,#5331,#5332,#5333),(#5334,#5335,#5336,#5337,
#5338,#5339,#5340,#5341,#5342,#5343,#5344,#5345,#5346),(#5347,#5348,#5349,
#5350,#5351,#5352,#5353,#5354,#5355,#5356,#5357,#5358,#5359),(#5360,#5361,
#5362,#5363,#5364,#5365,#5366,#5367,#5368,#5369,#5370,#5371,#5372),(#5373,
#5374,#5375,#5376,#5377,#5378,#5379,#5380,#5381,#5382,#5383,#5384,#5385)),
 .UNSPECIFIED.,.F.,.F.,.F.,(4,1,4),(4,1,1,1,1,1,1,1,1,1,4),(0.,0.571428571428571,
1.),(0.,0.0760452606857172,0.152090521371434,0.304181042742869,0.608362085485737,
0.874520497885747,0.912543128228606,0.950565758571465,0.988588388914323,
1.02661101925718,1.06463364960004),.UNSPECIFIED.);
#114=B_SPLINE_SURFACE_WITH_KNOTS('',3,3,((#5466,#5467,#5468,#5469,#5470,
#5471,#5472),(#5473,#5474,#5475,#5476,#5477,#5478,#5479),(#5480,#5481,#5482,
#5483,#5484,#5485,#5486),(#5487,#5488,#5489,#5490,#5491,#5492,#5493)),
 .UNSPECIFIED.,.F.,.F.,.F.,(4,4),(4,1,1,1,4),(0.,0.113452995543104),(27.5023071492642,
28.4807119959906,29.4591168427169,30.4375216894433,31.4159265361697),
 .UNSPECIFIED.);
#115=B_SPLINE_SURFACE_WITH_KNOTS('',3,3,((#5562,#5563,#5564,#5565,#5566,
#5567,#5568,#5569,#5570),(#5571,#5572,#5573,#5574,#5575,#5576,#5577,#5578,
#5579),(#5580,#5581,#5582,#5583,#5584,#5585,#5586,#5587,#5588),(#5589,#5590,
#5591,#5592,#5593,#5594,#5595,#5596,#5597)),.UNSPECIFIED.,.F.,.F.,.F.,(4,
4),(4,1,1,1,1,1,4),(0.0808290376887101,0.194282032309243),(24.6509223938432,
25.545032206892,26.4391420199408,27.3332518329896,28.2273616460384,29.1214714590872,
30.015581272136),.UNSPECIFIED.);
#116=ELLIPSE('',#2188,3.08142777117807,3.);
#117=ELLIPSE('',#2197,3.08142777117807,3.);
#118=ELLIPSE('',#2213,14.2159725664004,14.);
#119=ELLIPSE('',#2214,7.42252490791708,7.);
#120=ELLIPSE('',#2218,14.2159725664004,14.);
#121=ELLIPSE('',#2219,7.42252490791708,7.);
#122=ELLIPSE('',#2221,7.18999813274883,7.);
#123=ELLIPSE('',#2224,7.18999813274883,7.);
#124=ELLIPSE('',#2226,7.10798628320022,7.);
#125=ELLIPSE('',#2230,10.1542661188574,10.);
#126=ELLIPSE('',#2232,7.10798628320021,7.);
#127=ELLIPSE('',#2239,10.1542661188574,10.);
#128=ELLIPSE('',#2242,5.,4.);
#129=ELLIPSE('',#2243,8.11592883893545,4.);
#130=ELLIPSE('',#2246,8.11592883893545,4.);
#131=ELLIPSE('',#2247,5.,4.);
#132=ELLIPSE('',#2254,7.10798628320021,7.);
#133=ELLIPSE('',#2255,10.0758855195046,10.);
#134=ELLIPSE('',#2258,3.05935647799093,3.);
#135=ELLIPSE('',#2260,3.05935647799093,3.);
#136=ELLIPSE('',#2261,7.10798628320021,7.);
#137=ELLIPSE('',#2263,10.0758855195046,10.);
#138=ELLIPSE('',#2267,3.05935647799093,3.);
#139=ELLIPSE('',#2268,4.24264068711929,3.);
#140=ELLIPSE('',#2270,4.24264068711928,3.);
#141=ELLIPSE('',#2271,3.05935647799093,3.);
#142=ELLIPSE('',#2275,439.16698919492,10.);
#143=ELLIPSE('',#2277,10.0758855195046,10.);
#144=ELLIPSE('',#2278,10.1542661188574,10.);
#145=ELLIPSE('',#2280,5.,4.);
#146=ELLIPSE('',#2282,7.67256807846396,3.);
#147=ELLIPSE('',#2288,5.,4.00000000000001);
#148=ELLIPSE('',#2290,7.67256807846396,3.);
#149=ELLIPSE('',#2299,10.1542661188574,10.);
#150=ELLIPSE('',#2302,439.16698919492,10.);
#151=ELLIPSE('',#2305,10.0758855195046,10.);
#152=ELLIPSE('',#2314,1.15470053837925,1.);
#153=ELLIPSE('',#2315,1.15470053837925,1.);
#154=ELLIPSE('',#2317,1.15470053837925,1.);
#155=ELLIPSE('',#2319,1.15470053837925,1.);
#156=ELLIPSE('',#2324,3.18108210339304,3.);
#157=ELLIPSE('',#2326,6.09255967131447,6.);
#158=ELLIPSE('',#2330,6.09255967131447,6.);
#159=ELLIPSE('',#2331,3.18108210339305,3.);
#160=ELLIPSE('',#2340,5.73447914712335,3.);
#161=ELLIPSE('',#2355,6.00255757592831,6.);
#162=ELLIPSE('',#2369,3.00511188682457,3.);
#163=ELLIPSE('',#2372,5.73447914712334,3.);
#164=ELLIPSE('',#2381,6.00033871831734,6.);
#165=ELLIPSE('',#2382,3.00067737928258,3.);
#166=ELLIPSE('',#2386,3.00067737928258,3.);
#167=ELLIPSE('',#2387,6.00033871831734,6.);
#168=ELLIPSE('',#2408,1.15470053837925,1.);
#169=ELLIPSE('',#2410,1.15470053837925,1.);
#170=PLANE('',#2186);
#171=PLANE('',#2208);
#172=PLANE('',#2222);
#173=PLANE('',#2227);
#174=PLANE('',#2228);
#175=PLANE('',#2229);
#176=PLANE('',#2234);
#177=PLANE('',#2238);
#178=PLANE('',#2240);
#179=PLANE('',#2244);
#180=PLANE('',#2251);
#181=PLANE('',#2253);
#182=PLANE('',#2257);
#183=PLANE('',#2259);
#184=PLANE('',#2265);
#185=PLANE('',#2274);
#186=PLANE('',#2286);
#187=PLANE('',#2295);
#188=PLANE('',#2296);
#189=PLANE('',#2297);
#190=PLANE('',#2298);
#191=PLANE('',#2300);
#192=PLANE('',#2301);
#193=PLANE('',#2309);
#194=PLANE('',#2320);
#195=PLANE('',#2337);
#196=PLANE('',#2354);
#197=PLANE('',#2376);
#198=PLANE('',#2378);
#199=PLANE('',#2394);
#200=PLANE('',#2400);
#201=PLANE('',#2401);
#202=PLANE('',#2402);
#203=PLANE('',#2403);
#204=PLANE('',#2404);
#205=PLANE('',#2405);
#206=PLANE('',#2406);
#207=PLANE('',#2412);
#208=FACE_OUTER_BOUND('',#339,.T.);
#209=FACE_OUTER_BOUND('',#340,.T.);
#210=FACE_OUTER_BOUND('',#341,.T.);
#211=FACE_OUTER_BOUND('',#342,.T.);
#212=FACE_OUTER_BOUND('',#343,.T.);
#213=FACE_OUTER_BOUND('',#344,.T.);
#214=FACE_OUTER_BOUND('',#345,.T.);
#215=FACE_OUTER_BOUND('',#346,.T.);
#216=FACE_OUTER_BOUND('',#347,.T.);
#217=FACE_OUTER_BOUND('',#348,.T.);
#218=FACE_OUTER_BOUND('',#349,.T.);
#219=FACE_OUTER_BOUND('',#350,.T.);
#220=FACE_OUTER_BOUND('',#351,.T.);
#221=FACE_OUTER_BOUND('',#352,.T.);
#222=FACE_OUTER_BOUND('',#353,.T.);
#223=FACE_OUTER_BOUND('',#354,.T.);
#224=FACE_OUTER_BOUND('',#355,.T.);
#225=FACE_OUTER_BOUND('',#356,.T.);
#226=FACE_OUTER_BOUND('',#357,.T.);
#227=FACE_OUTER_BOUND('',#358,.T.);
#228=FACE_OUTER_BOUND('',#359,.T.);
#229=FACE_OUTER_BOUND('',#360,.T.);
#230=FACE_OUTER_BOUND('',#361,.T.);
#231=FACE_OUTER_BOUND('',#362,.T.);
#232=FACE_OUTER_BOUND('',#363,.T.);
#233=FACE_OUTER_BOUND('',#364,.T.);
#234=FACE_OUTER_BOUND('',#365,.T.);
#235=FACE_OUTER_BOUND('',#366,.T.);
#236=FACE_OUTER_BOUND('',#367,.T.);
#237=FACE_OUTER_BOUND('',#368,.T.);
#238=FACE_OUTER_BOUND('',#369,.T.);
#239=FACE_OUTER_BOUND('',#371,.T.);
#240=FACE_OUTER_BOUND('',#372,.T.);
#241=FACE_OUTER_BOUND('',#373,.T.);
#242=FACE_OUTER_BOUND('',#374,.T.);
#243=FACE_OUTER_BOUND('',#375,.T.);
#244=FACE_OUTER_BOUND('',#376,.T.);
#245=FACE_OUTER_BOUND('',#377,.T.);
#246=FACE_OUTER_BOUND('',#378,.T.);
#247=FACE_OUTER_BOUND('',#379,.T.);
#248=FACE_OUTER_BOUND('',#380,.T.);
#249=FACE_OUTER_BOUND('',#381,.T.);
#250=FACE_OUTER_BOUND('',#382,.T.);
#251=FACE_OUTER_BOUND('',#383,.T.);
#252=FACE_OUTER_BOUND('',#384,.T.);
#253=FACE_OUTER_BOUND('',#385,.T.);
#254=FACE_OUTER_BOUND('',#386,.T.);
#255=FACE_OUTER_BOUND('',#387,.T.);
#256=FACE_OUTER_BOUND('',#388,.T.);
#257=FACE_OUTER_BOUND('',#389,.T.);
#258=FACE_OUTER_BOUND('',#390,.T.);
#259=FACE_OUTER_BOUND('',#391,.T.);
#260=FACE_OUTER_BOUND('',#392,.T.);
#261=FACE_OUTER_BOUND('',#393,.T.);
#262=FACE_OUTER_BOUND('',#394,.T.);
#263=FACE_OUTER_BOUND('',#395,.T.);
#264=FACE_OUTER_BOUND('',#396,.T.);
#265=FACE_OUTER_BOUND('',#397,.T.);
#266=FACE_OUTER_BOUND('',#398,.T.);
#267=FACE_OUTER_BOUND('',#399,.T.);
#268=FACE_OUTER_BOUND('',#400,.T.);
#269=FACE_OUTER_BOUND('',#401,.T.);
#270=FACE_OUTER_BOUND('',#402,.T.);
#271=FACE_OUTER_BOUND('',#403,.T.);
#272=FACE_OUTER_BOUND('',#404,.T.);
#273=FACE_OUTER_BOUND('',#405,.T.);
#274=FACE_OUTER_BOUND('',#406,.T.);
#275=FACE_OUTER_BOUND('',#408,.T.);
#276=FACE_OUTER_BOUND('',#409,.T.);
#277=FACE_OUTER_BOUND('',#410,.T.);
#278=FACE_OUTER_BOUND('',#411,.T.);
#279=FACE_OUTER_BOUND('',#412,.T.);
#280=FACE_OUTER_BOUND('',#413,.T.);
#281=FACE_OUTER_BOUND('',#414,.T.);
#282=FACE_OUTER_BOUND('',#415,.T.);
#283=FACE_OUTER_BOUND('',#416,.T.);
#284=FACE_OUTER_BOUND('',#417,.T.);
#285=FACE_OUTER_BOUND('',#418,.T.);
#286=FACE_OUTER_BOUND('',#419,.T.);
#287=FACE_OUTER_BOUND('',#420,.T.);
#288=FACE_OUTER_BOUND('',#421,.T.);
#289=FACE_OUTER_BOUND('',#422,.T.);
#290=FACE_OUTER_BOUND('',#423,.T.);
#291=FACE_OUTER_BOUND('',#424,.T.);
#292=FACE_OUTER_BOUND('',#425,.T.);
#293=FACE_OUTER_BOUND('',#426,.T.);
#294=FACE_OUTER_BOUND('',#427,.T.);
#295=FACE_OUTER_BOUND('',#428,.T.);
#296=FACE_OUTER_BOUND('',#429,.T.);
#297=FACE_OUTER_BOUND('',#430,.T.);
#298=FACE_OUTER_BOUND('',#431,.T.);
#299=FACE_OUTER_BOUND('',#432,.T.);
#300=FACE_OUTER_BOUND('',#433,.T.);
#301=FACE_OUTER_BOUND('',#434,.T.);
#302=FACE_OUTER_BOUND('',#435,.T.);
#303=FACE_OUTER_BOUND('',#436,.T.);
#304=FACE_OUTER_BOUND('',#437,.T.);
#305=FACE_OUTER_BOUND('',#438,.T.);
#306=FACE_OUTER_BOUND('',#439,.T.);
#307=FACE_OUTER_BOUND('',#440,.T.);
#308=FACE_OUTER_BOUND('',#441,.T.);
#309=FACE_OUTER_BOUND('',#442,.T.);
#310=FACE_OUTER_BOUND('',#443,.T.);
#311=FACE_OUTER_BOUND('',#444,.T.);
#312=FACE_OUTER_BOUND('',#445,.T.);
#313=FACE_OUTER_BOUND('',#446,.T.);
#314=FACE_OUTER_BOUND('',#447,.T.);
#315=FACE_OUTER_BOUND('',#448,.T.);
#316=FACE_OUTER_BOUND('',#449,.T.);
#317=FACE_OUTER_BOUND('',#450,.T.);
#318=FACE_OUTER_BOUND('',#451,.T.);
#319=FACE_OUTER_BOUND('',#452,.T.);
#320=FACE_OUTER_BOUND('',#453,.T.);
#321=FACE_OUTER_BOUND('',#454,.T.);
#322=FACE_OUTER_BOUND('',#455,.T.);
#323=FACE_OUTER_BOUND('',#457,.T.);
#324=FACE_OUTER_BOUND('',#458,.T.);
#325=FACE_OUTER_BOUND('',#459,.T.);
#326=FACE_OUTER_BOUND('',#460,.T.);
#327=FACE_OUTER_BOUND('',#461,.T.);
#328=FACE_OUTER_BOUND('',#462,.T.);
#329=FACE_OUTER_BOUND('',#463,.T.);
#330=FACE_OUTER_BOUND('',#464,.T.);
#331=FACE_OUTER_BOUND('',#465,.T.);
#332=FACE_OUTER_BOUND('',#467,.T.);
#333=FACE_OUTER_BOUND('',#468,.T.);
#334=FACE_OUTER_BOUND('',#469,.T.);
#335=FACE_OUTER_BOUND('',#470,.T.);
#336=FACE_OUTER_BOUND('',#471,.T.);
#337=FACE_OUTER_BOUND('',#472,.T.);
#338=FACE_OUTER_BOUND('',#473,.T.);
#339=EDGE_LOOP('',(#1340,#1341,#1342,#1343));
#340=EDGE_LOOP('',(#1344));
#341=EDGE_LOOP('',(#1345,#1346,#1347,#1348));
#342=EDGE_LOOP('',(#1349,#1350,#1351,#1352));
#343=EDGE_LOOP('',(#1353,#1354,#1355,#1356));
#344=EDGE_LOOP('',(#1357,#1358,#1359,#1360));
#345=EDGE_LOOP('',(#1361,#1362,#1363,#1364));
#346=EDGE_LOOP('',(#1365,#1366,#1367,#1368));
#347=EDGE_LOOP('',(#1369,#1370,#1371,#1372));
#348=EDGE_LOOP('',(#1373,#1374,#1375,#1376,#1377));
#349=EDGE_LOOP('',(#1378,#1379,#1380,#1381));
#350=EDGE_LOOP('',(#1382,#1383,#1384,#1385,#1386));
#351=EDGE_LOOP('',(#1387,#1388,#1389));
#352=EDGE_LOOP('',(#1390,#1391,#1392,#1393,#1394,#1395,#1396,#1397,#1398,
#1399,#1400,#1401,#1402,#1403,#1404,#1405,#1406,#1407,#1408,#1409,#1410,
#1411,#1412,#1413));
#353=EDGE_LOOP('',(#1414,#1415,#1416));
#354=EDGE_LOOP('',(#1417,#1418,#1419,#1420));
#355=EDGE_LOOP('',(#1421,#1422,#1423,#1424));
#356=EDGE_LOOP('',(#1425,#1426,#1427,#1428));
#357=EDGE_LOOP('',(#1429,#1430,#1431));
#358=EDGE_LOOP('',(#1432,#1433,#1434,#1435,#1436));
#359=EDGE_LOOP('',(#1437,#1438,#1439,#1440));
#360=EDGE_LOOP('',(#1441,#1442,#1443,#1444,#1445));
#361=EDGE_LOOP('',(#1446,#1447,#1448,#1449));
#362=EDGE_LOOP('',(#1450,#1451,#1452,#1453,#1454,#1455,#1456,#1457));
#363=EDGE_LOOP('',(#1458,#1459,#1460,#1461,#1462,#1463,#1464,#1465));
#364=EDGE_LOOP('',(#1466,#1467,#1468,#1469));
#365=EDGE_LOOP('',(#1470,#1471,#1472,#1473));
#366=EDGE_LOOP('',(#1474,#1475,#1476));
#367=EDGE_LOOP('',(#1477,#1478,#1479,#1480,#1481,#1482,#1483,#1484,#1485,
#1486,#1487,#1488,#1489,#1490,#1491,#1492,#1493,#1494,#1495,#1496,#1497,
#1498,#1499,#1500,#1501));
#368=EDGE_LOOP('',(#1502,#1503,#1504,#1505));
#369=EDGE_LOOP('',(#1506,#1507,#1508,#1509,#1510,#1511,#1512,#1513));
#370=EDGE_LOOP('',(#1514));
#371=EDGE_LOOP('',(#1515,#1516,#1517,#1518,#1519));
#372=EDGE_LOOP('',(#1520,#1521,#1522,#1523,#1524,#1525));
#373=EDGE_LOOP('',(#1526,#1527,#1528,#1529,#1530));
#374=EDGE_LOOP('',(#1531,#1532,#1533,#1534));
#375=EDGE_LOOP('',(#1535,#1536,#1537,#1538,#1539,#1540,#1541));
#376=EDGE_LOOP('',(#1542,#1543,#1544,#1545));
#377=EDGE_LOOP('',(#1546,#1547,#1548,#1549,#1550));
#378=EDGE_LOOP('',(#1551,#1552,#1553));
#379=EDGE_LOOP('',(#1554,#1555,#1556));
#380=EDGE_LOOP('',(#1557,#1558,#1559,#1560,#1561));
#381=EDGE_LOOP('',(#1562,#1563,#1564,#1565));
#382=EDGE_LOOP('',(#1566,#1567,#1568,#1569,#1570,#1571,#1572,#1573));
#383=EDGE_LOOP('',(#1574,#1575,#1576,#1577,#1578));
#384=EDGE_LOOP('',(#1579,#1580,#1581,#1582,#1583));
#385=EDGE_LOOP('',(#1584,#1585,#1586,#1587,#1588,#1589));
#386=EDGE_LOOP('',(#1590,#1591,#1592,#1593,#1594));
#387=EDGE_LOOP('',(#1595,#1596,#1597,#1598,#1599,#1600,#1601,#1602,#1603,
#1604,#1605));
#388=EDGE_LOOP('',(#1606,#1607,#1608));
#389=EDGE_LOOP('',(#1609,#1610,#1611,#1612));
#390=EDGE_LOOP('',(#1613,#1614,#1615,#1616));
#391=EDGE_LOOP('',(#1617,#1618,#1619,#1620));
#392=EDGE_LOOP('',(#1621,#1622,#1623,#1624,#1625,#1626,#1627));
#393=EDGE_LOOP('',(#1628,#1629,#1630));
#394=EDGE_LOOP('',(#1631,#1632,#1633,#1634));
#395=EDGE_LOOP('',(#1635,#1636,#1637,#1638));
#396=EDGE_LOOP('',(#1639,#1640,#1641,#1642));
#397=EDGE_LOOP('',(#1643,#1644,#1645,#1646));
#398=EDGE_LOOP('',(#1647,#1648,#1649,#1650,#1651,#1652));
#399=EDGE_LOOP('',(#1653,#1654,#1655,#1656,#1657,#1658,#1659));
#400=EDGE_LOOP('',(#1660,#1661,#1662,#1663));
#401=EDGE_LOOP('',(#1664,#1665,#1666));
#402=EDGE_LOOP('',(#1667,#1668,#1669));
#403=EDGE_LOOP('',(#1670,#1671,#1672,#1673,#1674));
#404=EDGE_LOOP('',(#1675,#1676,#1677,#1678,#1679,#1680,#1681,#1682,#1683,
#1684,#1685));
#405=EDGE_LOOP('',(#1686,#1687,#1688,#1689));
#406=EDGE_LOOP('',(#1690,#1691,#1692));
#407=EDGE_LOOP('',(#1693));
#408=EDGE_LOOP('',(#1694,#1695,#1696,#1697));
#409=EDGE_LOOP('',(#1698,#1699,#1700,#1701));
#410=EDGE_LOOP('',(#1702,#1703,#1704,#1705));
#411=EDGE_LOOP('',(#1706,#1707,#1708,#1709));
#412=EDGE_LOOP('',(#1710,#1711,#1712,#1713));
#413=EDGE_LOOP('',(#1714,#1715,#1716));
#414=EDGE_LOOP('',(#1717,#1718,#1719,#1720));
#415=EDGE_LOOP('',(#1721,#1722,#1723,#1724));
#416=EDGE_LOOP('',(#1725,#1726,#1727,#1728));
#417=EDGE_LOOP('',(#1729,#1730,#1731,#1732));
#418=EDGE_LOOP('',(#1733,#1734,#1735,#1736));
#419=EDGE_LOOP('',(#1737,#1738,#1739,#1740));
#420=EDGE_LOOP('',(#1741,#1742,#1743));
#421=EDGE_LOOP('',(#1744,#1745,#1746,#1747));
#422=EDGE_LOOP('',(#1748,#1749,#1750,#1751,#1752));
#423=EDGE_LOOP('',(#1753,#1754,#1755,#1756,#1757,#1758));
#424=EDGE_LOOP('',(#1759,#1760,#1761,#1762,#1763));
#425=EDGE_LOOP('',(#1764,#1765,#1766,#1767));
#426=EDGE_LOOP('',(#1768,#1769,#1770));
#427=EDGE_LOOP('',(#1771,#1772,#1773,#1774,#1775));
#428=EDGE_LOOP('',(#1776,#1777,#1778,#1779));
#429=EDGE_LOOP('',(#1780,#1781,#1782,#1783));
#430=EDGE_LOOP('',(#1784,#1785,#1786));
#431=EDGE_LOOP('',(#1787,#1788,#1789,#1790));
#432=EDGE_LOOP('',(#1791,#1792,#1793,#1794,#1795,#1796,#1797));
#433=EDGE_LOOP('',(#1798,#1799,#1800,#1801,#1802));
#434=EDGE_LOOP('',(#1803,#1804,#1805));
#435=EDGE_LOOP('',(#1806,#1807,#1808,#1809));
#436=EDGE_LOOP('',(#1810,#1811,#1812,#1813));
#437=EDGE_LOOP('',(#1814,#1815,#1816,#1817));
#438=EDGE_LOOP('',(#1818,#1819,#1820,#1821));
#439=EDGE_LOOP('',(#1822,#1823,#1824,#1825));
#440=EDGE_LOOP('',(#1826,#1827,#1828,#1829));
#441=EDGE_LOOP('',(#1830,#1831,#1832));
#442=EDGE_LOOP('',(#1833,#1834,#1835,#1836));
#443=EDGE_LOOP('',(#1837,#1838,#1839));
#444=EDGE_LOOP('',(#1840,#1841,#1842,#1843,#1844,#1845,#1846,#1847,#1848));
#445=EDGE_LOOP('',(#1849,#1850,#1851,#1852));
#446=EDGE_LOOP('',(#1853,#1854,#1855,#1856));
#447=EDGE_LOOP('',(#1857,#1858,#1859,#1860));
#448=EDGE_LOOP('',(#1861,#1862,#1863,#1864,#1865,#1866,#1867));
#449=EDGE_LOOP('',(#1868,#1869,#1870,#1871));
#450=EDGE_LOOP('',(#1872,#1873,#1874,#1875));
#451=EDGE_LOOP('',(#1876,#1877,#1878,#1879));
#452=EDGE_LOOP('',(#1880,#1881,#1882,#1883));
#453=EDGE_LOOP('',(#1884,#1885,#1886,#1887));
#454=EDGE_LOOP('',(#1888,#1889,#1890,#1891,#1892,#1893));
#455=EDGE_LOOP('',(#1894,#1895,#1896,#1897,#1898));
#456=EDGE_LOOP('',(#1899,#1900,#1901,#1902,#1903,#1904));
#457=EDGE_LOOP('',(#1905,#1906,#1907,#1908));
#458=EDGE_LOOP('',(#1909,#1910,#1911,#1912,#1913));
#459=EDGE_LOOP('',(#1914,#1915,#1916,#1917));
#460=EDGE_LOOP('',(#1918,#1919,#1920,#1921));
#461=EDGE_LOOP('',(#1922,#1923,#1924,#1925));
#462=EDGE_LOOP('',(#1926,#1927,#1928,#1929,#1930,#1931));
#463=EDGE_LOOP('',(#1932,#1933,#1934,#1935));
#464=EDGE_LOOP('',(#1936,#1937,#1938,#1939,#1940));
#465=EDGE_LOOP('',(#1941,#1942,#1943,#1944,#1945,#1946));
#466=EDGE_LOOP('',(#1947));
#467=EDGE_LOOP('',(#1948,#1949,#1950,#1951,#1952));
#468=EDGE_LOOP('',(#1953,#1954,#1955,#1956));
#469=EDGE_LOOP('',(#1957,#1958,#1959,#1960));
#470=EDGE_LOOP('',(#1961,#1962,#1963,#1964));
#471=EDGE_LOOP('',(#1965,#1966,#1967,#1968));
#472=EDGE_LOOP('',(#1969,#1970,#1971,#1972));
#473=EDGE_LOOP('',(#1973,#1974,#1975,#1976,#1977,#1978));
#474=EDGE_LOOP('',(#1979,#1980,#1981));
#475=LINE('',#3014,#609);
#476=LINE('',#3022,#610);
#477=LINE('',#3025,#611);
#478=LINE('',#3090,#612);
#479=LINE('',#3093,#613);
#480=LINE('',#3184,#614);
#481=LINE('',#3185,#615);
#482=LINE('',#3234,#616);
#483=LINE('',#3266,#617);
#484=LINE('',#3268,#618);
#485=LINE('',#3270,#619);
#486=LINE('',#3272,#620);
#487=LINE('',#3276,#621);
#488=LINE('',#3280,#622);
#489=LINE('',#3282,#623);
#490=LINE('',#3284,#624);
#491=LINE('',#3286,#625);
#492=LINE('',#3288,#626);
#493=LINE('',#3297,#627);
#494=LINE('',#3312,#628);
#495=LINE('',#3314,#629);
#496=LINE('',#3316,#630);
#497=LINE('',#3318,#631);
#498=LINE('',#3320,#632);
#499=LINE('',#3321,#633);
#500=LINE('',#3478,#634);
#501=LINE('',#3479,#635);
#502=LINE('',#3632,#636);
#503=LINE('',#3635,#637);
#504=LINE('',#3638,#638);
#505=LINE('',#3639,#639);
#506=LINE('',#3645,#640);
#507=LINE('',#3647,#641);
#508=LINE('',#3650,#642);
#509=LINE('',#3652,#643);
#510=LINE('',#3654,#644);
#511=LINE('',#3656,#645);
#512=LINE('',#3658,#646);
#513=LINE('',#3659,#647);
#514=LINE('',#3665,#648);
#515=LINE('',#3678,#649);
#516=LINE('',#3680,#650);
#517=LINE('',#3682,#651);
#518=LINE('',#3684,#652);
#519=LINE('',#3688,#653);
#520=LINE('',#3692,#654);
#521=LINE('',#3694,#655);
#522=LINE('',#3696,#656);
#523=LINE('',#3698,#657);
#524=LINE('',#3700,#658);
#525=LINE('',#3713,#659);
#526=LINE('',#3715,#660);
#527=LINE('',#3717,#661);
#528=LINE('',#3721,#662);
#529=LINE('',#3722,#663);
#530=LINE('',#3723,#664);
#531=LINE('',#3729,#665);
#532=LINE('',#3735,#666);
#533=LINE('',#3736,#667);
#534=LINE('',#3746,#668);
#535=LINE('',#3749,#669);
#536=LINE('',#3752,#670);
#537=LINE('',#3756,#671);
#538=LINE('',#3758,#672);
#539=LINE('',#3760,#673);
#540=LINE('',#3761,#674);
#541=LINE('',#3764,#675);
#542=LINE('',#3765,#676);
#543=LINE('',#3822,#677);
#544=LINE('',#3841,#678);
#545=LINE('',#3885,#679);
#546=LINE('',#3888,#680);
#547=LINE('',#3890,#681);
#548=LINE('',#3891,#682);
#549=LINE('',#3899,#683);
#550=LINE('',#3906,#684);
#551=LINE('',#3911,#685);
#552=LINE('',#3920,#686);
#553=LINE('',#3972,#687);
#554=LINE('',#4024,#688);
#555=LINE('',#4058,#689);
#556=LINE('',#4145,#690);
#557=LINE('',#4163,#691);
#558=LINE('',#4165,#692);
#559=LINE('',#4168,#693);
#560=LINE('',#4170,#694);
#561=LINE('',#4171,#695);
#562=LINE('',#4173,#696);
#563=LINE('',#4177,#697);
#564=LINE('',#4182,#698);
#565=LINE('',#4186,#699);
#566=LINE('',#4192,#700);
#567=LINE('',#4678,#701);
#568=LINE('',#4682,#702);
#569=LINE('',#4686,#703);
#570=LINE('',#4689,#704);
#571=LINE('',#4692,#705);
#572=LINE('',#4695,#706);
#573=LINE('',#4697,#707);
#574=LINE('',#4800,#708);
#575=LINE('',#4801,#709);
#576=LINE('',#4995,#710);
#577=LINE('',#5000,#711);
#578=LINE('',#5001,#712);
#579=LINE('',#5033,#713);
#580=LINE('',#5034,#714);
#581=LINE('',#5136,#715);
#582=LINE('',#5138,#716);
#583=LINE('',#5153,#717);
#584=LINE('',#5157,#718);
#585=LINE('',#5192,#719);
#586=LINE('',#5248,#720);
#587=LINE('',#5250,#721);
#588=LINE('',#5252,#722);
#589=LINE('',#5294,#723);
#590=LINE('',#5295,#724);
#591=LINE('',#5417,#725);
#592=LINE('',#5420,#726);
#593=LINE('',#5424,#727);
#594=LINE('',#5428,#728);
#595=LINE('',#5429,#729);
#596=LINE('',#5431,#730);
#597=LINE('',#5433,#731);
#598=LINE('',#5434,#732);
#599=LINE('',#5440,#733);
#600=LINE('',#5452,#734);
#601=LINE('',#5455,#735);
#602=LINE('',#5457,#736);
#603=LINE('',#5458,#737);
#604=LINE('',#5460,#738);
#605=LINE('',#5464,#739);
#606=LINE('',#5668,#740);
#607=LINE('',#5672,#741);
#608=LINE('',#5674,#742);
#609=VECTOR('',#2419,1.5);
#610=VECTOR('',#2428,10.);
#611=VECTOR('',#2431,10.);
#612=VECTOR('',#2438,10.);
#613=VECTOR('',#2441,10.);
#614=VECTOR('',#2450,10.);
#615=VECTOR('',#2451,10.);
#616=VECTOR('',#2464,10.);
#617=VECTOR('',#2475,10.);
#618=VECTOR('',#2476,10.);
#619=VECTOR('',#2477,10.);
#620=VECTOR('',#2478,10.);
#621=VECTOR('',#2481,10.);
#622=VECTOR('',#2484,10.);
#623=VECTOR('',#2485,10.);
#624=VECTOR('',#2486,10.);
#625=VECTOR('',#2487,10.);
#626=VECTOR('',#2488,10.);
#627=VECTOR('',#2489,10.);
#628=VECTOR('',#2490,10.);
#629=VECTOR('',#2491,10.);
#630=VECTOR('',#2492,10.);
#631=VECTOR('',#2493,10.);
#632=VECTOR('',#2494,10.);
#633=VECTOR('',#2495,10.);
#634=VECTOR('',#2508,10.);
#635=VECTOR('',#2509,10.);
#636=VECTOR('',#2518,10.);
#637=VECTOR('',#2521,10.);
#638=VECTOR('',#2524,10.);
#639=VECTOR('',#2525,10.);
#640=VECTOR('',#2534,10.);
#641=VECTOR('',#2537,10.);
#642=VECTOR('',#2540,10.);
#643=VECTOR('',#2541,10.);
#644=VECTOR('',#2542,10.);
#645=VECTOR('',#2543,10.);
#646=VECTOR('',#2544,10.);
#647=VECTOR('',#2545,10.);
#648=VECTOR('',#2554,10.);
#649=VECTOR('',#2559,10.);
#650=VECTOR('',#2560,10.);
#651=VECTOR('',#2561,10.);
#652=VECTOR('',#2562,10.);
#653=VECTOR('',#2565,10.);
#654=VECTOR('',#2568,10.);
#655=VECTOR('',#2569,10.);
#656=VECTOR('',#2570,10.);
#657=VECTOR('',#2571,10.);
#658=VECTOR('',#2572,10.);
#659=VECTOR('',#2573,10.);
#660=VECTOR('',#2574,10.);
#661=VECTOR('',#2575,10.);
#662=VECTOR('',#2578,10.);
#663=VECTOR('',#2579,10.);
#664=VECTOR('',#2580,10.);
#665=VECTOR('',#2589,10.);
#666=VECTOR('',#2596,10.);
#667=VECTOR('',#2597,10.);
#668=VECTOR('',#2608,10.);
#669=VECTOR('',#2611,10.);
#670=VECTOR('',#2614,10.);
#671=VECTOR('',#2617,10.);
#672=VECTOR('',#2618,10.);
#673=VECTOR('',#2619,10.);
#674=VECTOR('',#2620,10.);
#675=VECTOR('',#2623,10.);
#676=VECTOR('',#2624,10.);
#677=VECTOR('',#2633,10.);
#678=VECTOR('',#2640,10.);
#679=VECTOR('',#2649,10.);
#680=VECTOR('',#2652,10.);
#681=VECTOR('',#2653,10.);
#682=VECTOR('',#2654,10.);
#683=VECTOR('',#2665,10.);
#684=VECTOR('',#2676,10.);
#685=VECTOR('',#2681,10.);
#686=VECTOR('',#2682,10.);
#687=VECTOR('',#2697,10.);
#688=VECTOR('',#2702,10.);
#689=VECTOR('',#2703,10.);
#690=VECTOR('',#2716,10.);
#691=VECTOR('',#2721,10.);
#692=VECTOR('',#2724,10.);
#693=VECTOR('',#2727,10.);
#694=VECTOR('',#2728,10.);
#695=VECTOR('',#2729,10.);
#696=VECTOR('',#2732,10.);
#697=VECTOR('',#2737,10.);
#698=VECTOR('',#2746,10.);
#699=VECTOR('',#2749,10.);
#700=VECTOR('',#2756,1.);
#701=VECTOR('',#2769,10.);
#702=VECTOR('',#2772,10.);
#703=VECTOR('',#2777,10.);
#704=VECTOR('',#2780,10.);
#705=VECTOR('',#2783,10.);
#706=VECTOR('',#2786,10.);
#707=VECTOR('',#2789,10.);
#708=VECTOR('',#2806,10.);
#709=VECTOR('',#2807,10.);
#710=VECTOR('',#2820,10.);
#711=VECTOR('',#2827,10.);
#712=VECTOR('',#2828,10.);
#713=VECTOR('',#2851,10.);
#714=VECTOR('',#2852,10.);
#715=VECTOR('',#2865,10.);
#716=VECTOR('',#2866,10.);
#717=VECTOR('',#2891,10.);
#718=VECTOR('',#2896,10.);
#719=VECTOR('',#2903,10.);
#720=VECTOR('',#2912,10.);
#721=VECTOR('',#2915,10.);
#722=VECTOR('',#2918,10.);
#723=VECTOR('',#2933,10.);
#724=VECTOR('',#2934,10.);
#725=VECTOR('',#2947,10.);
#726=VECTOR('',#2950,10.);
#727=VECTOR('',#2953,10.);
#728=VECTOR('',#2958,10.);
#729=VECTOR('',#2959,10.);
#730=VECTOR('',#2960,10.);
#731=VECTOR('',#2961,10.);
#732=VECTOR('',#2962,10.);
#733=VECTOR('',#2971,10.);
#734=VECTOR('',#2976,10.);
#735=VECTOR('',#2979,10.);
#736=VECTOR('',#2980,10.);
#737=VECTOR('',#2981,10.);
#738=VECTOR('',#2984,10.);
#739=VECTOR('',#2991,10.);
#740=VECTOR('',#2998,10.);
#741=VECTOR('',#3003,10.);
#742=VECTOR('',#3006,10.);
#743=CIRCLE('',#2184,1.5);
#744=CIRCLE('',#2185,1.5);
#745=CIRCLE('',#2189,3.00000000000001);
#746=CIRCLE('',#2190,3.00000000000001);
#747=CIRCLE('',#2192,2.99999999999999);
#748=CIRCLE('',#2193,3.00000000000001);
#749=CIRCLE('',#2194,3.00000000000001);
#750=CIRCLE('',#2195,3.00000000000001);
#751=CIRCLE('',#2199,43.9965594651406);
#752=CIRCLE('',#2200,36.9965594651406);
#753=CIRCLE('',#2201,7.);
#754=CIRCLE('',#2203,43.9965594651406);
#755=CIRCLE('',#2205,6.99999999999997);
#756=CIRCLE('',#2206,36.9965594651406);
#757=CIRCLE('',#2207,7.00000000000001);
#758=CIRCLE('',#2209,0.999999999999999);
#759=CIRCLE('',#2210,3.);
#760=CIRCLE('',#2211,6.99999999999999);
#761=CIRCLE('',#2212,7.00000000000003);
#762=CIRCLE('',#2216,6.99999999999999);
#763=CIRCLE('',#2217,7.00000000000001);
#764=CIRCLE('',#2233,7.00000000000001);
#765=CIRCLE('',#2235,6.);
#766=CIRCLE('',#2236,6.00000000000002);
#767=CIRCLE('',#2237,1.);
#768=CIRCLE('',#2249,3.);
#769=CIRCLE('',#2250,3.);
#770=CIRCLE('',#2252,3.);
#771=CIRCLE('',#2256,3.);
#772=CIRCLE('',#2262,3.);
#773=CIRCLE('',#2273,3.);
#774=CIRCLE('',#2279,0.999999999999999);
#775=CIRCLE('',#2281,1.);
#776=CIRCLE('',#2284,0.999999999999999);
#777=CIRCLE('',#2285,1.);
#778=CIRCLE('',#2287,0.999999999999997);
#779=CIRCLE('',#2289,0.999999999999999);
#780=CIRCLE('',#2292,1.);
#781=CIRCLE('',#2293,1.);
#782=CIRCLE('',#2304,10.);
#783=CIRCLE('',#2307,1.);
#784=CIRCLE('',#2308,1.);
#785=CIRCLE('',#2310,2.);
#786=CIRCLE('',#2312,2.5);
#787=CIRCLE('',#2321,3.00000000000001);
#788=CIRCLE('',#2322,3.);
#789=CIRCLE('',#2323,2.99999999999999);
#790=CIRCLE('',#2325,2.99999999999999);
#791=CIRCLE('',#2328,3.);
#792=CIRCLE('',#2329,3.);
#793=CIRCLE('',#2332,3.);
#794=CIRCLE('',#2333,3.);
#795=CIRCLE('',#2335,3.00000000000001);
#796=CIRCLE('',#2336,3.);
#797=CIRCLE('',#2339,3.00000000000001);
#798=CIRCLE('',#2342,3.00000000000001);
#799=CIRCLE('',#2344,3.);
#800=CIRCLE('',#2345,3.);
#801=CIRCLE('',#2346,6.);
#802=CIRCLE('',#2348,3.);
#803=CIRCLE('',#2350,3.);
#804=CIRCLE('',#2351,6.);
#805=CIRCLE('',#2352,3.);
#806=CIRCLE('',#2353,3.);
#807=CIRCLE('',#2357,3.);
#808=CIRCLE('',#2358,3.);
#809=CIRCLE('',#2361,3.);
#810=CIRCLE('',#2362,3.);
#811=CIRCLE('',#2364,3.00000000000001);
#812=CIRCLE('',#2365,3.);
#813=CIRCLE('',#2368,3.);
#814=CIRCLE('',#2371,3.00000000000001);
#815=CIRCLE('',#2374,3.);
#816=CIRCLE('',#2380,3.);
#817=CIRCLE('',#2384,3.);
#818=CIRCLE('',#2385,3.);
#819=CIRCLE('',#2388,3.);
#820=CIRCLE('',#2390,3.);
#821=CIRCLE('',#2392,3.);
#822=CIRCLE('',#2393,3.);
#823=CIRCLE('',#2396,3.);
#824=CIRCLE('',#2398,3.);
#825=CIRCLE('',#2399,3.);
#826=VERTEX_POINT('',#3011);
#827=VERTEX_POINT('',#3013);
#828=VERTEX_POINT('',#3018);
#829=VERTEX_POINT('',#3019);
#830=VERTEX_POINT('',#3021);
#831=VERTEX_POINT('',#3023);
#832=VERTEX_POINT('',#3066);
#833=VERTEX_POINT('',#3067);
#834=VERTEX_POINT('',#3086);
#835=VERTEX_POINT('',#3087);
#836=VERTEX_POINT('',#3089);
#837=VERTEX_POINT('',#3091);
#838=VERTEX_POINT('',#3158);
#839=VERTEX_POINT('',#3159);
#840=VERTEX_POINT('',#3161);
#841=VERTEX_POINT('',#3170);
#842=VERTEX_POINT('',#3181);
#843=VERTEX_POINT('',#3182);
#844=VERTEX_POINT('',#3211);
#845=VERTEX_POINT('',#3213);
#846=VERTEX_POINT('',#3228);
#847=VERTEX_POINT('',#3232);
#848=VERTEX_POINT('',#3236);
#849=VERTEX_POINT('',#3238);
#850=VERTEX_POINT('',#3265);
#851=VERTEX_POINT('',#3267);
#852=VERTEX_POINT('',#3269);
#853=VERTEX_POINT('',#3271);
#854=VERTEX_POINT('',#3273);
#855=VERTEX_POINT('',#3275);
#856=VERTEX_POINT('',#3277);
#857=VERTEX_POINT('',#3279);
#858=VERTEX_POINT('',#3281);
#859=VERTEX_POINT('',#3283);
#860=VERTEX_POINT('',#3285);
#861=VERTEX_POINT('',#3287);
#862=VERTEX_POINT('',#3289);
#863=VERTEX_POINT('',#3296);
#864=VERTEX_POINT('',#3298);
#865=VERTEX_POINT('',#3311);
#866=VERTEX_POINT('',#3313);
#867=VERTEX_POINT('',#3315);
#868=VERTEX_POINT('',#3317);
#869=VERTEX_POINT('',#3319);
#870=VERTEX_POINT('',#3412);
#871=VERTEX_POINT('',#3413);
#872=VERTEX_POINT('',#3469);
#873=VERTEX_POINT('',#3470);
#874=VERTEX_POINT('',#3475);
#875=VERTEX_POINT('',#3476);
#876=VERTEX_POINT('',#3504);
#877=VERTEX_POINT('',#3505);
#878=VERTEX_POINT('',#3599);
#879=VERTEX_POINT('',#3631);
#880=VERTEX_POINT('',#3633);
#881=VERTEX_POINT('',#3637);
#882=VERTEX_POINT('',#3643);
#883=VERTEX_POINT('',#3649);
#884=VERTEX_POINT('',#3651);
#885=VERTEX_POINT('',#3653);
#886=VERTEX_POINT('',#3655);
#887=VERTEX_POINT('',#3657);
#888=VERTEX_POINT('',#3663);
#889=VERTEX_POINT('',#3677);
#890=VERTEX_POINT('',#3679);
#891=VERTEX_POINT('',#3681);
#892=VERTEX_POINT('',#3683);
#893=VERTEX_POINT('',#3685);
#894=VERTEX_POINT('',#3687);
#895=VERTEX_POINT('',#3689);
#896=VERTEX_POINT('',#3691);
#897=VERTEX_POINT('',#3693);
#898=VERTEX_POINT('',#3695);
#899=VERTEX_POINT('',#3697);
#900=VERTEX_POINT('',#3699);
#901=VERTEX_POINT('',#3701);
#902=VERTEX_POINT('',#3712);
#903=VERTEX_POINT('',#3714);
#904=VERTEX_POINT('',#3716);
#905=VERTEX_POINT('',#3718);
#906=VERTEX_POINT('',#3720);
#907=VERTEX_POINT('',#3728);
#908=VERTEX_POINT('',#3730);
#909=VERTEX_POINT('',#3734);
#910=VERTEX_POINT('',#3738);
#911=VERTEX_POINT('',#3742);
#912=VERTEX_POINT('',#3743);
#913=VERTEX_POINT('',#3745);
#914=VERTEX_POINT('',#3747);
#915=VERTEX_POINT('',#3751);
#916=VERTEX_POINT('',#3753);
#917=VERTEX_POINT('',#3755);
#918=VERTEX_POINT('',#3757);
#919=VERTEX_POINT('',#3759);
#920=VERTEX_POINT('',#3763);
#921=VERTEX_POINT('',#3796);
#922=VERTEX_POINT('',#3797);
#923=VERTEX_POINT('',#3799);
#924=VERTEX_POINT('',#3810);
#925=VERTEX_POINT('',#3821);
#926=VERTEX_POINT('',#3825);
#927=VERTEX_POINT('',#3826);
#928=VERTEX_POINT('',#3839);
#929=VERTEX_POINT('',#3872);
#930=VERTEX_POINT('',#3875);
#931=VERTEX_POINT('',#3887);
#932=VERTEX_POINT('',#3889);
#933=VERTEX_POINT('',#3896);
#934=VERTEX_POINT('',#3898);
#935=VERTEX_POINT('',#3904);
#936=VERTEX_POINT('',#3908);
#937=VERTEX_POINT('',#3910);
#938=VERTEX_POINT('',#3938);
#939=VERTEX_POINT('',#3966);
#940=VERTEX_POINT('',#3970);
#941=VERTEX_POINT('',#3988);
#942=VERTEX_POINT('',#4023);
#943=VERTEX_POINT('',#4057);
#944=VERTEX_POINT('',#4111);
#945=VERTEX_POINT('',#4139);
#946=VERTEX_POINT('',#4143);
#947=VERTEX_POINT('',#4167);
#948=VERTEX_POINT('',#4169);
#949=VERTEX_POINT('',#4175);
#950=VERTEX_POINT('',#4183);
#951=VERTEX_POINT('',#4185);
#952=VERTEX_POINT('',#4189);
#953=VERTEX_POINT('',#4191);
#954=VERTEX_POINT('',#4195);
#955=VERTEX_POINT('',#4196);
#956=VERTEX_POINT('',#4318);
#957=VERTEX_POINT('',#4451);
#958=VERTEX_POINT('',#4501);
#959=VERTEX_POINT('',#4676);
#960=VERTEX_POINT('',#4677);
#961=VERTEX_POINT('',#4679);
#962=VERTEX_POINT('',#4681);
#963=VERTEX_POINT('',#4685);
#964=VERTEX_POINT('',#4687);
#965=VERTEX_POINT('',#4691);
#966=VERTEX_POINT('',#4693);
#967=VERTEX_POINT('',#4722);
#968=VERTEX_POINT('',#4723);
#969=VERTEX_POINT('',#4753);
#970=VERTEX_POINT('',#4754);
#971=VERTEX_POINT('',#4788);
#972=VERTEX_POINT('',#4789);
#973=VERTEX_POINT('',#4791);
#974=VERTEX_POINT('',#4793);
#975=VERTEX_POINT('',#4797);
#976=VERTEX_POINT('',#4798);
#977=VERTEX_POINT('',#4826);
#978=VERTEX_POINT('',#4827);
#979=VERTEX_POINT('',#4895);
#980=VERTEX_POINT('',#4896);
#981=VERTEX_POINT('',#4898);
#982=VERTEX_POINT('',#4903);
#983=VERTEX_POINT('',#4994);
#984=VERTEX_POINT('',#4999);
#985=VERTEX_POINT('',#5024);
#986=VERTEX_POINT('',#5026);
#987=VERTEX_POINT('',#5030);
#988=VERTEX_POINT('',#5031);
#989=VERTEX_POINT('',#5036);
#990=VERTEX_POINT('',#5037);
#991=VERTEX_POINT('',#5073);
#992=VERTEX_POINT('',#5082);
#993=VERTEX_POINT('',#5135);
#994=VERTEX_POINT('',#5137);
#995=VERTEX_POINT('',#5145);
#996=VERTEX_POINT('',#5149);
#997=VERTEX_POINT('',#5155);
#998=VERTEX_POINT('',#5190);
#999=VERTEX_POINT('',#5285);
#1000=VERTEX_POINT('',#5286);
#1001=VERTEX_POINT('',#5291);
#1002=VERTEX_POINT('',#5292);
#1003=VERTEX_POINT('',#5316);
#1004=VERTEX_POINT('',#5317);
#1005=VERTEX_POINT('',#5386);
#1006=VERTEX_POINT('',#5415);
#1007=VERTEX_POINT('',#5419);
#1008=VERTEX_POINT('',#5421);
#1009=VERTEX_POINT('',#5423);
#1010=VERTEX_POINT('',#5427);
#1011=VERTEX_POINT('',#5430);
#1012=VERTEX_POINT('',#5432);
#1013=VERTEX_POINT('',#5438);
#1014=VERTEX_POINT('',#5454);
#1015=VERTEX_POINT('',#5456);
#1016=VERTEX_POINT('',#5494);
#1017=VERTEX_POINT('',#5666);
#1018=VERTEX_POINT('',#5670);
#1019=EDGE_CURVE('',#826,#826,#743,.T.);
#1020=EDGE_CURVE('',#826,#827,#475,.T.);
#1021=EDGE_CURVE('',#827,#827,#744,.T.);
#1022=EDGE_CURVE('',#828,#829,#116,.T.);
#1023=EDGE_CURVE('',#829,#830,#476,.T.);
#1024=EDGE_CURVE('',#830,#831,#745,.T.);
#1025=EDGE_CURVE('',#831,#828,#477,.T.);
#1026=EDGE_CURVE('',#832,#833,#746,.T.);
#1027=EDGE_CURVE('',#833,#831,#33,.T.);
#1028=EDGE_CURVE('',#830,#832,#34,.T.);
#1029=EDGE_CURVE('',#834,#835,#747,.T.);
#1030=EDGE_CURVE('',#835,#836,#478,.T.);
#1031=EDGE_CURVE('',#836,#837,#748,.T.);
#1032=EDGE_CURVE('',#837,#834,#479,.T.);
#1033=EDGE_CURVE('',#834,#833,#35,.T.);
#1034=EDGE_CURVE('',#832,#835,#36,.T.);
#1035=EDGE_CURVE('',#838,#839,#749,.T.);
#1036=EDGE_CURVE('',#839,#840,#37,.T.);
#1037=EDGE_CURVE('',#840,#841,#750,.T.);
#1038=EDGE_CURVE('',#841,#838,#38,.T.);
#1039=EDGE_CURVE('',#842,#843,#117,.T.);
#1040=EDGE_CURVE('',#843,#841,#480,.T.);
#1041=EDGE_CURVE('',#840,#842,#481,.T.);
#1042=EDGE_CURVE('',#838,#837,#39,.T.);
#1043=EDGE_CURVE('',#836,#839,#40,.T.);
#1044=EDGE_CURVE('',#834,#844,#751,.T.);
#1045=EDGE_CURVE('',#844,#845,#41,.T.);
#1046=EDGE_CURVE('',#845,#846,#752,.T.);
#1047=EDGE_CURVE('',#846,#833,#753,.T.);
#1048=EDGE_CURVE('',#847,#837,#754,.T.);
#1049=EDGE_CURVE('',#844,#847,#482,.T.);
#1050=EDGE_CURVE('',#838,#848,#755,.T.);
#1051=EDGE_CURVE('',#848,#849,#756,.T.);
#1052=EDGE_CURVE('',#849,#847,#42,.T.);
#1053=EDGE_CURVE('',#841,#848,#757,.T.);
#1054=EDGE_CURVE('',#850,#843,#483,.T.);
#1055=EDGE_CURVE('',#851,#850,#484,.T.);
#1056=EDGE_CURVE('',#852,#851,#485,.T.);
#1057=EDGE_CURVE('',#853,#852,#486,.T.);
#1058=EDGE_CURVE('',#854,#853,#758,.T.);
#1059=EDGE_CURVE('',#854,#855,#487,.T.);
#1060=EDGE_CURVE('',#856,#855,#759,.T.);
#1061=EDGE_CURVE('',#857,#856,#488,.T.);
#1062=EDGE_CURVE('',#858,#857,#489,.T.);
#1063=EDGE_CURVE('',#859,#858,#490,.T.);
#1064=EDGE_CURVE('',#859,#860,#491,.T.);
#1065=EDGE_CURVE('',#861,#860,#492,.T.);
#1066=EDGE_CURVE('',#862,#861,#43,.T.);
#1067=EDGE_CURVE('',#862,#863,#493,.T.);
#1068=EDGE_CURVE('',#864,#863,#44,.T.);
#1069=EDGE_CURVE('',#865,#864,#494,.T.);
#1070=EDGE_CURVE('',#866,#865,#495,.T.);
#1071=EDGE_CURVE('',#867,#866,#496,.T.);
#1072=EDGE_CURVE('',#868,#867,#497,.T.);
#1073=EDGE_CURVE('',#869,#868,#498,.T.);
#1074=EDGE_CURVE('',#849,#869,#499,.T.);
#1075=EDGE_CURVE('',#870,#871,#760,.T.);
#1076=EDGE_CURVE('',#871,#851,#45,.T.);
#1077=EDGE_CURVE('',#851,#870,#46,.T.);
#1078=EDGE_CURVE('',#872,#873,#761,.T.);
#1079=EDGE_CURVE('',#873,#871,#118,.T.);
#1080=EDGE_CURVE('',#870,#872,#119,.T.);
#1081=EDGE_CURVE('',#874,#875,#762,.T.);
#1082=EDGE_CURVE('',#875,#873,#500,.T.);
#1083=EDGE_CURVE('',#872,#874,#501,.T.);
#1084=EDGE_CURVE('',#876,#877,#763,.T.);
#1085=EDGE_CURVE('',#877,#875,#120,.T.);
#1086=EDGE_CURVE('',#874,#876,#121,.T.);
#1087=EDGE_CURVE('',#876,#878,#47,.T.);
#1088=EDGE_CURVE('',#878,#877,#48,.T.);
#1089=EDGE_CURVE('',#874,#879,#502,.T.);
#1090=EDGE_CURVE('',#879,#880,#122,.T.);
#1091=EDGE_CURVE('',#880,#878,#503,.T.);
#1092=EDGE_CURVE('',#881,#872,#504,.T.);
#1093=EDGE_CURVE('',#879,#881,#505,.T.);
#1094=EDGE_CURVE('',#850,#881,#123,.T.);
#1095=EDGE_CURVE('',#869,#882,#124,.T.);
#1096=EDGE_CURVE('',#882,#847,#506,.T.);
#1097=EDGE_CURVE('',#829,#842,#507,.T.);
#1098=EDGE_CURVE('',#883,#882,#508,.T.);
#1099=EDGE_CURVE('',#884,#883,#509,.T.);
#1100=EDGE_CURVE('',#885,#884,#510,.T.);
#1101=EDGE_CURVE('',#886,#885,#511,.T.);
#1102=EDGE_CURVE('',#887,#886,#512,.T.);
#1103=EDGE_CURVE('',#844,#887,#513,.T.);
#1104=EDGE_CURVE('',#883,#868,#125,.T.);
#1105=EDGE_CURVE('',#887,#888,#126,.T.);
#1106=EDGE_CURVE('',#888,#845,#514,.T.);
#1107=EDGE_CURVE('',#846,#831,#764,.T.);
#1108=EDGE_CURVE('',#888,#889,#515,.T.);
#1109=EDGE_CURVE('',#890,#889,#516,.T.);
#1110=EDGE_CURVE('',#891,#890,#517,.T.);
#1111=EDGE_CURVE('',#892,#891,#518,.T.);
#1112=EDGE_CURVE('',#893,#892,#765,.T.);
#1113=EDGE_CURVE('',#894,#893,#519,.T.);
#1114=EDGE_CURVE('',#895,#894,#766,.T.);
#1115=EDGE_CURVE('',#896,#895,#520,.T.);
#1116=EDGE_CURVE('',#897,#896,#521,.T.);
#1117=EDGE_CURVE('',#897,#898,#522,.T.);
#1118=EDGE_CURVE('',#899,#898,#523,.T.);
#1119=EDGE_CURVE('',#900,#899,#524,.T.);
#1120=EDGE_CURVE('',#901,#900,#49,.T.);
#1121=EDGE_CURVE('',#901,#902,#525,.T.);
#1122=EDGE_CURVE('',#902,#903,#526,.T.);
#1123=EDGE_CURVE('',#903,#904,#527,.T.);
#1124=EDGE_CURVE('',#905,#904,#767,.T.);
#1125=EDGE_CURVE('',#906,#905,#528,.T.);
#1126=EDGE_CURVE('',#878,#906,#529,.T.);
#1127=EDGE_CURVE('',#880,#828,#530,.T.);
#1128=EDGE_CURVE('',#889,#886,#127,.T.);
#1129=EDGE_CURVE('',#871,#907,#531,.T.);
#1130=EDGE_CURVE('',#908,#907,#128,.T.);
#1131=EDGE_CURVE('',#852,#908,#129,.T.);
#1132=EDGE_CURVE('',#877,#909,#532,.F.);
#1133=EDGE_CURVE('',#907,#909,#533,.T.);
#1134=EDGE_CURVE('',#910,#906,#130,.T.);
#1135=EDGE_CURVE('',#909,#910,#131,.T.);
#1136=EDGE_CURVE('',#911,#912,#768,.T.);
#1137=EDGE_CURVE('',#912,#913,#534,.T.);
#1138=EDGE_CURVE('',#913,#914,#769,.T.);
#1139=EDGE_CURVE('',#914,#911,#535,.T.);
#1140=EDGE_CURVE('',#915,#911,#536,.T.);
#1141=EDGE_CURVE('',#916,#915,#770,.T.);
#1142=EDGE_CURVE('',#917,#916,#537,.T.);
#1143=EDGE_CURVE('',#918,#917,#538,.T.);
#1144=EDGE_CURVE('',#919,#918,#539,.T.);
#1145=EDGE_CURVE('',#912,#919,#540,.T.);
#1146=EDGE_CURVE('',#920,#914,#541,.T.);
#1147=EDGE_CURVE('',#915,#920,#542,.T.);
#1148=EDGE_CURVE('',#921,#922,#132,.T.);
#1149=EDGE_CURVE('',#922,#923,#50,.F.);
#1150=EDGE_CURVE('',#924,#923,#51,.T.);
#1151=EDGE_CURVE('',#924,#885,#133,.T.);
#1152=EDGE_CURVE('',#921,#885,#771,.T.);
#1153=EDGE_CURVE('',#922,#925,#543,.T.);
#1154=EDGE_CURVE('',#925,#923,#134,.T.);
#1155=EDGE_CURVE('',#926,#927,#52,.T.);
#1156=EDGE_CURVE('',#927,#928,#135,.T.);
#1157=EDGE_CURVE('',#928,#926,#544,.T.);
#1158=EDGE_CURVE('',#926,#929,#136,.T.);
#1159=EDGE_CURVE('',#929,#884,#772,.T.);
#1160=EDGE_CURVE('',#884,#930,#137,.T.);
#1161=EDGE_CURVE('',#930,#927,#53,.F.);
#1162=EDGE_CURVE('',#929,#921,#545,.T.);
#1163=EDGE_CURVE('',#931,#928,#546,.T.);
#1164=EDGE_CURVE('',#932,#931,#547,.T.);
#1165=EDGE_CURVE('',#925,#932,#548,.T.);
#1166=EDGE_CURVE('',#917,#927,#138,.T.);
#1167=EDGE_CURVE('',#916,#931,#139,.T.);
#1168=EDGE_CURVE('',#932,#933,#140,.T.);
#1169=EDGE_CURVE('',#933,#934,#549,.T.);
#1170=EDGE_CURVE('',#934,#923,#141,.T.);
#1171=EDGE_CURVE('',#920,#933,#773,.T.);
#1172=EDGE_CURVE('',#935,#930,#142,.T.);
#1173=EDGE_CURVE('',#935,#918,#550,.T.);
#1174=EDGE_CURVE('',#936,#867,#143,.T.);
#1175=EDGE_CURVE('',#936,#937,#551,.T.);
#1176=EDGE_CURVE('',#937,#861,#54,.F.);
#1177=EDGE_CURVE('',#860,#919,#552,.T.);
#1178=EDGE_CURVE('',#919,#935,#144,.T.);
#1179=EDGE_CURVE('',#938,#908,#774,.T.);
#1180=EDGE_CURVE('',#907,#938,#145,.T.);
#1181=EDGE_CURVE('',#939,#852,#775,.T.);
#1182=EDGE_CURVE('',#938,#939,#146,.T.);
#1183=EDGE_CURVE('',#940,#853,#776,.T.);
#1184=EDGE_CURVE('',#939,#940,#553,.T.);
#1185=EDGE_CURVE('',#941,#854,#55,.T.);
#1186=EDGE_CURVE('',#940,#941,#777,.T.);
#1187=EDGE_CURVE('',#942,#941,#554,.T.);
#1188=EDGE_CURVE('',#904,#942,#56,.T.);
#1189=EDGE_CURVE('',#903,#943,#555,.T.);
#1190=EDGE_CURVE('',#855,#943,#57,.T.);
#1191=EDGE_CURVE('',#910,#944,#778,.T.);
#1192=EDGE_CURVE('',#944,#909,#147,.T.);
#1193=EDGE_CURVE('',#906,#945,#779,.T.);
#1194=EDGE_CURVE('',#945,#944,#148,.T.);
#1195=EDGE_CURVE('',#905,#946,#780,.T.);
#1196=EDGE_CURVE('',#946,#945,#556,.T.);
#1197=EDGE_CURVE('',#942,#946,#781,.T.);
#1198=EDGE_CURVE('',#944,#938,#557,.T.);
#1199=EDGE_CURVE('',#946,#940,#558,.T.);
#1200=EDGE_CURVE('',#913,#947,#559,.T.);
#1201=EDGE_CURVE('',#947,#948,#560,.T.);
#1202=EDGE_CURVE('',#948,#934,#561,.T.);
#1203=EDGE_CURVE('',#947,#919,#562,.T.);
#1204=EDGE_CURVE('',#949,#947,#149,.T.);
#1205=EDGE_CURVE('',#948,#949,#563,.T.);
#1206=EDGE_CURVE('',#924,#949,#150,.T.);
#1207=EDGE_CURVE('',#947,#897,#564,.T.);
#1208=EDGE_CURVE('',#950,#896,#782,.T.);
#1209=EDGE_CURVE('',#950,#951,#565,.T.);
#1210=EDGE_CURVE('',#890,#951,#151,.T.);
#1211=EDGE_CURVE('',#952,#952,#783,.T.);
#1212=EDGE_CURVE('',#952,#953,#566,.T.);
#1213=EDGE_CURVE('',#953,#953,#784,.T.);
#1214=EDGE_CURVE('',#954,#955,#58,.T.);
#1215=EDGE_CURVE('',#956,#954,#785,.T.);
#1216=EDGE_CURVE('',#955,#956,#59,.T.);
#1217=EDGE_CURVE('',#954,#957,#60,.T.);
#1218=EDGE_CURVE('',#957,#958,#786,.T.);
#1219=EDGE_CURVE('',#958,#956,#61,.T.);
#1220=EDGE_CURVE('',#959,#960,#567,.T.);
#1221=EDGE_CURVE('',#961,#960,#152,.T.);
#1222=EDGE_CURVE('',#961,#962,#568,.T.);
#1223=EDGE_CURVE('',#962,#959,#153,.T.);
#1224=EDGE_CURVE('',#960,#963,#569,.T.);
#1225=EDGE_CURVE('',#964,#963,#154,.T.);
#1226=EDGE_CURVE('',#964,#961,#570,.T.);
#1227=EDGE_CURVE('',#963,#965,#571,.T.);
#1228=EDGE_CURVE('',#966,#965,#155,.T.);
#1229=EDGE_CURVE('',#966,#964,#572,.T.);
#1230=EDGE_CURVE('',#897,#860,#573,.T.);
#1231=EDGE_CURVE('',#967,#968,#787,.T.);
#1232=EDGE_CURVE('',#968,#951,#62,.T.);
#1233=EDGE_CURVE('',#951,#967,#63,.T.);
#1234=EDGE_CURVE('',#969,#970,#788,.T.);
#1235=EDGE_CURVE('',#970,#968,#64,.T.);
#1236=EDGE_CURVE('',#967,#969,#65,.T.);
#1237=EDGE_CURVE('',#971,#972,#789,.T.);
#1238=EDGE_CURVE('',#972,#973,#156,.T.);
#1239=EDGE_CURVE('',#973,#974,#790,.T.);
#1240=EDGE_CURVE('',#974,#971,#157,.T.);
#1241=EDGE_CURVE('',#975,#976,#791,.T.);
#1242=EDGE_CURVE('',#976,#974,#574,.T.);
#1243=EDGE_CURVE('',#973,#975,#575,.T.);
#1244=EDGE_CURVE('',#977,#978,#792,.T.);
#1245=EDGE_CURVE('',#978,#976,#158,.T.);
#1246=EDGE_CURVE('',#975,#977,#159,.T.);
#1247=EDGE_CURVE('',#971,#970,#66,.T.);
#1248=EDGE_CURVE('',#969,#972,#67,.T.);
#1249=EDGE_CURVE('',#979,#980,#793,.T.);
#1250=EDGE_CURVE('',#980,#981,#68,.T.);
#1251=EDGE_CURVE('',#981,#982,#794,.T.);
#1252=EDGE_CURVE('',#982,#979,#69,.T.);
#1253=EDGE_CURVE('',#981,#936,#70,.T.);
#1254=EDGE_CURVE('',#936,#982,#71,.T.);
#1255=EDGE_CURVE('',#979,#978,#72,.T.);
#1256=EDGE_CURVE('',#977,#980,#73,.T.);
#1257=EDGE_CURVE('',#971,#983,#576,.T.);
#1258=EDGE_CURVE('',#983,#892,#795,.T.);
#1259=EDGE_CURVE('',#891,#970,#796,.T.);
#1260=EDGE_CURVE('',#984,#978,#577,.T.);
#1261=EDGE_CURVE('',#983,#984,#578,.T.);
#1262=EDGE_CURVE('',#979,#866,#797,.T.);
#1263=EDGE_CURVE('',#984,#865,#160,.T.);
#1264=EDGE_CURVE('',#982,#867,#798,.T.);
#1265=EDGE_CURVE('',#937,#985,#799,.T.);
#1266=EDGE_CURVE('',#985,#986,#800,.T.);
#1267=EDGE_CURVE('',#986,#862,#801,.T.);
#1268=EDGE_CURVE('',#987,#988,#802,.T.);
#1269=EDGE_CURVE('',#988,#986,#579,.T.);
#1270=EDGE_CURVE('',#985,#987,#580,.T.);
#1271=EDGE_CURVE('',#989,#990,#803,.T.);
#1272=EDGE_CURVE('',#990,#988,#804,.T.);
#1273=EDGE_CURVE('',#987,#989,#805,.T.);
#1274=EDGE_CURVE('',#991,#950,#74,.T.);
#1275=EDGE_CURVE('',#950,#992,#75,.T.);
#1276=EDGE_CURVE('',#992,#991,#806,.T.);
#1277=EDGE_CURVE('',#992,#990,#76,.T.);
#1278=EDGE_CURVE('',#989,#991,#77,.T.);
#1279=EDGE_CURVE('',#993,#990,#581,.T.);
#1280=EDGE_CURVE('',#994,#993,#582,.T.);
#1281=EDGE_CURVE('',#863,#994,#161,.T.);
#1282=EDGE_CURVE('',#992,#896,#807,.T.);
#1283=EDGE_CURVE('',#895,#993,#808,.T.);
#1284=EDGE_CURVE('',#995,#983,#809,.F.);
#1285=EDGE_CURVE('',#893,#995,#810,.T.);
#1286=EDGE_CURVE('',#993,#996,#811,.F.);
#1287=EDGE_CURVE('',#996,#894,#812,.T.);
#1288=EDGE_CURVE('',#995,#996,#583,.T.);
#1289=EDGE_CURVE('',#997,#994,#813,.T.);
#1290=EDGE_CURVE('',#996,#997,#584,.T.);
#1291=EDGE_CURVE('',#997,#864,#162,.T.);
#1292=EDGE_CURVE('',#984,#998,#814,.T.);
#1293=EDGE_CURVE('',#998,#995,#585,.T.);
#1294=EDGE_CURVE('',#865,#998,#163,.T.);
#1295=EDGE_CURVE('',#890,#968,#815,.T.);
#1296=EDGE_CURVE('',#987,#973,#586,.T.);
#1297=EDGE_CURVE('',#975,#985,#587,.T.);
#1298=EDGE_CURVE('',#997,#998,#588,.T.);
#1299=EDGE_CURVE('',#999,#1000,#816,.T.);
#1300=EDGE_CURVE('',#1000,#901,#164,.T.);
#1301=EDGE_CURVE('',#900,#999,#165,.T.);
#1302=EDGE_CURVE('',#1001,#1002,#817,.T.);
#1303=EDGE_CURVE('',#1002,#1000,#589,.T.);
#1304=EDGE_CURVE('',#999,#1001,#590,.T.);
#1305=EDGE_CURVE('',#1003,#1004,#818,.T.);
#1306=EDGE_CURVE('',#1004,#1002,#166,.T.);
#1307=EDGE_CURVE('',#1001,#1003,#167,.T.);
#1308=EDGE_CURVE('',#1003,#1005,#78,.T.);
#1309=EDGE_CURVE('',#1005,#857,#819,.T.);
#1310=EDGE_CURVE('',#857,#1004,#79,.T.);
#1311=EDGE_CURVE('',#1006,#858,#820,.T.);
#1312=EDGE_CURVE('',#1005,#1006,#591,.T.);
#1313=EDGE_CURVE('',#1003,#1007,#592,.F.);
#1314=EDGE_CURVE('',#1007,#1008,#821,.T.);
#1315=EDGE_CURVE('',#1008,#1009,#593,.T.);
#1316=EDGE_CURVE('',#1009,#1006,#822,.T.);
#1317=EDGE_CURVE('',#1010,#999,#594,.T.);
#1318=EDGE_CURVE('',#1010,#1007,#595,.T.);
#1319=EDGE_CURVE('',#965,#1011,#596,.T.);
#1320=EDGE_CURVE('',#1012,#959,#597,.T.);
#1321=EDGE_CURVE('',#1011,#1012,#598,.T.);
#1322=EDGE_CURVE('',#899,#1010,#823,.T.);
#1323=EDGE_CURVE('',#856,#1013,#824,.T.);
#1324=EDGE_CURVE('',#1013,#1002,#599,.T.);
#1325=EDGE_CURVE('',#943,#1013,#825,.T.);
#1326=EDGE_CURVE('',#902,#1013,#600,.T.);
#1327=EDGE_CURVE('',#1014,#1008,#601,.T.);
#1328=EDGE_CURVE('',#1015,#1014,#602,.T.);
#1329=EDGE_CURVE('',#1015,#1009,#603,.T.);
#1330=EDGE_CURVE('',#1014,#898,#604,.T.);
#1331=EDGE_CURVE('',#859,#1015,#605,.T.);
#1332=EDGE_CURVE('',#955,#1016,#80,.T.);
#1333=EDGE_CURVE('',#957,#1016,#81,.T.);
#1334=EDGE_CURVE('',#1016,#958,#82,.T.);
#1335=EDGE_CURVE('',#1011,#1017,#168,.T.);
#1336=EDGE_CURVE('',#1017,#966,#606,.T.);
#1337=EDGE_CURVE('',#1018,#1012,#169,.T.);
#1338=EDGE_CURVE('',#1018,#1017,#607,.T.);
#1339=EDGE_CURVE('',#962,#1018,#608,.T.);
#1340=ORIENTED_EDGE('',*,*,#1019,.F.);
#1341=ORIENTED_EDGE('',*,*,#1020,.T.);
#1342=ORIENTED_EDGE('',*,*,#1021,.F.);
#1343=ORIENTED_EDGE('',*,*,#1020,.F.);
#1344=ORIENTED_EDGE('',*,*,#1021,.T.);
#1345=ORIENTED_EDGE('',*,*,#1022,.T.);
#1346=ORIENTED_EDGE('',*,*,#1023,.T.);
#1347=ORIENTED_EDGE('',*,*,#1024,.T.);
#1348=ORIENTED_EDGE('',*,*,#1025,.T.);
#1349=ORIENTED_EDGE('',*,*,#1026,.T.);
#1350=ORIENTED_EDGE('',*,*,#1027,.T.);
#1351=ORIENTED_EDGE('',*,*,#1024,.F.);
#1352=ORIENTED_EDGE('',*,*,#1028,.T.);
#1353=ORIENTED_EDGE('',*,*,#1029,.T.);
#1354=ORIENTED_EDGE('',*,*,#1030,.T.);
#1355=ORIENTED_EDGE('',*,*,#1031,.T.);
#1356=ORIENTED_EDGE('',*,*,#1032,.T.);
#1357=ORIENTED_EDGE('',*,*,#1029,.F.);
#1358=ORIENTED_EDGE('',*,*,#1033,.T.);
#1359=ORIENTED_EDGE('',*,*,#1026,.F.);
#1360=ORIENTED_EDGE('',*,*,#1034,.T.);
#1361=ORIENTED_EDGE('',*,*,#1035,.T.);
#1362=ORIENTED_EDGE('',*,*,#1036,.T.);
#1363=ORIENTED_EDGE('',*,*,#1037,.T.);
#1364=ORIENTED_EDGE('',*,*,#1038,.T.);
#1365=ORIENTED_EDGE('',*,*,#1039,.T.);
#1366=ORIENTED_EDGE('',*,*,#1040,.T.);
#1367=ORIENTED_EDGE('',*,*,#1037,.F.);
#1368=ORIENTED_EDGE('',*,*,#1041,.T.);
#1369=ORIENTED_EDGE('',*,*,#1035,.F.);
#1370=ORIENTED_EDGE('',*,*,#1042,.T.);
#1371=ORIENTED_EDGE('',*,*,#1031,.F.);
#1372=ORIENTED_EDGE('',*,*,#1043,.T.);
#1373=ORIENTED_EDGE('',*,*,#1033,.F.);
#1374=ORIENTED_EDGE('',*,*,#1044,.T.);
#1375=ORIENTED_EDGE('',*,*,#1045,.T.);
#1376=ORIENTED_EDGE('',*,*,#1046,.T.);
#1377=ORIENTED_EDGE('',*,*,#1047,.T.);
#1378=ORIENTED_EDGE('',*,*,#1032,.F.);
#1379=ORIENTED_EDGE('',*,*,#1048,.F.);
#1380=ORIENTED_EDGE('',*,*,#1049,.F.);
#1381=ORIENTED_EDGE('',*,*,#1044,.F.);
#1382=ORIENTED_EDGE('',*,*,#1042,.F.);
#1383=ORIENTED_EDGE('',*,*,#1050,.T.);
#1384=ORIENTED_EDGE('',*,*,#1051,.T.);
#1385=ORIENTED_EDGE('',*,*,#1052,.T.);
#1386=ORIENTED_EDGE('',*,*,#1048,.T.);
#1387=ORIENTED_EDGE('',*,*,#1038,.F.);
#1388=ORIENTED_EDGE('',*,*,#1053,.T.);
#1389=ORIENTED_EDGE('',*,*,#1050,.F.);
#1390=ORIENTED_EDGE('',*,*,#1040,.F.);
#1391=ORIENTED_EDGE('',*,*,#1054,.F.);
#1392=ORIENTED_EDGE('',*,*,#1055,.F.);
#1393=ORIENTED_EDGE('',*,*,#1056,.F.);
#1394=ORIENTED_EDGE('',*,*,#1057,.F.);
#1395=ORIENTED_EDGE('',*,*,#1058,.F.);
#1396=ORIENTED_EDGE('',*,*,#1059,.T.);
#1397=ORIENTED_EDGE('',*,*,#1060,.F.);
#1398=ORIENTED_EDGE('',*,*,#1061,.F.);
#1399=ORIENTED_EDGE('',*,*,#1062,.F.);
#1400=ORIENTED_EDGE('',*,*,#1063,.F.);
#1401=ORIENTED_EDGE('',*,*,#1064,.T.);
#1402=ORIENTED_EDGE('',*,*,#1065,.F.);
#1403=ORIENTED_EDGE('',*,*,#1066,.F.);
#1404=ORIENTED_EDGE('',*,*,#1067,.T.);
#1405=ORIENTED_EDGE('',*,*,#1068,.F.);
#1406=ORIENTED_EDGE('',*,*,#1069,.F.);
#1407=ORIENTED_EDGE('',*,*,#1070,.F.);
#1408=ORIENTED_EDGE('',*,*,#1071,.F.);
#1409=ORIENTED_EDGE('',*,*,#1072,.F.);
#1410=ORIENTED_EDGE('',*,*,#1073,.F.);
#1411=ORIENTED_EDGE('',*,*,#1074,.F.);
#1412=ORIENTED_EDGE('',*,*,#1051,.F.);
#1413=ORIENTED_EDGE('',*,*,#1053,.F.);
#1414=ORIENTED_EDGE('',*,*,#1075,.T.);
#1415=ORIENTED_EDGE('',*,*,#1076,.T.);
#1416=ORIENTED_EDGE('',*,*,#1077,.T.);
#1417=ORIENTED_EDGE('',*,*,#1078,.T.);
#1418=ORIENTED_EDGE('',*,*,#1079,.T.);
#1419=ORIENTED_EDGE('',*,*,#1075,.F.);
#1420=ORIENTED_EDGE('',*,*,#1080,.T.);
#1421=ORIENTED_EDGE('',*,*,#1081,.T.);
#1422=ORIENTED_EDGE('',*,*,#1082,.T.);
#1423=ORIENTED_EDGE('',*,*,#1078,.F.);
#1424=ORIENTED_EDGE('',*,*,#1083,.T.);
#1425=ORIENTED_EDGE('',*,*,#1084,.T.);
#1426=ORIENTED_EDGE('',*,*,#1085,.T.);
#1427=ORIENTED_EDGE('',*,*,#1081,.F.);
#1428=ORIENTED_EDGE('',*,*,#1086,.T.);
#1429=ORIENTED_EDGE('',*,*,#1084,.F.);
#1430=ORIENTED_EDGE('',*,*,#1087,.T.);
#1431=ORIENTED_EDGE('',*,*,#1088,.T.);
#1432=ORIENTED_EDGE('',*,*,#1087,.F.);
#1433=ORIENTED_EDGE('',*,*,#1086,.F.);
#1434=ORIENTED_EDGE('',*,*,#1089,.T.);
#1435=ORIENTED_EDGE('',*,*,#1090,.T.);
#1436=ORIENTED_EDGE('',*,*,#1091,.T.);
#1437=ORIENTED_EDGE('',*,*,#1083,.F.);
#1438=ORIENTED_EDGE('',*,*,#1092,.F.);
#1439=ORIENTED_EDGE('',*,*,#1093,.F.);
#1440=ORIENTED_EDGE('',*,*,#1089,.F.);
#1441=ORIENTED_EDGE('',*,*,#1080,.F.);
#1442=ORIENTED_EDGE('',*,*,#1077,.F.);
#1443=ORIENTED_EDGE('',*,*,#1055,.T.);
#1444=ORIENTED_EDGE('',*,*,#1094,.T.);
#1445=ORIENTED_EDGE('',*,*,#1092,.T.);
#1446=ORIENTED_EDGE('',*,*,#1074,.T.);
#1447=ORIENTED_EDGE('',*,*,#1095,.T.);
#1448=ORIENTED_EDGE('',*,*,#1096,.T.);
#1449=ORIENTED_EDGE('',*,*,#1052,.F.);
#1450=ORIENTED_EDGE('',*,*,#1023,.F.);
#1451=ORIENTED_EDGE('',*,*,#1097,.T.);
#1452=ORIENTED_EDGE('',*,*,#1041,.F.);
#1453=ORIENTED_EDGE('',*,*,#1036,.F.);
#1454=ORIENTED_EDGE('',*,*,#1043,.F.);
#1455=ORIENTED_EDGE('',*,*,#1030,.F.);
#1456=ORIENTED_EDGE('',*,*,#1034,.F.);
#1457=ORIENTED_EDGE('',*,*,#1028,.F.);
#1458=ORIENTED_EDGE('',*,*,#1096,.F.);
#1459=ORIENTED_EDGE('',*,*,#1098,.F.);
#1460=ORIENTED_EDGE('',*,*,#1099,.F.);
#1461=ORIENTED_EDGE('',*,*,#1100,.F.);
#1462=ORIENTED_EDGE('',*,*,#1101,.F.);
#1463=ORIENTED_EDGE('',*,*,#1102,.F.);
#1464=ORIENTED_EDGE('',*,*,#1103,.F.);
#1465=ORIENTED_EDGE('',*,*,#1049,.T.);
#1466=ORIENTED_EDGE('',*,*,#1095,.F.);
#1467=ORIENTED_EDGE('',*,*,#1073,.T.);
#1468=ORIENTED_EDGE('',*,*,#1104,.F.);
#1469=ORIENTED_EDGE('',*,*,#1098,.T.);
#1470=ORIENTED_EDGE('',*,*,#1103,.T.);
#1471=ORIENTED_EDGE('',*,*,#1105,.T.);
#1472=ORIENTED_EDGE('',*,*,#1106,.T.);
#1473=ORIENTED_EDGE('',*,*,#1045,.F.);
#1474=ORIENTED_EDGE('',*,*,#1027,.F.);
#1475=ORIENTED_EDGE('',*,*,#1047,.F.);
#1476=ORIENTED_EDGE('',*,*,#1107,.T.);
#1477=ORIENTED_EDGE('',*,*,#1025,.F.);
#1478=ORIENTED_EDGE('',*,*,#1107,.F.);
#1479=ORIENTED_EDGE('',*,*,#1046,.F.);
#1480=ORIENTED_EDGE('',*,*,#1106,.F.);
#1481=ORIENTED_EDGE('',*,*,#1108,.T.);
#1482=ORIENTED_EDGE('',*,*,#1109,.F.);
#1483=ORIENTED_EDGE('',*,*,#1110,.F.);
#1484=ORIENTED_EDGE('',*,*,#1111,.F.);
#1485=ORIENTED_EDGE('',*,*,#1112,.F.);
#1486=ORIENTED_EDGE('',*,*,#1113,.F.);
#1487=ORIENTED_EDGE('',*,*,#1114,.F.);
#1488=ORIENTED_EDGE('',*,*,#1115,.F.);
#1489=ORIENTED_EDGE('',*,*,#1116,.F.);
#1490=ORIENTED_EDGE('',*,*,#1117,.T.);
#1491=ORIENTED_EDGE('',*,*,#1118,.F.);
#1492=ORIENTED_EDGE('',*,*,#1119,.F.);
#1493=ORIENTED_EDGE('',*,*,#1120,.F.);
#1494=ORIENTED_EDGE('',*,*,#1121,.T.);
#1495=ORIENTED_EDGE('',*,*,#1122,.T.);
#1496=ORIENTED_EDGE('',*,*,#1123,.T.);
#1497=ORIENTED_EDGE('',*,*,#1124,.F.);
#1498=ORIENTED_EDGE('',*,*,#1125,.F.);
#1499=ORIENTED_EDGE('',*,*,#1126,.F.);
#1500=ORIENTED_EDGE('',*,*,#1091,.F.);
#1501=ORIENTED_EDGE('',*,*,#1127,.T.);
#1502=ORIENTED_EDGE('',*,*,#1105,.F.);
#1503=ORIENTED_EDGE('',*,*,#1102,.T.);
#1504=ORIENTED_EDGE('',*,*,#1128,.F.);
#1505=ORIENTED_EDGE('',*,*,#1108,.F.);
#1506=ORIENTED_EDGE('',*,*,#1022,.F.);
#1507=ORIENTED_EDGE('',*,*,#1127,.F.);
#1508=ORIENTED_EDGE('',*,*,#1090,.F.);
#1509=ORIENTED_EDGE('',*,*,#1093,.T.);
#1510=ORIENTED_EDGE('',*,*,#1094,.F.);
#1511=ORIENTED_EDGE('',*,*,#1054,.T.);
#1512=ORIENTED_EDGE('',*,*,#1039,.F.);
#1513=ORIENTED_EDGE('',*,*,#1097,.F.);
#1514=ORIENTED_EDGE('',*,*,#1019,.T.);
#1515=ORIENTED_EDGE('',*,*,#1076,.F.);
#1516=ORIENTED_EDGE('',*,*,#1129,.T.);
#1517=ORIENTED_EDGE('',*,*,#1130,.F.);
#1518=ORIENTED_EDGE('',*,*,#1131,.F.);
#1519=ORIENTED_EDGE('',*,*,#1056,.T.);
#1520=ORIENTED_EDGE('',*,*,#1085,.F.);
#1521=ORIENTED_EDGE('',*,*,#1132,.T.);
#1522=ORIENTED_EDGE('',*,*,#1133,.F.);
#1523=ORIENTED_EDGE('',*,*,#1129,.F.);
#1524=ORIENTED_EDGE('',*,*,#1079,.F.);
#1525=ORIENTED_EDGE('',*,*,#1082,.F.);
#1526=ORIENTED_EDGE('',*,*,#1088,.F.);
#1527=ORIENTED_EDGE('',*,*,#1126,.T.);
#1528=ORIENTED_EDGE('',*,*,#1134,.F.);
#1529=ORIENTED_EDGE('',*,*,#1135,.F.);
#1530=ORIENTED_EDGE('',*,*,#1132,.F.);
#1531=ORIENTED_EDGE('',*,*,#1136,.T.);
#1532=ORIENTED_EDGE('',*,*,#1137,.T.);
#1533=ORIENTED_EDGE('',*,*,#1138,.T.);
#1534=ORIENTED_EDGE('',*,*,#1139,.T.);
#1535=ORIENTED_EDGE('',*,*,#1136,.F.);
#1536=ORIENTED_EDGE('',*,*,#1140,.F.);
#1537=ORIENTED_EDGE('',*,*,#1141,.F.);
#1538=ORIENTED_EDGE('',*,*,#1142,.F.);
#1539=ORIENTED_EDGE('',*,*,#1143,.F.);
#1540=ORIENTED_EDGE('',*,*,#1144,.F.);
#1541=ORIENTED_EDGE('',*,*,#1145,.F.);
#1542=ORIENTED_EDGE('',*,*,#1139,.F.);
#1543=ORIENTED_EDGE('',*,*,#1146,.F.);
#1544=ORIENTED_EDGE('',*,*,#1147,.F.);
#1545=ORIENTED_EDGE('',*,*,#1140,.T.);
#1546=ORIENTED_EDGE('',*,*,#1148,.T.);
#1547=ORIENTED_EDGE('',*,*,#1149,.T.);
#1548=ORIENTED_EDGE('',*,*,#1150,.F.);
#1549=ORIENTED_EDGE('',*,*,#1151,.T.);
#1550=ORIENTED_EDGE('',*,*,#1152,.F.);
#1551=ORIENTED_EDGE('',*,*,#1149,.F.);
#1552=ORIENTED_EDGE('',*,*,#1153,.T.);
#1553=ORIENTED_EDGE('',*,*,#1154,.T.);
#1554=ORIENTED_EDGE('',*,*,#1155,.T.);
#1555=ORIENTED_EDGE('',*,*,#1156,.T.);
#1556=ORIENTED_EDGE('',*,*,#1157,.T.);
#1557=ORIENTED_EDGE('',*,*,#1158,.T.);
#1558=ORIENTED_EDGE('',*,*,#1159,.T.);
#1559=ORIENTED_EDGE('',*,*,#1160,.T.);
#1560=ORIENTED_EDGE('',*,*,#1161,.T.);
#1561=ORIENTED_EDGE('',*,*,#1155,.F.);
#1562=ORIENTED_EDGE('',*,*,#1152,.T.);
#1563=ORIENTED_EDGE('',*,*,#1100,.T.);
#1564=ORIENTED_EDGE('',*,*,#1159,.F.);
#1565=ORIENTED_EDGE('',*,*,#1162,.T.);
#1566=ORIENTED_EDGE('',*,*,#1153,.F.);
#1567=ORIENTED_EDGE('',*,*,#1148,.F.);
#1568=ORIENTED_EDGE('',*,*,#1162,.F.);
#1569=ORIENTED_EDGE('',*,*,#1158,.F.);
#1570=ORIENTED_EDGE('',*,*,#1157,.F.);
#1571=ORIENTED_EDGE('',*,*,#1163,.F.);
#1572=ORIENTED_EDGE('',*,*,#1164,.F.);
#1573=ORIENTED_EDGE('',*,*,#1165,.F.);
#1574=ORIENTED_EDGE('',*,*,#1166,.F.);
#1575=ORIENTED_EDGE('',*,*,#1142,.T.);
#1576=ORIENTED_EDGE('',*,*,#1167,.T.);
#1577=ORIENTED_EDGE('',*,*,#1163,.T.);
#1578=ORIENTED_EDGE('',*,*,#1156,.F.);
#1579=ORIENTED_EDGE('',*,*,#1154,.F.);
#1580=ORIENTED_EDGE('',*,*,#1165,.T.);
#1581=ORIENTED_EDGE('',*,*,#1168,.T.);
#1582=ORIENTED_EDGE('',*,*,#1169,.T.);
#1583=ORIENTED_EDGE('',*,*,#1170,.T.);
#1584=ORIENTED_EDGE('',*,*,#1164,.T.);
#1585=ORIENTED_EDGE('',*,*,#1167,.F.);
#1586=ORIENTED_EDGE('',*,*,#1141,.T.);
#1587=ORIENTED_EDGE('',*,*,#1147,.T.);
#1588=ORIENTED_EDGE('',*,*,#1171,.T.);
#1589=ORIENTED_EDGE('',*,*,#1168,.F.);
#1590=ORIENTED_EDGE('',*,*,#1166,.T.);
#1591=ORIENTED_EDGE('',*,*,#1161,.F.);
#1592=ORIENTED_EDGE('',*,*,#1172,.F.);
#1593=ORIENTED_EDGE('',*,*,#1173,.T.);
#1594=ORIENTED_EDGE('',*,*,#1143,.T.);
#1595=ORIENTED_EDGE('',*,*,#1104,.T.);
#1596=ORIENTED_EDGE('',*,*,#1072,.T.);
#1597=ORIENTED_EDGE('',*,*,#1174,.F.);
#1598=ORIENTED_EDGE('',*,*,#1175,.T.);
#1599=ORIENTED_EDGE('',*,*,#1176,.T.);
#1600=ORIENTED_EDGE('',*,*,#1065,.T.);
#1601=ORIENTED_EDGE('',*,*,#1177,.T.);
#1602=ORIENTED_EDGE('',*,*,#1178,.T.);
#1603=ORIENTED_EDGE('',*,*,#1172,.T.);
#1604=ORIENTED_EDGE('',*,*,#1160,.F.);
#1605=ORIENTED_EDGE('',*,*,#1099,.T.);
#1606=ORIENTED_EDGE('',*,*,#1179,.T.);
#1607=ORIENTED_EDGE('',*,*,#1130,.T.);
#1608=ORIENTED_EDGE('',*,*,#1180,.T.);
#1609=ORIENTED_EDGE('',*,*,#1181,.T.);
#1610=ORIENTED_EDGE('',*,*,#1131,.T.);
#1611=ORIENTED_EDGE('',*,*,#1179,.F.);
#1612=ORIENTED_EDGE('',*,*,#1182,.T.);
#1613=ORIENTED_EDGE('',*,*,#1183,.T.);
#1614=ORIENTED_EDGE('',*,*,#1057,.T.);
#1615=ORIENTED_EDGE('',*,*,#1181,.F.);
#1616=ORIENTED_EDGE('',*,*,#1184,.T.);
#1617=ORIENTED_EDGE('',*,*,#1185,.T.);
#1618=ORIENTED_EDGE('',*,*,#1058,.T.);
#1619=ORIENTED_EDGE('',*,*,#1183,.F.);
#1620=ORIENTED_EDGE('',*,*,#1186,.T.);
#1621=ORIENTED_EDGE('',*,*,#1185,.F.);
#1622=ORIENTED_EDGE('',*,*,#1187,.F.);
#1623=ORIENTED_EDGE('',*,*,#1188,.F.);
#1624=ORIENTED_EDGE('',*,*,#1123,.F.);
#1625=ORIENTED_EDGE('',*,*,#1189,.T.);
#1626=ORIENTED_EDGE('',*,*,#1190,.F.);
#1627=ORIENTED_EDGE('',*,*,#1059,.F.);
#1628=ORIENTED_EDGE('',*,*,#1191,.T.);
#1629=ORIENTED_EDGE('',*,*,#1192,.T.);
#1630=ORIENTED_EDGE('',*,*,#1135,.T.);
#1631=ORIENTED_EDGE('',*,*,#1193,.T.);
#1632=ORIENTED_EDGE('',*,*,#1194,.T.);
#1633=ORIENTED_EDGE('',*,*,#1191,.F.);
#1634=ORIENTED_EDGE('',*,*,#1134,.T.);
#1635=ORIENTED_EDGE('',*,*,#1195,.T.);
#1636=ORIENTED_EDGE('',*,*,#1196,.T.);
#1637=ORIENTED_EDGE('',*,*,#1193,.F.);
#1638=ORIENTED_EDGE('',*,*,#1125,.T.);
#1639=ORIENTED_EDGE('',*,*,#1197,.T.);
#1640=ORIENTED_EDGE('',*,*,#1195,.F.);
#1641=ORIENTED_EDGE('',*,*,#1124,.T.);
#1642=ORIENTED_EDGE('',*,*,#1188,.T.);
#1643=ORIENTED_EDGE('',*,*,#1180,.F.);
#1644=ORIENTED_EDGE('',*,*,#1133,.T.);
#1645=ORIENTED_EDGE('',*,*,#1192,.F.);
#1646=ORIENTED_EDGE('',*,*,#1198,.T.);
#1647=ORIENTED_EDGE('',*,*,#1182,.F.);
#1648=ORIENTED_EDGE('',*,*,#1198,.F.);
#1649=ORIENTED_EDGE('',*,*,#1194,.F.);
#1650=ORIENTED_EDGE('',*,*,#1196,.F.);
#1651=ORIENTED_EDGE('',*,*,#1199,.T.);
#1652=ORIENTED_EDGE('',*,*,#1184,.F.);
#1653=ORIENTED_EDGE('',*,*,#1138,.F.);
#1654=ORIENTED_EDGE('',*,*,#1200,.T.);
#1655=ORIENTED_EDGE('',*,*,#1201,.T.);
#1656=ORIENTED_EDGE('',*,*,#1202,.T.);
#1657=ORIENTED_EDGE('',*,*,#1169,.F.);
#1658=ORIENTED_EDGE('',*,*,#1171,.F.);
#1659=ORIENTED_EDGE('',*,*,#1146,.T.);
#1660=ORIENTED_EDGE('',*,*,#1137,.F.);
#1661=ORIENTED_EDGE('',*,*,#1145,.T.);
#1662=ORIENTED_EDGE('',*,*,#1203,.F.);
#1663=ORIENTED_EDGE('',*,*,#1200,.F.);
#1664=ORIENTED_EDGE('',*,*,#1204,.F.);
#1665=ORIENTED_EDGE('',*,*,#1205,.F.);
#1666=ORIENTED_EDGE('',*,*,#1201,.F.);
#1667=ORIENTED_EDGE('',*,*,#1178,.F.);
#1668=ORIENTED_EDGE('',*,*,#1144,.T.);
#1669=ORIENTED_EDGE('',*,*,#1173,.F.);
#1670=ORIENTED_EDGE('',*,*,#1170,.F.);
#1671=ORIENTED_EDGE('',*,*,#1202,.F.);
#1672=ORIENTED_EDGE('',*,*,#1205,.T.);
#1673=ORIENTED_EDGE('',*,*,#1206,.F.);
#1674=ORIENTED_EDGE('',*,*,#1150,.T.);
#1675=ORIENTED_EDGE('',*,*,#1128,.T.);
#1676=ORIENTED_EDGE('',*,*,#1101,.T.);
#1677=ORIENTED_EDGE('',*,*,#1151,.F.);
#1678=ORIENTED_EDGE('',*,*,#1206,.T.);
#1679=ORIENTED_EDGE('',*,*,#1204,.T.);
#1680=ORIENTED_EDGE('',*,*,#1207,.T.);
#1681=ORIENTED_EDGE('',*,*,#1116,.T.);
#1682=ORIENTED_EDGE('',*,*,#1208,.F.);
#1683=ORIENTED_EDGE('',*,*,#1209,.T.);
#1684=ORIENTED_EDGE('',*,*,#1210,.F.);
#1685=ORIENTED_EDGE('',*,*,#1109,.T.);
#1686=ORIENTED_EDGE('',*,*,#1211,.F.);
#1687=ORIENTED_EDGE('',*,*,#1212,.T.);
#1688=ORIENTED_EDGE('',*,*,#1213,.F.);
#1689=ORIENTED_EDGE('',*,*,#1212,.F.);
#1690=ORIENTED_EDGE('',*,*,#1214,.F.);
#1691=ORIENTED_EDGE('',*,*,#1215,.F.);
#1692=ORIENTED_EDGE('',*,*,#1216,.F.);
#1693=ORIENTED_EDGE('',*,*,#1211,.T.);
#1694=ORIENTED_EDGE('',*,*,#1215,.T.);
#1695=ORIENTED_EDGE('',*,*,#1217,.T.);
#1696=ORIENTED_EDGE('',*,*,#1218,.T.);
#1697=ORIENTED_EDGE('',*,*,#1219,.T.);
#1698=ORIENTED_EDGE('',*,*,#1220,.T.);
#1699=ORIENTED_EDGE('',*,*,#1221,.F.);
#1700=ORIENTED_EDGE('',*,*,#1222,.T.);
#1701=ORIENTED_EDGE('',*,*,#1223,.T.);
#1702=ORIENTED_EDGE('',*,*,#1224,.T.);
#1703=ORIENTED_EDGE('',*,*,#1225,.F.);
#1704=ORIENTED_EDGE('',*,*,#1226,.T.);
#1705=ORIENTED_EDGE('',*,*,#1221,.T.);
#1706=ORIENTED_EDGE('',*,*,#1227,.T.);
#1707=ORIENTED_EDGE('',*,*,#1228,.F.);
#1708=ORIENTED_EDGE('',*,*,#1229,.T.);
#1709=ORIENTED_EDGE('',*,*,#1225,.T.);
#1710=ORIENTED_EDGE('',*,*,#1203,.T.);
#1711=ORIENTED_EDGE('',*,*,#1177,.F.);
#1712=ORIENTED_EDGE('',*,*,#1230,.F.);
#1713=ORIENTED_EDGE('',*,*,#1207,.F.);
#1714=ORIENTED_EDGE('',*,*,#1231,.T.);
#1715=ORIENTED_EDGE('',*,*,#1232,.T.);
#1716=ORIENTED_EDGE('',*,*,#1233,.T.);
#1717=ORIENTED_EDGE('',*,*,#1234,.T.);
#1718=ORIENTED_EDGE('',*,*,#1235,.T.);
#1719=ORIENTED_EDGE('',*,*,#1231,.F.);
#1720=ORIENTED_EDGE('',*,*,#1236,.T.);
#1721=ORIENTED_EDGE('',*,*,#1237,.T.);
#1722=ORIENTED_EDGE('',*,*,#1238,.T.);
#1723=ORIENTED_EDGE('',*,*,#1239,.T.);
#1724=ORIENTED_EDGE('',*,*,#1240,.T.);
#1725=ORIENTED_EDGE('',*,*,#1241,.T.);
#1726=ORIENTED_EDGE('',*,*,#1242,.T.);
#1727=ORIENTED_EDGE('',*,*,#1239,.F.);
#1728=ORIENTED_EDGE('',*,*,#1243,.T.);
#1729=ORIENTED_EDGE('',*,*,#1244,.T.);
#1730=ORIENTED_EDGE('',*,*,#1245,.T.);
#1731=ORIENTED_EDGE('',*,*,#1241,.F.);
#1732=ORIENTED_EDGE('',*,*,#1246,.T.);
#1733=ORIENTED_EDGE('',*,*,#1237,.F.);
#1734=ORIENTED_EDGE('',*,*,#1247,.T.);
#1735=ORIENTED_EDGE('',*,*,#1234,.F.);
#1736=ORIENTED_EDGE('',*,*,#1248,.T.);
#1737=ORIENTED_EDGE('',*,*,#1249,.T.);
#1738=ORIENTED_EDGE('',*,*,#1250,.T.);
#1739=ORIENTED_EDGE('',*,*,#1251,.T.);
#1740=ORIENTED_EDGE('',*,*,#1252,.T.);
#1741=ORIENTED_EDGE('',*,*,#1251,.F.);
#1742=ORIENTED_EDGE('',*,*,#1253,.T.);
#1743=ORIENTED_EDGE('',*,*,#1254,.T.);
#1744=ORIENTED_EDGE('',*,*,#1249,.F.);
#1745=ORIENTED_EDGE('',*,*,#1255,.T.);
#1746=ORIENTED_EDGE('',*,*,#1244,.F.);
#1747=ORIENTED_EDGE('',*,*,#1256,.T.);
#1748=ORIENTED_EDGE('',*,*,#1247,.F.);
#1749=ORIENTED_EDGE('',*,*,#1257,.T.);
#1750=ORIENTED_EDGE('',*,*,#1258,.T.);
#1751=ORIENTED_EDGE('',*,*,#1111,.T.);
#1752=ORIENTED_EDGE('',*,*,#1259,.T.);
#1753=ORIENTED_EDGE('',*,*,#1240,.F.);
#1754=ORIENTED_EDGE('',*,*,#1242,.F.);
#1755=ORIENTED_EDGE('',*,*,#1245,.F.);
#1756=ORIENTED_EDGE('',*,*,#1260,.F.);
#1757=ORIENTED_EDGE('',*,*,#1261,.F.);
#1758=ORIENTED_EDGE('',*,*,#1257,.F.);
#1759=ORIENTED_EDGE('',*,*,#1255,.F.);
#1760=ORIENTED_EDGE('',*,*,#1262,.T.);
#1761=ORIENTED_EDGE('',*,*,#1070,.T.);
#1762=ORIENTED_EDGE('',*,*,#1263,.F.);
#1763=ORIENTED_EDGE('',*,*,#1260,.T.);
#1764=ORIENTED_EDGE('',*,*,#1252,.F.);
#1765=ORIENTED_EDGE('',*,*,#1264,.T.);
#1766=ORIENTED_EDGE('',*,*,#1071,.T.);
#1767=ORIENTED_EDGE('',*,*,#1262,.F.);
#1768=ORIENTED_EDGE('',*,*,#1254,.F.);
#1769=ORIENTED_EDGE('',*,*,#1174,.T.);
#1770=ORIENTED_EDGE('',*,*,#1264,.F.);
#1771=ORIENTED_EDGE('',*,*,#1176,.F.);
#1772=ORIENTED_EDGE('',*,*,#1265,.T.);
#1773=ORIENTED_EDGE('',*,*,#1266,.T.);
#1774=ORIENTED_EDGE('',*,*,#1267,.T.);
#1775=ORIENTED_EDGE('',*,*,#1066,.T.);
#1776=ORIENTED_EDGE('',*,*,#1268,.T.);
#1777=ORIENTED_EDGE('',*,*,#1269,.T.);
#1778=ORIENTED_EDGE('',*,*,#1266,.F.);
#1779=ORIENTED_EDGE('',*,*,#1270,.T.);
#1780=ORIENTED_EDGE('',*,*,#1271,.T.);
#1781=ORIENTED_EDGE('',*,*,#1272,.T.);
#1782=ORIENTED_EDGE('',*,*,#1268,.F.);
#1783=ORIENTED_EDGE('',*,*,#1273,.T.);
#1784=ORIENTED_EDGE('',*,*,#1274,.T.);
#1785=ORIENTED_EDGE('',*,*,#1275,.T.);
#1786=ORIENTED_EDGE('',*,*,#1276,.T.);
#1787=ORIENTED_EDGE('',*,*,#1276,.F.);
#1788=ORIENTED_EDGE('',*,*,#1277,.T.);
#1789=ORIENTED_EDGE('',*,*,#1271,.F.);
#1790=ORIENTED_EDGE('',*,*,#1278,.T.);
#1791=ORIENTED_EDGE('',*,*,#1267,.F.);
#1792=ORIENTED_EDGE('',*,*,#1269,.F.);
#1793=ORIENTED_EDGE('',*,*,#1272,.F.);
#1794=ORIENTED_EDGE('',*,*,#1279,.F.);
#1795=ORIENTED_EDGE('',*,*,#1280,.F.);
#1796=ORIENTED_EDGE('',*,*,#1281,.F.);
#1797=ORIENTED_EDGE('',*,*,#1067,.F.);
#1798=ORIENTED_EDGE('',*,*,#1277,.F.);
#1799=ORIENTED_EDGE('',*,*,#1282,.T.);
#1800=ORIENTED_EDGE('',*,*,#1115,.T.);
#1801=ORIENTED_EDGE('',*,*,#1283,.T.);
#1802=ORIENTED_EDGE('',*,*,#1279,.T.);
#1803=ORIENTED_EDGE('',*,*,#1275,.F.);
#1804=ORIENTED_EDGE('',*,*,#1208,.T.);
#1805=ORIENTED_EDGE('',*,*,#1282,.F.);
#1806=ORIENTED_EDGE('',*,*,#1284,.F.);
#1807=ORIENTED_EDGE('',*,*,#1285,.F.);
#1808=ORIENTED_EDGE('',*,*,#1112,.T.);
#1809=ORIENTED_EDGE('',*,*,#1258,.F.);
#1810=ORIENTED_EDGE('',*,*,#1286,.F.);
#1811=ORIENTED_EDGE('',*,*,#1283,.F.);
#1812=ORIENTED_EDGE('',*,*,#1114,.T.);
#1813=ORIENTED_EDGE('',*,*,#1287,.F.);
#1814=ORIENTED_EDGE('',*,*,#1287,.T.);
#1815=ORIENTED_EDGE('',*,*,#1113,.T.);
#1816=ORIENTED_EDGE('',*,*,#1285,.T.);
#1817=ORIENTED_EDGE('',*,*,#1288,.T.);
#1818=ORIENTED_EDGE('',*,*,#1289,.T.);
#1819=ORIENTED_EDGE('',*,*,#1280,.T.);
#1820=ORIENTED_EDGE('',*,*,#1286,.T.);
#1821=ORIENTED_EDGE('',*,*,#1290,.T.);
#1822=ORIENTED_EDGE('',*,*,#1068,.T.);
#1823=ORIENTED_EDGE('',*,*,#1281,.T.);
#1824=ORIENTED_EDGE('',*,*,#1289,.F.);
#1825=ORIENTED_EDGE('',*,*,#1291,.T.);
#1826=ORIENTED_EDGE('',*,*,#1292,.T.);
#1827=ORIENTED_EDGE('',*,*,#1293,.T.);
#1828=ORIENTED_EDGE('',*,*,#1284,.T.);
#1829=ORIENTED_EDGE('',*,*,#1261,.T.);
#1830=ORIENTED_EDGE('',*,*,#1292,.F.);
#1831=ORIENTED_EDGE('',*,*,#1263,.T.);
#1832=ORIENTED_EDGE('',*,*,#1294,.T.);
#1833=ORIENTED_EDGE('',*,*,#1235,.F.);
#1834=ORIENTED_EDGE('',*,*,#1259,.F.);
#1835=ORIENTED_EDGE('',*,*,#1110,.T.);
#1836=ORIENTED_EDGE('',*,*,#1295,.T.);
#1837=ORIENTED_EDGE('',*,*,#1232,.F.);
#1838=ORIENTED_EDGE('',*,*,#1295,.F.);
#1839=ORIENTED_EDGE('',*,*,#1210,.T.);
#1840=ORIENTED_EDGE('',*,*,#1233,.F.);
#1841=ORIENTED_EDGE('',*,*,#1209,.F.);
#1842=ORIENTED_EDGE('',*,*,#1274,.F.);
#1843=ORIENTED_EDGE('',*,*,#1278,.F.);
#1844=ORIENTED_EDGE('',*,*,#1273,.F.);
#1845=ORIENTED_EDGE('',*,*,#1296,.T.);
#1846=ORIENTED_EDGE('',*,*,#1238,.F.);
#1847=ORIENTED_EDGE('',*,*,#1248,.F.);
#1848=ORIENTED_EDGE('',*,*,#1236,.F.);
#1849=ORIENTED_EDGE('',*,*,#1243,.F.);
#1850=ORIENTED_EDGE('',*,*,#1296,.F.);
#1851=ORIENTED_EDGE('',*,*,#1270,.F.);
#1852=ORIENTED_EDGE('',*,*,#1297,.F.);
#1853=ORIENTED_EDGE('',*,*,#1294,.F.);
#1854=ORIENTED_EDGE('',*,*,#1069,.T.);
#1855=ORIENTED_EDGE('',*,*,#1291,.F.);
#1856=ORIENTED_EDGE('',*,*,#1298,.T.);
#1857=ORIENTED_EDGE('',*,*,#1293,.F.);
#1858=ORIENTED_EDGE('',*,*,#1298,.F.);
#1859=ORIENTED_EDGE('',*,*,#1290,.F.);
#1860=ORIENTED_EDGE('',*,*,#1288,.F.);
#1861=ORIENTED_EDGE('',*,*,#1246,.F.);
#1862=ORIENTED_EDGE('',*,*,#1297,.T.);
#1863=ORIENTED_EDGE('',*,*,#1265,.F.);
#1864=ORIENTED_EDGE('',*,*,#1175,.F.);
#1865=ORIENTED_EDGE('',*,*,#1253,.F.);
#1866=ORIENTED_EDGE('',*,*,#1250,.F.);
#1867=ORIENTED_EDGE('',*,*,#1256,.F.);
#1868=ORIENTED_EDGE('',*,*,#1299,.T.);
#1869=ORIENTED_EDGE('',*,*,#1300,.T.);
#1870=ORIENTED_EDGE('',*,*,#1120,.T.);
#1871=ORIENTED_EDGE('',*,*,#1301,.T.);
#1872=ORIENTED_EDGE('',*,*,#1302,.T.);
#1873=ORIENTED_EDGE('',*,*,#1303,.T.);
#1874=ORIENTED_EDGE('',*,*,#1299,.F.);
#1875=ORIENTED_EDGE('',*,*,#1304,.T.);
#1876=ORIENTED_EDGE('',*,*,#1305,.T.);
#1877=ORIENTED_EDGE('',*,*,#1306,.T.);
#1878=ORIENTED_EDGE('',*,*,#1302,.F.);
#1879=ORIENTED_EDGE('',*,*,#1307,.T.);
#1880=ORIENTED_EDGE('',*,*,#1305,.F.);
#1881=ORIENTED_EDGE('',*,*,#1308,.T.);
#1882=ORIENTED_EDGE('',*,*,#1309,.T.);
#1883=ORIENTED_EDGE('',*,*,#1310,.T.);
#1884=ORIENTED_EDGE('',*,*,#1311,.T.);
#1885=ORIENTED_EDGE('',*,*,#1062,.T.);
#1886=ORIENTED_EDGE('',*,*,#1309,.F.);
#1887=ORIENTED_EDGE('',*,*,#1312,.T.);
#1888=ORIENTED_EDGE('',*,*,#1312,.F.);
#1889=ORIENTED_EDGE('',*,*,#1308,.F.);
#1890=ORIENTED_EDGE('',*,*,#1313,.T.);
#1891=ORIENTED_EDGE('',*,*,#1314,.T.);
#1892=ORIENTED_EDGE('',*,*,#1315,.T.);
#1893=ORIENTED_EDGE('',*,*,#1316,.T.);
#1894=ORIENTED_EDGE('',*,*,#1307,.F.);
#1895=ORIENTED_EDGE('',*,*,#1304,.F.);
#1896=ORIENTED_EDGE('',*,*,#1317,.F.);
#1897=ORIENTED_EDGE('',*,*,#1318,.T.);
#1898=ORIENTED_EDGE('',*,*,#1313,.F.);
#1899=ORIENTED_EDGE('',*,*,#1319,.F.);
#1900=ORIENTED_EDGE('',*,*,#1227,.F.);
#1901=ORIENTED_EDGE('',*,*,#1224,.F.);
#1902=ORIENTED_EDGE('',*,*,#1220,.F.);
#1903=ORIENTED_EDGE('',*,*,#1320,.F.);
#1904=ORIENTED_EDGE('',*,*,#1321,.F.);
#1905=ORIENTED_EDGE('',*,*,#1301,.F.);
#1906=ORIENTED_EDGE('',*,*,#1119,.T.);
#1907=ORIENTED_EDGE('',*,*,#1322,.T.);
#1908=ORIENTED_EDGE('',*,*,#1317,.T.);
#1909=ORIENTED_EDGE('',*,*,#1310,.F.);
#1910=ORIENTED_EDGE('',*,*,#1061,.T.);
#1911=ORIENTED_EDGE('',*,*,#1323,.T.);
#1912=ORIENTED_EDGE('',*,*,#1324,.T.);
#1913=ORIENTED_EDGE('',*,*,#1306,.F.);
#1914=ORIENTED_EDGE('',*,*,#1325,.T.);
#1915=ORIENTED_EDGE('',*,*,#1323,.F.);
#1916=ORIENTED_EDGE('',*,*,#1060,.T.);
#1917=ORIENTED_EDGE('',*,*,#1190,.T.);
#1918=ORIENTED_EDGE('',*,*,#1325,.F.);
#1919=ORIENTED_EDGE('',*,*,#1189,.F.);
#1920=ORIENTED_EDGE('',*,*,#1122,.F.);
#1921=ORIENTED_EDGE('',*,*,#1326,.T.);
#1922=ORIENTED_EDGE('',*,*,#1315,.F.);
#1923=ORIENTED_EDGE('',*,*,#1327,.F.);
#1924=ORIENTED_EDGE('',*,*,#1328,.F.);
#1925=ORIENTED_EDGE('',*,*,#1329,.T.);
#1926=ORIENTED_EDGE('',*,*,#1314,.F.);
#1927=ORIENTED_EDGE('',*,*,#1318,.F.);
#1928=ORIENTED_EDGE('',*,*,#1322,.F.);
#1929=ORIENTED_EDGE('',*,*,#1118,.T.);
#1930=ORIENTED_EDGE('',*,*,#1330,.F.);
#1931=ORIENTED_EDGE('',*,*,#1327,.T.);
#1932=ORIENTED_EDGE('',*,*,#1186,.F.);
#1933=ORIENTED_EDGE('',*,*,#1199,.F.);
#1934=ORIENTED_EDGE('',*,*,#1197,.F.);
#1935=ORIENTED_EDGE('',*,*,#1187,.T.);
#1936=ORIENTED_EDGE('',*,*,#1303,.F.);
#1937=ORIENTED_EDGE('',*,*,#1324,.F.);
#1938=ORIENTED_EDGE('',*,*,#1326,.F.);
#1939=ORIENTED_EDGE('',*,*,#1121,.F.);
#1940=ORIENTED_EDGE('',*,*,#1300,.F.);
#1941=ORIENTED_EDGE('',*,*,#1331,.T.);
#1942=ORIENTED_EDGE('',*,*,#1328,.T.);
#1943=ORIENTED_EDGE('',*,*,#1330,.T.);
#1944=ORIENTED_EDGE('',*,*,#1117,.F.);
#1945=ORIENTED_EDGE('',*,*,#1230,.T.);
#1946=ORIENTED_EDGE('',*,*,#1064,.F.);
#1947=ORIENTED_EDGE('',*,*,#1213,.T.);
#1948=ORIENTED_EDGE('',*,*,#1316,.F.);
#1949=ORIENTED_EDGE('',*,*,#1329,.F.);
#1950=ORIENTED_EDGE('',*,*,#1331,.F.);
#1951=ORIENTED_EDGE('',*,*,#1063,.T.);
#1952=ORIENTED_EDGE('',*,*,#1311,.F.);
#1953=ORIENTED_EDGE('',*,*,#1214,.T.);
#1954=ORIENTED_EDGE('',*,*,#1332,.T.);
#1955=ORIENTED_EDGE('',*,*,#1333,.F.);
#1956=ORIENTED_EDGE('',*,*,#1217,.F.);
#1957=ORIENTED_EDGE('',*,*,#1216,.T.);
#1958=ORIENTED_EDGE('',*,*,#1219,.F.);
#1959=ORIENTED_EDGE('',*,*,#1334,.F.);
#1960=ORIENTED_EDGE('',*,*,#1332,.F.);
#1961=ORIENTED_EDGE('',*,*,#1319,.T.);
#1962=ORIENTED_EDGE('',*,*,#1335,.T.);
#1963=ORIENTED_EDGE('',*,*,#1336,.T.);
#1964=ORIENTED_EDGE('',*,*,#1228,.T.);
#1965=ORIENTED_EDGE('',*,*,#1321,.T.);
#1966=ORIENTED_EDGE('',*,*,#1337,.F.);
#1967=ORIENTED_EDGE('',*,*,#1338,.T.);
#1968=ORIENTED_EDGE('',*,*,#1335,.F.);
#1969=ORIENTED_EDGE('',*,*,#1320,.T.);
#1970=ORIENTED_EDGE('',*,*,#1223,.F.);
#1971=ORIENTED_EDGE('',*,*,#1339,.T.);
#1972=ORIENTED_EDGE('',*,*,#1337,.T.);
#1973=ORIENTED_EDGE('',*,*,#1336,.F.);
#1974=ORIENTED_EDGE('',*,*,#1338,.F.);
#1975=ORIENTED_EDGE('',*,*,#1339,.F.);
#1976=ORIENTED_EDGE('',*,*,#1222,.F.);
#1977=ORIENTED_EDGE('',*,*,#1226,.F.);
#1978=ORIENTED_EDGE('',*,*,#1229,.F.);
#1979=ORIENTED_EDGE('',*,*,#1334,.T.);
#1980=ORIENTED_EDGE('',*,*,#1218,.F.);
#1981=ORIENTED_EDGE('',*,*,#1333,.T.);
#1982=CYLINDRICAL_SURFACE('',#2183,1.5);
#1983=CYLINDRICAL_SURFACE('',#2187,3.);
#1984=CYLINDRICAL_SURFACE('',#2191,3.);
#1985=CYLINDRICAL_SURFACE('',#2196,3.);
#1986=CYLINDRICAL_SURFACE('',#2202,43.9965594651406);
#1987=CYLINDRICAL_SURFACE('',#2215,7.);
#1988=CYLINDRICAL_SURFACE('',#2220,7.);
#1989=CYLINDRICAL_SURFACE('',#2223,7.);
#1990=CYLINDRICAL_SURFACE('',#2225,7.);
#1991=CYLINDRICAL_SURFACE('',#2231,7.);
#1992=CYLINDRICAL_SURFACE('',#2241,4.);
#1993=CYLINDRICAL_SURFACE('',#2245,4.);
#1994=CYLINDRICAL_SURFACE('',#2248,3.);
#1995=CYLINDRICAL_SURFACE('',#2264,3.);
#1996=CYLINDRICAL_SURFACE('',#2266,3.);
#1997=CYLINDRICAL_SURFACE('',#2269,3.);
#1998=CYLINDRICAL_SURFACE('',#2272,3.);
#1999=CYLINDRICAL_SURFACE('',#2276,10.);
#2000=CYLINDRICAL_SURFACE('',#2283,1.);
#2001=CYLINDRICAL_SURFACE('',#2291,1.);
#2002=CYLINDRICAL_SURFACE('',#2294,4.);
#2003=CYLINDRICAL_SURFACE('',#2303,10.);
#2004=CYLINDRICAL_SURFACE('',#2306,1.);
#2005=CYLINDRICAL_SURFACE('',#2313,1.);
#2006=CYLINDRICAL_SURFACE('',#2316,1.);
#2007=CYLINDRICAL_SURFACE('',#2318,1.);
#2008=CYLINDRICAL_SURFACE('',#2327,3.);
#2009=CYLINDRICAL_SURFACE('',#2334,3.);
#2010=CYLINDRICAL_SURFACE('',#2338,3.);
#2011=CYLINDRICAL_SURFACE('',#2341,3.);
#2012=CYLINDRICAL_SURFACE('',#2347,3.);
#2013=CYLINDRICAL_SURFACE('',#2356,3.);
#2014=CYLINDRICAL_SURFACE('',#2366,3.);
#2015=CYLINDRICAL_SURFACE('',#2367,3.);
#2016=CYLINDRICAL_SURFACE('',#2370,3.);
#2017=CYLINDRICAL_SURFACE('',#2373,3.);
#2018=CYLINDRICAL_SURFACE('',#2375,3.);
#2019=CYLINDRICAL_SURFACE('',#2377,3.);
#2020=CYLINDRICAL_SURFACE('',#2379,3.);
#2021=CYLINDRICAL_SURFACE('',#2383,3.);
#2022=CYLINDRICAL_SURFACE('',#2389,3.);
#2023=CYLINDRICAL_SURFACE('',#2391,3.);
#2024=CYLINDRICAL_SURFACE('',#2395,3.);
#2025=CYLINDRICAL_SURFACE('',#2397,3.);
#2026=CYLINDRICAL_SURFACE('',#2407,1.);
#2027=CYLINDRICAL_SURFACE('',#2409,1.);
#2028=CYLINDRICAL_SURFACE('',#2411,1.);
#2029=ADVANCED_FACE('',(#208),#1982,.F.);
#2030=ADVANCED_FACE('',(#209),#170,.T.);
#2031=ADVANCED_FACE('',(#210),#1983,.T.);
#2032=ADVANCED_FACE('',(#211),#83,.F.);
#2033=ADVANCED_FACE('',(#212),#1984,.T.);
#2034=ADVANCED_FACE('',(#213),#84,.F.);
#2035=ADVANCED_FACE('',(#214),#85,.F.);
#2036=ADVANCED_FACE('',(#215),#1985,.T.);
#2037=ADVANCED_FACE('',(#216),#86,.F.);
#2038=ADVANCED_FACE('',(#217),#26,.T.);
#2039=ADVANCED_FACE('',(#218),#1986,.T.);
#2040=ADVANCED_FACE('',(#219),#27,.T.);
#2041=ADVANCED_FACE('',(#220),#21,.T.);
#2042=ADVANCED_FACE('',(#221),#171,.T.);
#2043=ADVANCED_FACE('',(#222),#87,.T.);
#2044=ADVANCED_FACE('',(#223),#88,.T.);
#2045=ADVANCED_FACE('',(#224),#1987,.F.);
#2046=ADVANCED_FACE('',(#225),#89,.T.);
#2047=ADVANCED_FACE('',(#226),#90,.T.);
#2048=ADVANCED_FACE('',(#227),#1988,.T.);
#2049=ADVANCED_FACE('',(#228),#172,.T.);
#2050=ADVANCED_FACE('',(#229),#1989,.T.);
#2051=ADVANCED_FACE('',(#230),#1990,.T.);
#2052=ADVANCED_FACE('',(#231),#173,.T.);
#2053=ADVANCED_FACE('',(#232),#174,.T.);
#2054=ADVANCED_FACE('',(#233),#175,.T.);
#2055=ADVANCED_FACE('',(#234),#1991,.T.);
#2056=ADVANCED_FACE('',(#235),#22,.T.);
#2057=ADVANCED_FACE('',(#236),#176,.T.);
#2058=ADVANCED_FACE('',(#237),#177,.T.);
#2059=ADVANCED_FACE('',(#238,#16),#178,.T.);
#2060=ADVANCED_FACE('',(#239),#1992,.T.);
#2061=ADVANCED_FACE('',(#240),#179,.T.);
#2062=ADVANCED_FACE('',(#241),#1993,.T.);
#2063=ADVANCED_FACE('',(#242),#1994,.T.);
#2064=ADVANCED_FACE('',(#243),#180,.T.);
#2065=ADVANCED_FACE('',(#244),#181,.T.);
#2066=ADVANCED_FACE('',(#245),#91,.F.);
#2067=ADVANCED_FACE('',(#246),#182,.T.);
#2068=ADVANCED_FACE('',(#247),#183,.T.);
#2069=ADVANCED_FACE('',(#248),#92,.F.);
#2070=ADVANCED_FACE('',(#249),#1995,.T.);
#2071=ADVANCED_FACE('',(#250),#184,.T.);
#2072=ADVANCED_FACE('',(#251),#1996,.T.);
#2073=ADVANCED_FACE('',(#252),#1997,.T.);
#2074=ADVANCED_FACE('',(#253),#1998,.T.);
#2075=ADVANCED_FACE('',(#254),#185,.T.);
#2076=ADVANCED_FACE('',(#255),#1999,.T.);
#2077=ADVANCED_FACE('',(#256),#93,.F.);
#2078=ADVANCED_FACE('',(#257),#94,.F.);
#2079=ADVANCED_FACE('',(#258),#2000,.T.);
#2080=ADVANCED_FACE('',(#259),#23,.T.);
#2081=ADVANCED_FACE('',(#260),#186,.T.);
#2082=ADVANCED_FACE('',(#261),#95,.F.);
#2083=ADVANCED_FACE('',(#262),#96,.F.);
#2084=ADVANCED_FACE('',(#263),#2001,.T.);
#2085=ADVANCED_FACE('',(#264),#24,.T.);
#2086=ADVANCED_FACE('',(#265),#2002,.T.);
#2087=ADVANCED_FACE('',(#266),#187,.T.);
#2088=ADVANCED_FACE('',(#267),#188,.T.);
#2089=ADVANCED_FACE('',(#268),#189,.T.);
#2090=ADVANCED_FACE('',(#269),#190,.T.);
#2091=ADVANCED_FACE('',(#270),#191,.T.);
#2092=ADVANCED_FACE('',(#271),#192,.T.);
#2093=ADVANCED_FACE('',(#272),#2003,.T.);
#2094=ADVANCED_FACE('',(#273),#2004,.F.);
#2095=ADVANCED_FACE('',(#274,#17),#193,.T.);
#2096=ADVANCED_FACE('',(#275),#15,.F.);
#2097=ADVANCED_FACE('',(#276),#2005,.T.);
#2098=ADVANCED_FACE('',(#277),#2006,.T.);
#2099=ADVANCED_FACE('',(#278),#2007,.T.);
#2100=ADVANCED_FACE('',(#279),#194,.F.);
#2101=ADVANCED_FACE('',(#280),#97,.T.);
#2102=ADVANCED_FACE('',(#281),#98,.T.);
#2103=ADVANCED_FACE('',(#282),#99,.T.);
#2104=ADVANCED_FACE('',(#283),#2008,.F.);
#2105=ADVANCED_FACE('',(#284),#100,.T.);
#2106=ADVANCED_FACE('',(#285),#101,.T.);
#2107=ADVANCED_FACE('',(#286),#102,.T.);
#2108=ADVANCED_FACE('',(#287),#103,.T.);
#2109=ADVANCED_FACE('',(#288),#104,.T.);
#2110=ADVANCED_FACE('',(#289),#2009,.T.);
#2111=ADVANCED_FACE('',(#290),#195,.F.);
#2112=ADVANCED_FACE('',(#291),#2010,.T.);
#2113=ADVANCED_FACE('',(#292),#2011,.T.);
#2114=ADVANCED_FACE('',(#293),#105,.F.);
#2115=ADVANCED_FACE('',(#294),#28,.F.);
#2116=ADVANCED_FACE('',(#295),#2012,.F.);
#2117=ADVANCED_FACE('',(#296),#29,.F.);
#2118=ADVANCED_FACE('',(#297),#106,.T.);
#2119=ADVANCED_FACE('',(#298),#107,.T.);
#2120=ADVANCED_FACE('',(#299),#196,.F.);
#2121=ADVANCED_FACE('',(#300),#2013,.T.);
#2122=ADVANCED_FACE('',(#301),#30,.T.);
#2123=ADVANCED_FACE('',(#302),#31,.T.);
#2124=ADVANCED_FACE('',(#303),#32,.T.);
#2125=ADVANCED_FACE('',(#304),#2014,.T.);
#2126=ADVANCED_FACE('',(#305),#2015,.F.);
#2127=ADVANCED_FACE('',(#306),#108,.T.);
#2128=ADVANCED_FACE('',(#307),#2016,.F.);
#2129=ADVANCED_FACE('',(#308),#109,.T.);
#2130=ADVANCED_FACE('',(#309),#2017,.T.);
#2131=ADVANCED_FACE('',(#310),#110,.F.);
#2132=ADVANCED_FACE('',(#311),#2018,.T.);
#2133=ADVANCED_FACE('',(#312),#197,.F.);
#2134=ADVANCED_FACE('',(#313),#2019,.T.);
#2135=ADVANCED_FACE('',(#314),#198,.F.);
#2136=ADVANCED_FACE('',(#315),#2020,.T.);
#2137=ADVANCED_FACE('',(#316),#111,.T.);
#2138=ADVANCED_FACE('',(#317),#2021,.F.);
#2139=ADVANCED_FACE('',(#318),#112,.T.);
#2140=ADVANCED_FACE('',(#319),#113,.T.);
#2141=ADVANCED_FACE('',(#320),#2022,.F.);
#2142=ADVANCED_FACE('',(#321),#2023,.T.);
#2143=ADVANCED_FACE('',(#322,#18),#199,.T.);
#2144=ADVANCED_FACE('',(#323),#2024,.T.);
#2145=ADVANCED_FACE('',(#324),#2025,.T.);
#2146=ADVANCED_FACE('',(#325),#25,.T.);
#2147=ADVANCED_FACE('',(#326),#200,.T.);
#2148=ADVANCED_FACE('',(#327),#201,.T.);
#2149=ADVANCED_FACE('',(#328),#202,.T.);
#2150=ADVANCED_FACE('',(#329),#203,.T.);
#2151=ADVANCED_FACE('',(#330),#204,.T.);
#2152=ADVANCED_FACE('',(#331,#19),#205,.T.);
#2153=ADVANCED_FACE('',(#332),#206,.T.);
#2154=ADVANCED_FACE('',(#333),#114,.F.);
#2155=ADVANCED_FACE('',(#334),#115,.F.);
#2156=ADVANCED_FACE('',(#335),#2026,.T.);
#2157=ADVANCED_FACE('',(#336),#2027,.T.);
#2158=ADVANCED_FACE('',(#337),#2028,.T.);
#2159=ADVANCED_FACE('',(#338,#20),#207,.F.);
#2160=CLOSED_SHELL('',(#2029,#2030,#2031,#2032,#2033,#2034,#2035,#2036,
#2037,#2038,#2039,#2040,#2041,#2042,#2043,#2044,#2045,#2046,#2047,#2048,
#2049,#2050,#2051,#2052,#2053,#2054,#2055,#2056,#2057,#2058,#2059,#2060,
#2061,#2062,#2063,#2064,#2065,#2066,#2067,#2068,#2069,#2070,#2071,#2072,
#2073,#2074,#2075,#2076,#2077,#2078,#2079,#2080,#2081,#2082,#2083,#2084,
#2085,#2086,#2087,#2088,#2089,#2090,#2091,#2092,#2093,#2094,#2095,#2096,
#2097,#2098,#2099,#2100,#2101,#2102,#2103,#2104,#2105,#2106,#2107,#2108,
#2109,#2110,#2111,#2112,#2113,#2114,#2115,#2116,#2117,#2118,#2119,#2120,
#2121,#2122,#2123,#2124,#2125,#2126,#2127,#2128,#2129,#2130,#2131,#2132,
#2133,#2134,#2135,#2136,#2137,#2138,#2139,#2140,#2141,#2142,#2143,#2144,
#2145,#2146,#2147,#2148,#2149,#2150,#2151,#2152,#2153,#2154,#2155,#2156,
#2157,#2158,#2159));
#2161=DERIVED_UNIT_ELEMENT(#2164,1.);
#2162=DERIVED_UNIT_ELEMENT(#5681,-3.);
#2163=DIMENSIONAL_EXPONENTS(0.,1.,0.,0.,0.,0.,0.);
#2164=(
CONVERSION_BASED_UNIT('gram',#2166)
MASS_UNIT()
NAMED_UNIT(#2163)
);
#2165=(
MASS_UNIT()
NAMED_UNIT(*)
SI_UNIT(.KILO.,.GRAM.)
);
#2166=MASS_MEASURE_WITH_UNIT(MASS_MEASURE(0.001),#2165);
#2167=DERIVED_UNIT((#2161,#2162));
#2168=MEASURE_REPRESENTATION_ITEM('density measure',
POSITIVE_RATIO_MEASURE(1.),#2167);
#2169=PROPERTY_DEFINITION_REPRESENTATION(#2174,#2171);
#2170=PROPERTY_DEFINITION_REPRESENTATION(#2175,#2172);
#2171=REPRESENTATION('material name',(#2173),#5678);
#2172=REPRESENTATION('density',(#2168),#5678);
#2173=DESCRIPTIVE_REPRESENTATION_ITEM('Generic','Generic');
#2174=PROPERTY_DEFINITION('material property','material name',#5688);
#2175=PROPERTY_DEFINITION('material property','density of part',#5688);
#2176=DATE_TIME_ROLE('creation_date');
#2177=APPLIED_DATE_AND_TIME_ASSIGNMENT(#2178,#2176,(#5688));
#2178=DATE_AND_TIME(#2179,#2180);
#2179=CALENDAR_DATE(2026,29,6);
#2180=LOCAL_TIME(0,0,0.,#2181);
#2181=COORDINATED_UNIVERSAL_TIME_OFFSET(0,0,.BEHIND.);
#2182=AXIS2_PLACEMENT_3D('',#3009,#2413,#2414);
#2183=AXIS2_PLACEMENT_3D('',#3010,#2415,#2416);
#2184=AXIS2_PLACEMENT_3D('',#3012,#2417,#2418);
#2185=AXIS2_PLACEMENT_3D('',#3015,#2420,#2421);
#2186=AXIS2_PLACEMENT_3D('',#3016,#2422,#2423);
#2187=AXIS2_PLACEMENT_3D('',#3017,#2424,#2425);
#2188=AXIS2_PLACEMENT_3D('',#3020,#2426,#2427);
#2189=AXIS2_PLACEMENT_3D('',#3024,#2429,#2430);
#2190=AXIS2_PLACEMENT_3D('',#3068,#2432,#2433);
#2191=AXIS2_PLACEMENT_3D('',#3085,#2434,#2435);
#2192=AXIS2_PLACEMENT_3D('',#3088,#2436,#2437);
#2193=AXIS2_PLACEMENT_3D('',#3092,#2439,#2440);
#2194=AXIS2_PLACEMENT_3D('',#3160,#2442,#2443);
#2195=AXIS2_PLACEMENT_3D('',#3171,#2444,#2445);
#2196=AXIS2_PLACEMENT_3D('',#3180,#2446,#2447);
#2197=AXIS2_PLACEMENT_3D('',#3183,#2448,#2449);
#2198=AXIS2_PLACEMENT_3D('',#3210,#2452,#2453);
#2199=AXIS2_PLACEMENT_3D('',#3212,#2454,#2455);
#2200=AXIS2_PLACEMENT_3D('',#3229,#2456,#2457);
#2201=AXIS2_PLACEMENT_3D('',#3230,#2458,#2459);
#2202=AXIS2_PLACEMENT_3D('',#3231,#2460,#2461);
#2203=AXIS2_PLACEMENT_3D('',#3233,#2462,#2463);
#2204=AXIS2_PLACEMENT_3D('',#3235,#2465,#2466);
#2205=AXIS2_PLACEMENT_3D('',#3237,#2467,#2468);
#2206=AXIS2_PLACEMENT_3D('',#3239,#2469,#2470);
#2207=AXIS2_PLACEMENT_3D('',#3263,#2471,#2472);
#2208=AXIS2_PLACEMENT_3D('',#3264,#2473,#2474);
#2209=AXIS2_PLACEMENT_3D('',#3274,#2479,#2480);
#2210=AXIS2_PLACEMENT_3D('',#3278,#2482,#2483);
#2211=AXIS2_PLACEMENT_3D('',#3414,#2496,#2497);
#2212=AXIS2_PLACEMENT_3D('',#3471,#2498,#2499);
#2213=AXIS2_PLACEMENT_3D('',#3472,#2500,#2501);
#2214=AXIS2_PLACEMENT_3D('',#3473,#2502,#2503);
#2215=AXIS2_PLACEMENT_3D('',#3474,#2504,#2505);
#2216=AXIS2_PLACEMENT_3D('',#3477,#2506,#2507);
#2217=AXIS2_PLACEMENT_3D('',#3506,#2510,#2511);
#2218=AXIS2_PLACEMENT_3D('',#3507,#2512,#2513);
#2219=AXIS2_PLACEMENT_3D('',#3508,#2514,#2515);
#2220=AXIS2_PLACEMENT_3D('',#3630,#2516,#2517);
#2221=AXIS2_PLACEMENT_3D('',#3634,#2519,#2520);
#2222=AXIS2_PLACEMENT_3D('',#3636,#2522,#2523);
#2223=AXIS2_PLACEMENT_3D('',#3640,#2526,#2527);
#2224=AXIS2_PLACEMENT_3D('',#3641,#2528,#2529);
#2225=AXIS2_PLACEMENT_3D('',#3642,#2530,#2531);
#2226=AXIS2_PLACEMENT_3D('',#3644,#2532,#2533);
#2227=AXIS2_PLACEMENT_3D('',#3646,#2535,#2536);
#2228=AXIS2_PLACEMENT_3D('',#3648,#2538,#2539);
#2229=AXIS2_PLACEMENT_3D('',#3660,#2546,#2547);
#2230=AXIS2_PLACEMENT_3D('',#3661,#2548,#2549);
#2231=AXIS2_PLACEMENT_3D('',#3662,#2550,#2551);
#2232=AXIS2_PLACEMENT_3D('',#3664,#2552,#2553);
#2233=AXIS2_PLACEMENT_3D('',#3675,#2555,#2556);
#2234=AXIS2_PLACEMENT_3D('',#3676,#2557,#2558);
#2235=AXIS2_PLACEMENT_3D('',#3686,#2563,#2564);
#2236=AXIS2_PLACEMENT_3D('',#3690,#2566,#2567);
#2237=AXIS2_PLACEMENT_3D('',#3719,#2576,#2577);
#2238=AXIS2_PLACEMENT_3D('',#3724,#2581,#2582);
#2239=AXIS2_PLACEMENT_3D('',#3725,#2583,#2584);
#2240=AXIS2_PLACEMENT_3D('',#3726,#2585,#2586);
#2241=AXIS2_PLACEMENT_3D('',#3727,#2587,#2588);
#2242=AXIS2_PLACEMENT_3D('',#3731,#2590,#2591);
#2243=AXIS2_PLACEMENT_3D('',#3732,#2592,#2593);
#2244=AXIS2_PLACEMENT_3D('',#3733,#2594,#2595);
#2245=AXIS2_PLACEMENT_3D('',#3737,#2598,#2599);
#2246=AXIS2_PLACEMENT_3D('',#3739,#2600,#2601);
#2247=AXIS2_PLACEMENT_3D('',#3740,#2602,#2603);
#2248=AXIS2_PLACEMENT_3D('',#3741,#2604,#2605);
#2249=AXIS2_PLACEMENT_3D('',#3744,#2606,#2607);
#2250=AXIS2_PLACEMENT_3D('',#3748,#2609,#2610);
#2251=AXIS2_PLACEMENT_3D('',#3750,#2612,#2613);
#2252=AXIS2_PLACEMENT_3D('',#3754,#2615,#2616);
#2253=AXIS2_PLACEMENT_3D('',#3762,#2621,#2622);
#2254=AXIS2_PLACEMENT_3D('',#3798,#2625,#2626);
#2255=AXIS2_PLACEMENT_3D('',#3818,#2627,#2628);
#2256=AXIS2_PLACEMENT_3D('',#3819,#2629,#2630);
#2257=AXIS2_PLACEMENT_3D('',#3820,#2631,#2632);
#2258=AXIS2_PLACEMENT_3D('',#3823,#2634,#2635);
#2259=AXIS2_PLACEMENT_3D('',#3824,#2636,#2637);
#2260=AXIS2_PLACEMENT_3D('',#3840,#2638,#2639);
#2261=AXIS2_PLACEMENT_3D('',#3873,#2641,#2642);
#2262=AXIS2_PLACEMENT_3D('',#3874,#2643,#2644);
#2263=AXIS2_PLACEMENT_3D('',#3876,#2645,#2646);
#2264=AXIS2_PLACEMENT_3D('',#3884,#2647,#2648);
#2265=AXIS2_PLACEMENT_3D('',#3886,#2650,#2651);
#2266=AXIS2_PLACEMENT_3D('',#3892,#2655,#2656);
#2267=AXIS2_PLACEMENT_3D('',#3893,#2657,#2658);
#2268=AXIS2_PLACEMENT_3D('',#3894,#2659,#2660);
#2269=AXIS2_PLACEMENT_3D('',#3895,#2661,#2662);
#2270=AXIS2_PLACEMENT_3D('',#3897,#2663,#2664);
#2271=AXIS2_PLACEMENT_3D('',#3900,#2666,#2667);
#2272=AXIS2_PLACEMENT_3D('',#3901,#2668,#2669);
#2273=AXIS2_PLACEMENT_3D('',#3902,#2670,#2671);
#2274=AXIS2_PLACEMENT_3D('',#3903,#2672,#2673);
#2275=AXIS2_PLACEMENT_3D('',#3905,#2674,#2675);
#2276=AXIS2_PLACEMENT_3D('',#3907,#2677,#2678);
#2277=AXIS2_PLACEMENT_3D('',#3909,#2679,#2680);
#2278=AXIS2_PLACEMENT_3D('',#3921,#2683,#2684);
#2279=AXIS2_PLACEMENT_3D('',#3939,#2685,#2686);
#2280=AXIS2_PLACEMENT_3D('',#3940,#2687,#2688);
#2281=AXIS2_PLACEMENT_3D('',#3967,#2689,#2690);
#2282=AXIS2_PLACEMENT_3D('',#3968,#2691,#2692);
#2283=AXIS2_PLACEMENT_3D('',#3969,#2693,#2694);
#2284=AXIS2_PLACEMENT_3D('',#3971,#2695,#2696);
#2285=AXIS2_PLACEMENT_3D('',#4021,#2698,#2699);
#2286=AXIS2_PLACEMENT_3D('',#4022,#2700,#2701);
#2287=AXIS2_PLACEMENT_3D('',#4112,#2704,#2705);
#2288=AXIS2_PLACEMENT_3D('',#4113,#2706,#2707);
#2289=AXIS2_PLACEMENT_3D('',#4140,#2708,#2709);
#2290=AXIS2_PLACEMENT_3D('',#4141,#2710,#2711);
#2291=AXIS2_PLACEMENT_3D('',#4142,#2712,#2713);
#2292=AXIS2_PLACEMENT_3D('',#4144,#2714,#2715);
#2293=AXIS2_PLACEMENT_3D('',#4161,#2717,#2718);
#2294=AXIS2_PLACEMENT_3D('',#4162,#2719,#2720);
#2295=AXIS2_PLACEMENT_3D('',#4164,#2722,#2723);
#2296=AXIS2_PLACEMENT_3D('',#4166,#2725,#2726);
#2297=AXIS2_PLACEMENT_3D('',#4172,#2730,#2731);
#2298=AXIS2_PLACEMENT_3D('',#4174,#2733,#2734);
#2299=AXIS2_PLACEMENT_3D('',#4176,#2735,#2736);
#2300=AXIS2_PLACEMENT_3D('',#4178,#2738,#2739);
#2301=AXIS2_PLACEMENT_3D('',#4179,#2740,#2741);
#2302=AXIS2_PLACEMENT_3D('',#4180,#2742,#2743);
#2303=AXIS2_PLACEMENT_3D('',#4181,#2744,#2745);
#2304=AXIS2_PLACEMENT_3D('',#4184,#2747,#2748);
#2305=AXIS2_PLACEMENT_3D('',#4187,#2750,#2751);
#2306=AXIS2_PLACEMENT_3D('',#4188,#2752,#2753);
#2307=AXIS2_PLACEMENT_3D('',#4190,#2754,#2755);
#2308=AXIS2_PLACEMENT_3D('',#4193,#2757,#2758);
#2309=AXIS2_PLACEMENT_3D('',#4194,#2759,#2760);
#2310=AXIS2_PLACEMENT_3D('',#4319,#2761,#2762);
#2311=AXIS2_PLACEMENT_3D('',#4450,#2763,#2764);
#2312=AXIS2_PLACEMENT_3D('',#4502,#2765,#2766);
#2313=AXIS2_PLACEMENT_3D('',#4675,#2767,#2768);
#2314=AXIS2_PLACEMENT_3D('',#4680,#2770,#2771);
#2315=AXIS2_PLACEMENT_3D('',#4683,#2773,#2774);
#2316=AXIS2_PLACEMENT_3D('',#4684,#2775,#2776);
#2317=AXIS2_PLACEMENT_3D('',#4688,#2778,#2779);
#2318=AXIS2_PLACEMENT_3D('',#4690,#2781,#2782);
#2319=AXIS2_PLACEMENT_3D('',#4694,#2784,#2785);
#2320=AXIS2_PLACEMENT_3D('',#4696,#2787,#2788);
#2321=AXIS2_PLACEMENT_3D('',#4724,#2790,#2791);
#2322=AXIS2_PLACEMENT_3D('',#4755,#2792,#2793);
#2323=AXIS2_PLACEMENT_3D('',#4790,#2794,#2795);
#2324=AXIS2_PLACEMENT_3D('',#4792,#2796,#2797);
#2325=AXIS2_PLACEMENT_3D('',#4794,#2798,#2799);
#2326=AXIS2_PLACEMENT_3D('',#4795,#2800,#2801);
#2327=AXIS2_PLACEMENT_3D('',#4796,#2802,#2803);
#2328=AXIS2_PLACEMENT_3D('',#4799,#2804,#2805);
#2329=AXIS2_PLACEMENT_3D('',#4828,#2808,#2809);
#2330=AXIS2_PLACEMENT_3D('',#4829,#2810,#2811);
#2331=AXIS2_PLACEMENT_3D('',#4830,#2812,#2813);
#2332=AXIS2_PLACEMENT_3D('',#4897,#2814,#2815);
#2333=AXIS2_PLACEMENT_3D('',#4904,#2816,#2817);
#2334=AXIS2_PLACEMENT_3D('',#4993,#2818,#2819);
#2335=AXIS2_PLACEMENT_3D('',#4996,#2821,#2822);
#2336=AXIS2_PLACEMENT_3D('',#4997,#2823,#2824);
#2337=AXIS2_PLACEMENT_3D('',#4998,#2825,#2826);
#2338=AXIS2_PLACEMENT_3D('',#5002,#2829,#2830);
#2339=AXIS2_PLACEMENT_3D('',#5003,#2831,#2832);
#2340=AXIS2_PLACEMENT_3D('',#5004,#2833,#2834);
#2341=AXIS2_PLACEMENT_3D('',#5005,#2835,#2836);
#2342=AXIS2_PLACEMENT_3D('',#5006,#2837,#2838);
#2343=AXIS2_PLACEMENT_3D('',#5023,#2839,#2840);
#2344=AXIS2_PLACEMENT_3D('',#5025,#2841,#2842);
#2345=AXIS2_PLACEMENT_3D('',#5027,#2843,#2844);
#2346=AXIS2_PLACEMENT_3D('',#5028,#2845,#2846);
#2347=AXIS2_PLACEMENT_3D('',#5029,#2847,#2848);
#2348=AXIS2_PLACEMENT_3D('',#5032,#2849,#2850);
#2349=AXIS2_PLACEMENT_3D('',#5035,#2853,#2854);
#2350=AXIS2_PLACEMENT_3D('',#5038,#2855,#2856);
#2351=AXIS2_PLACEMENT_3D('',#5039,#2857,#2858);
#2352=AXIS2_PLACEMENT_3D('',#5040,#2859,#2860);
#2353=AXIS2_PLACEMENT_3D('',#5091,#2861,#2862);
#2354=AXIS2_PLACEMENT_3D('',#5134,#2863,#2864);
#2355=AXIS2_PLACEMENT_3D('',#5139,#2867,#2868);
#2356=AXIS2_PLACEMENT_3D('',#5140,#2869,#2870);
#2357=AXIS2_PLACEMENT_3D('',#5141,#2871,#2872);
#2358=AXIS2_PLACEMENT_3D('',#5142,#2873,#2874);
#2359=AXIS2_PLACEMENT_3D('',#5143,#2875,#2876);
#2360=AXIS2_PLACEMENT_3D('',#5144,#2877,#2878);
#2361=AXIS2_PLACEMENT_3D('',#5146,#2879,#2880);
#2362=AXIS2_PLACEMENT_3D('',#5147,#2881,#2882);
#2363=AXIS2_PLACEMENT_3D('',#5148,#2883,#2884);
#2364=AXIS2_PLACEMENT_3D('',#5150,#2885,#2886);
#2365=AXIS2_PLACEMENT_3D('',#5151,#2887,#2888);
#2366=AXIS2_PLACEMENT_3D('',#5152,#2889,#2890);
#2367=AXIS2_PLACEMENT_3D('',#5154,#2892,#2893);
#2368=AXIS2_PLACEMENT_3D('',#5156,#2894,#2895);
#2369=AXIS2_PLACEMENT_3D('',#5188,#2897,#2898);
#2370=AXIS2_PLACEMENT_3D('',#5189,#2899,#2900);
#2371=AXIS2_PLACEMENT_3D('',#5191,#2901,#2902);
#2372=AXIS2_PLACEMENT_3D('',#5228,#2904,#2905);
#2373=AXIS2_PLACEMENT_3D('',#5229,#2906,#2907);
#2374=AXIS2_PLACEMENT_3D('',#5230,#2908,#2909);
#2375=AXIS2_PLACEMENT_3D('',#5247,#2910,#2911);
#2376=AXIS2_PLACEMENT_3D('',#5249,#2913,#2914);
#2377=AXIS2_PLACEMENT_3D('',#5251,#2916,#2917);
#2378=AXIS2_PLACEMENT_3D('',#5253,#2919,#2920);
#2379=AXIS2_PLACEMENT_3D('',#5254,#2921,#2922);
#2380=AXIS2_PLACEMENT_3D('',#5287,#2923,#2924);
#2381=AXIS2_PLACEMENT_3D('',#5288,#2925,#2926);
#2382=AXIS2_PLACEMENT_3D('',#5289,#2927,#2928);
#2383=AXIS2_PLACEMENT_3D('',#5290,#2929,#2930);
#2384=AXIS2_PLACEMENT_3D('',#5293,#2931,#2932);
#2385=AXIS2_PLACEMENT_3D('',#5318,#2935,#2936);
#2386=AXIS2_PLACEMENT_3D('',#5319,#2937,#2938);
#2387=AXIS2_PLACEMENT_3D('',#5320,#2939,#2940);
#2388=AXIS2_PLACEMENT_3D('',#5400,#2941,#2942);
#2389=AXIS2_PLACEMENT_3D('',#5414,#2943,#2944);
#2390=AXIS2_PLACEMENT_3D('',#5416,#2945,#2946);
#2391=AXIS2_PLACEMENT_3D('',#5418,#2948,#2949);
#2392=AXIS2_PLACEMENT_3D('',#5422,#2951,#2952);
#2393=AXIS2_PLACEMENT_3D('',#5425,#2954,#2955);
#2394=AXIS2_PLACEMENT_3D('',#5426,#2956,#2957);
#2395=AXIS2_PLACEMENT_3D('',#5435,#2963,#2964);
#2396=AXIS2_PLACEMENT_3D('',#5436,#2965,#2966);
#2397=AXIS2_PLACEMENT_3D('',#5437,#2967,#2968);
#2398=AXIS2_PLACEMENT_3D('',#5439,#2969,#2970);
#2399=AXIS2_PLACEMENT_3D('',#5450,#2972,#2973);
#2400=AXIS2_PLACEMENT_3D('',#5451,#2974,#2975);
#2401=AXIS2_PLACEMENT_3D('',#5453,#2977,#2978);
#2402=AXIS2_PLACEMENT_3D('',#5459,#2982,#2983);
#2403=AXIS2_PLACEMENT_3D('',#5461,#2985,#2986);
#2404=AXIS2_PLACEMENT_3D('',#5462,#2987,#2988);
#2405=AXIS2_PLACEMENT_3D('',#5463,#2989,#2990);
#2406=AXIS2_PLACEMENT_3D('',#5465,#2992,#2993);
#2407=AXIS2_PLACEMENT_3D('',#5665,#2994,#2995);
#2408=AXIS2_PLACEMENT_3D('',#5667,#2996,#2997);
#2409=AXIS2_PLACEMENT_3D('',#5669,#2999,#3000);
#2410=AXIS2_PLACEMENT_3D('',#5671,#3001,#3002);
#2411=AXIS2_PLACEMENT_3D('',#5673,#3004,#3005);
#2412=AXIS2_PLACEMENT_3D('',#5675,#3007,#3008);
#2413=DIRECTION('axis',(0.,0.,1.));
#2414=DIRECTION('refdir',(1.,0.,0.));
#2415=DIRECTION('center_axis',(0.973574661739698,0.,0.228368951520193));
#2416=DIRECTION('ref_axis',(0.228368951520193,0.,-0.973574661739698));
#2417=DIRECTION('center_axis',(-0.973574661739698,0.,-0.228368951520193));
#2418=DIRECTION('ref_axis',(0.228368951520193,0.,-0.973574661739698));
#2419=DIRECTION('',(-0.973574661739698,0.,-0.228368951520193));
#2420=DIRECTION('center_axis',(0.973574661739698,0.,0.228368951520193));
#2421=DIRECTION('ref_axis',(0.228368951520193,0.,-0.973574661739698));
#2422=DIRECTION('center_axis',(0.973574661739698,0.,0.228368951520193));
#2423=DIRECTION('ref_axis',(0.228368951520193,0.,-0.973574661739698));
#2424=DIRECTION('center_axis',(-1.,0.,0.));
#2425=DIRECTION('ref_axis',(0.,0.707106781186551,-0.707106781186544));
#2426=DIRECTION('center_axis',(-0.973574661739698,0.,-0.228368951520193));
#2427=DIRECTION('ref_axis',(0.228368951520193,7.20590003770041E-16,-0.973574661739698));
#2428=DIRECTION('',(-1.,0.,0.));
#2429=DIRECTION('center_axis',(1.,0.,0.));
#2430=DIRECTION('ref_axis',(0.,0.,-1.));
#2431=DIRECTION('',(1.,0.,0.));
#2432=DIRECTION('center_axis',(0.656646188115803,0.754198769312829,0.));
#2433=DIRECTION('ref_axis',(0.,0.,-1.));
#2434=DIRECTION('center_axis',(0.,-1.,0.));
#2435=DIRECTION('ref_axis',(-0.046601405126376,0.,-0.998913564348912));
#2436=DIRECTION('center_axis',(0.,-1.,0.));
#2437=DIRECTION('ref_axis',(-0.0931015513969135,0.,-0.995656618080495));
#2438=DIRECTION('',(0.,-1.,0.));
#2439=DIRECTION('center_axis',(0.,1.,0.));
#2440=DIRECTION('ref_axis',(0.,0.,-1.));
#2441=DIRECTION('',(0.,1.,0.));
#2442=DIRECTION('center_axis',(0.656646188115548,-0.754198769313051,-2.79109612945101E-16));
#2443=DIRECTION('ref_axis',(-0.0896040927186548,-0.0780141632647428,-0.992917366601153));
#2444=DIRECTION('center_axis',(-1.,0.,0.));
#2445=DIRECTION('ref_axis',(0.,0.,-1.));
#2446=DIRECTION('center_axis',(-1.,0.,0.));
#2447=DIRECTION('ref_axis',(0.,-0.707106781186551,-0.707106781186544));
#2448=DIRECTION('center_axis',(-0.973574661739698,0.,-0.228368951520193));
#2449=DIRECTION('ref_axis',(0.228368951520193,-7.20590003770041E-16,-0.973574661739698));
#2450=DIRECTION('',(-1.,0.,0.));
#2451=DIRECTION('',(1.,0.,0.));
#2452=DIRECTION('center_axis',(0.,1.,0.));
#2453=DIRECTION('ref_axis',(0.,0.,1.));
#2454=DIRECTION('center_axis',(0.,1.,0.));
#2455=DIRECTION('ref_axis',(-0.708858492415774,0.,-0.705350719663655));
#2456=DIRECTION('center_axis',(0.,-1.,0.));
#2457=DIRECTION('ref_axis',(-0.708858492415774,0.,-0.705350719663655));
#2458=DIRECTION('center_axis',(-0.995952780914974,0.,0.0898780183789667));
#2459=DIRECTION('ref_axis',(0.,1.,0.));
#2460=DIRECTION('center_axis',(0.,-1.,0.));
#2461=DIRECTION('ref_axis',(-0.0898780183789665,0.,-0.995952780914974));
#2462=DIRECTION('center_axis',(0.,-1.,0.));
#2463=DIRECTION('ref_axis',(-0.708858492415774,0.,-0.705350719663655));
#2464=DIRECTION('',(0.,-1.,0.));
#2465=DIRECTION('center_axis',(0.,1.,0.));
#2466=DIRECTION('ref_axis',(0.,0.,1.));
#2467=DIRECTION('center_axis',(-0.995952780914974,0.,0.0898780183789667));
#2468=DIRECTION('ref_axis',(-0.0898780183789667,0.,-0.995952780914974));
#2469=DIRECTION('center_axis',(0.,1.,0.));
#2470=DIRECTION('ref_axis',(-0.708858492415774,0.,-0.705350719663655));
#2471=DIRECTION('center_axis',(0.,-1.,0.));
#2472=DIRECTION('ref_axis',(-0.0898780183789669,0.,-0.995952780914974));
#2473=DIRECTION('center_axis',(0.,-1.,0.));
#2474=DIRECTION('ref_axis',(0.,0.,-1.));
#2475=DIRECTION('',(0.228368951520193,0.,-0.973574661739698));
#2476=DIRECTION('',(1.,0.,0.));
#2477=DIRECTION('',(-0.17364817766693,0.,-0.984807753012208));
#2478=DIRECTION('',(0.22523923828792,0.,-0.974303487387517));
#2479=DIRECTION('center_axis',(0.,-1.,0.));
#2480=DIRECTION('ref_axis',(0.974303487387519,0.,0.225239238287913));
#2481=DIRECTION('',(-2.77555756156289E-16,0.,1.));
#2482=DIRECTION('center_axis',(0.,-1.,0.));
#2483=DIRECTION('ref_axis',(0.999943550133877,0.,-0.0106252786155651));
#2484=DIRECTION('',(-0.0106252786155624,0.,-0.999943550133877));
#2485=DIRECTION('',(1.,0.,0.));
#2486=DIRECTION('',(0.,0.,-1.));
#2487=DIRECTION('',(-1.,0.,-3.62654944830276E-17));
#2488=DIRECTION('',(0.17364817766693,0.,0.984807753012208));
#2489=DIRECTION('',(0.984807753012208,0.,-0.17364817766693));
#2490=DIRECTION('',(0.202319452793073,0.,0.97931957961715));
#2491=DIRECTION('',(1.,0.,5.81083277540726E-16));
#2492=DIRECTION('',(1.,0.,5.81083277540726E-16));
#2493=DIRECTION('',(0.17364817766693,0.,0.984807753012208));
#2494=DIRECTION('',(1.,0.,0.));
#2495=DIRECTION('',(0.17364817766693,0.,0.984807753012208));
#2496=DIRECTION('center_axis',(0.0377574103000299,0.976074522183968,0.214132914589918));
#2497=DIRECTION('ref_axis',(0.,0.21428571428577,-0.976771023655512));
#2498=DIRECTION('center_axis',(0.,1.,0.));
#2499=DIRECTION('ref_axis',(0.,0.,-1.));
#2500=DIRECTION('center_axis',(0.984807753012208,0.,-0.17364817766693));
#2501=DIRECTION('ref_axis',(0.17364817766693,4.68581246667222E-16,0.984807753012208));
#2502=DIRECTION('center_axis',(-0.943075312894348,0.,0.332579245006703));
#2503=DIRECTION('ref_axis',(0.332579245006703,4.48724539856091E-16,0.943075312894348));
#2504=DIRECTION('center_axis',(0.,1.,0.));
#2505=DIRECTION('ref_axis',(-0.766044443118979,0.,-0.642787609686539));
#2506=DIRECTION('center_axis',(0.,1.,0.));
#2507=DIRECTION('ref_axis',(0.,0.,-1.));
#2508=DIRECTION('',(0.,-1.,0.));
#2509=DIRECTION('',(0.,1.,0.));
#2510=DIRECTION('center_axis',(-0.0377574102999348,0.976074522183984,-0.214132914589864));
#2511=DIRECTION('ref_axis',(0.,-0.214285714285714,-0.976771023655524));
#2512=DIRECTION('center_axis',(0.984807753012208,0.,-0.17364817766693));
#2513=DIRECTION('ref_axis',(0.17364817766693,-4.68581246667222E-16,0.984807753012208));
#2514=DIRECTION('center_axis',(-0.943075312894348,0.,0.332579245006703));
#2515=DIRECTION('ref_axis',(0.332579245006703,-4.48724539856091E-16,0.943075312894348));
#2516=DIRECTION('center_axis',(1.,0.,0.));
#2517=DIRECTION('ref_axis',(0.,0.70710678118655,0.707106781186545));
#2518=DIRECTION('',(1.,0.,0.));
#2519=DIRECTION('center_axis',(-0.973574661739698,0.,-0.228368951520193));
#2520=DIRECTION('ref_axis',(-0.228368951520193,-9.26472861990052E-16,0.973574661739698));
#2521=DIRECTION('',(-1.,0.,0.));
#2522=DIRECTION('center_axis',(0.,0.,1.));
#2523=DIRECTION('ref_axis',(-1.,0.,0.));
#2524=DIRECTION('',(-1.,0.,0.));
#2525=DIRECTION('',(0.,-1.,0.));
#2526=DIRECTION('center_axis',(1.,0.,0.));
#2527=DIRECTION('ref_axis',(0.,-0.70710678118655,0.707106781186545));
#2528=DIRECTION('center_axis',(-0.973574661739698,0.,-0.228368951520193));
#2529=DIRECTION('ref_axis',(-0.228368951520193,9.26472861990052E-16,0.973574661739698));
#2530=DIRECTION('center_axis',(0.17364817766693,0.,0.984807753012208));
#2531=DIRECTION('ref_axis',(-0.696364240320019,-0.707106781186547,0.122787803968973));
#2532=DIRECTION('center_axis',(0.,0.,-1.));
#2533=DIRECTION('ref_axis',(-1.,3.98294059667139E-15,0.));
#2534=DIRECTION('',(-0.17364817766693,0.,-0.984807753012208));
#2535=DIRECTION('center_axis',(0.,0.,-1.));
#2536=DIRECTION('ref_axis',(1.,0.,0.));
#2537=DIRECTION('',(0.,-1.,0.));
#2538=DIRECTION('center_axis',(-0.984807753012208,0.,0.17364817766693));
#2539=DIRECTION('ref_axis',(-0.17364817766693,0.,-0.984807753012208));
#2540=DIRECTION('',(0.,-1.,0.));
#2541=DIRECTION('',(-0.17364817766693,0.,-0.984807753012208));
#2542=DIRECTION('',(0.,-1.,0.));
#2543=DIRECTION('',(0.17364817766693,0.,0.984807753012208));
#2544=DIRECTION('',(0.,-1.,0.));
#2545=DIRECTION('',(0.17364817766693,0.,0.984807753012208));
#2546=DIRECTION('center_axis',(0.,0.,1.));
#2547=DIRECTION('ref_axis',(-1.,0.,0.));
#2548=DIRECTION('center_axis',(0.,0.,1.));
#2549=DIRECTION('ref_axis',(-1.,3.55340778722643E-15,0.));
#2550=DIRECTION('center_axis',(0.17364817766693,0.,0.984807753012208));
#2551=DIRECTION('ref_axis',(-0.696364240320019,0.707106781186548,0.122787803968973));
#2552=DIRECTION('center_axis',(0.,0.,-1.));
#2553=DIRECTION('ref_axis',(-1.,-3.28006872667055E-15,0.));
#2554=DIRECTION('',(-0.17364817766693,0.,-0.984807753012208));
#2555=DIRECTION('center_axis',(0.,1.,0.));
#2556=DIRECTION('ref_axis',(-0.0898780183789669,0.,-0.995952780914974));
#2557=DIRECTION('center_axis',(0.,1.,0.));
#2558=DIRECTION('ref_axis',(1.,0.,0.));
#2559=DIRECTION('',(1.,0.,0.));
#2560=DIRECTION('',(-0.17364817766693,0.,-0.984807753012208));
#2561=DIRECTION('',(-1.,0.,-5.81083277540726E-16));
#2562=DIRECTION('',(-1.,0.,-5.81083277540726E-16));
#2563=DIRECTION('center_axis',(0.,1.,0.));
#2564=DIRECTION('ref_axis',(0.631538022294352,0.,-0.775344908022577));
#2565=DIRECTION('',(-0.202319452793073,0.,-0.97931957961715));
#2566=DIRECTION('center_axis',(0.,1.,0.));
#2567=DIRECTION('ref_axis',(0.827436651970972,0.,0.561559068108662));
#2568=DIRECTION('',(0.984807753012208,0.,-0.17364817766693));
#2569=DIRECTION('',(-0.17364817766693,0.,-0.984807753012208));
#2570=DIRECTION('',(1.,0.,3.62654944830276E-17));
#2571=DIRECTION('',(0.,0.,1.));
#2572=DIRECTION('',(1.,0.,0.));
#2573=DIRECTION('',(-0.0106252786155624,0.,-0.999943550133877));
#2574=DIRECTION('',(-1.,0.,0.));
#2575=DIRECTION('',(2.77555756156289E-16,0.,-1.));
#2576=DIRECTION('center_axis',(0.,1.,0.));
#2577=DIRECTION('ref_axis',(0.974303487387518,0.,0.225239238287918));
#2578=DIRECTION('',(-0.22523923828792,0.,0.974303487387517));
#2579=DIRECTION('',(0.17364817766693,0.,0.984807753012208));
#2580=DIRECTION('',(0.228368951520193,0.,-0.973574661739698));
#2581=DIRECTION('center_axis',(0.,0.,1.));
#2582=DIRECTION('ref_axis',(-1.,0.,0.));
#2583=DIRECTION('center_axis',(0.,0.,1.));
#2584=DIRECTION('ref_axis',(-1.,-3.55340778722643E-15,0.));
#2585=DIRECTION('center_axis',(0.973574661739698,0.,0.228368951520193));
#2586=DIRECTION('ref_axis',(-0.228368951520193,0.,0.973574661739698));
#2587=DIRECTION('center_axis',(0.17364817766693,0.,0.984807753012208));
#2588=DIRECTION('ref_axis',(0.696364240320019,-0.707106781186548,-0.122787803968974));
#2589=DIRECTION('',(0.17364817766693,0.,0.984807753012208));
#2590=DIRECTION('center_axis',(0.138918542133544,0.6,0.787846202409766));
#2591=DIRECTION('ref_axis',(0.104188906600157,-0.8,0.590884651807325));
#2592=DIRECTION('center_axis',(0.942474751261597,0.,0.334277344781832));
#2593=DIRECTION('ref_axis',(0.334277344781832,0.,-0.942474751261596));
#2594=DIRECTION('center_axis',(0.984807753012208,0.,-0.17364817766693));
#2595=DIRECTION('ref_axis',(0.17364817766693,0.,0.984807753012208));
#2596=DIRECTION('',(-0.17364817766693,0.,-0.984807753012208));
#2597=DIRECTION('',(0.,1.,0.));
#2598=DIRECTION('center_axis',(-0.17364817766693,0.,-0.984807753012208));
#2599=DIRECTION('ref_axis',(0.696364240320019,0.707106781186547,-0.122787803968974));
#2600=DIRECTION('center_axis',(0.942474751261597,0.,0.334277344781832));
#2601=DIRECTION('ref_axis',(0.334277344781832,-1.36795559283241E-16,-0.942474751261596));
#2602=DIRECTION('center_axis',(0.138918542133543,-0.6,0.787846202409767));
#2603=DIRECTION('ref_axis',(0.104188906600157,0.8,0.590884651807325));
#2604=DIRECTION('center_axis',(0.,-1.,0.));
#2605=DIRECTION('ref_axis',(0.634023815452137,0.,-0.773313520791868));
#2606=DIRECTION('center_axis',(0.,1.,0.));
#2607=DIRECTION('ref_axis',(0.634023815452137,0.,-0.773313520791868));
#2608=DIRECTION('',(0.,1.,0.));
#2609=DIRECTION('center_axis',(0.,-1.,0.));
#2610=DIRECTION('ref_axis',(0.634023815452137,0.,-0.773313520791868));
#2611=DIRECTION('',(0.,-1.,0.));
#2612=DIRECTION('center_axis',(0.,-1.,0.));
#2613=DIRECTION('ref_axis',(0.,0.,-1.));
#2614=DIRECTION('',(-0.196027602879029,0.,-0.980598377986371));
#2615=DIRECTION('center_axis',(0.,1.,0.));
#2616=DIRECTION('ref_axis',(0.773313520791869,0.,0.634023815452136));
#2617=DIRECTION('',(1.,0.,0.));
#2618=DIRECTION('',(0.196027602879029,0.,0.980598377986371));
#2619=DIRECTION('',(-1.,0.,-4.46803503370213E-17));
#2620=DIRECTION('',(-1.,0.,-4.46803503370213E-17));
#2621=DIRECTION('center_axis',(0.980598377986371,0.,-0.196027602879029));
#2622=DIRECTION('ref_axis',(0.196027602879029,0.,0.980598377986371));
#2623=DIRECTION('',(-0.196027602879029,0.,-0.980598377986371));
#2624=DIRECTION('',(0.,1.,0.));
#2625=DIRECTION('center_axis',(0.,0.,-1.));
#2626=DIRECTION('ref_axis',(-1.,-7.8096874444537E-17,0.));
#2627=DIRECTION('center_axis',(0.0517021091587794,4.4349526343362E-16,0.998662551570116));
#2628=DIRECTION('ref_axis',(-0.998662551570115,-8.26396118591279E-17,0.0517021091587794));
#2629=DIRECTION('center_axis',(0.,-1.,0.));
#2630=DIRECTION('ref_axis',(0.,0.,1.));
#2631=DIRECTION('center_axis',(-0.980598377986371,0.,0.196027602879029));
#2632=DIRECTION('ref_axis',(-0.196027602879029,0.,-0.980598377986371));
#2633=DIRECTION('',(0.,1.,0.));
#2634=DIRECTION('center_axis',(-0.980598377986371,0.,0.196027602879029));
#2635=DIRECTION('ref_axis',(0.196027602879029,3.62894299050184E-16,0.980598377986371));
#2636=DIRECTION('center_axis',(-0.980598377986371,0.,0.196027602879029));
#2637=DIRECTION('ref_axis',(-0.196027602879029,0.,-0.980598377986371));
#2638=DIRECTION('center_axis',(-0.980598377986371,0.,0.196027602879029));
#2639=DIRECTION('ref_axis',(0.196027602879029,-3.62894299050184E-16,0.980598377986371));
#2640=DIRECTION('',(0.,1.,0.));
#2641=DIRECTION('center_axis',(0.,0.,-1.));
#2642=DIRECTION('ref_axis',(-1.,3.67055309889324E-15,0.));
#2643=DIRECTION('center_axis',(0.,-1.,0.));
#2644=DIRECTION('ref_axis',(0.,0.,1.));
#2645=DIRECTION('center_axis',(0.0517021091587794,1.12384265106572E-15,
0.998662551570116));
#2646=DIRECTION('ref_axis',(-0.998662551570115,3.69123599637438E-15,0.0517021091587794));
#2647=DIRECTION('center_axis',(0.,-1.,0.));
#2648=DIRECTION('ref_axis',(-0.642787609686538,0.,0.766044443118979));
#2649=DIRECTION('',(0.,1.,0.));
#2650=DIRECTION('center_axis',(0.,0.,1.));
#2651=DIRECTION('ref_axis',(-1.,0.,0.));
#2652=DIRECTION('',(-1.,0.,0.));
#2653=DIRECTION('',(0.,-1.,0.));
#2654=DIRECTION('',(1.,0.,0.));
#2655=DIRECTION('center_axis',(1.,0.,0.));
#2656=DIRECTION('ref_axis',(0.,-0.707106781186548,0.707106781186547));
#2657=DIRECTION('center_axis',(-0.980598377986371,0.,0.196027602879029));
#2658=DIRECTION('ref_axis',(0.196027602879029,-3.62894299050184E-16,0.980598377986371));
#2659=DIRECTION('center_axis',(-0.707106781186547,-0.707106781186548,-2.61682076447296E-16));
#2660=DIRECTION('ref_axis',(-0.707106781186548,0.707106781186547,2.61682076447296E-16));
#2661=DIRECTION('center_axis',(1.,0.,0.));
#2662=DIRECTION('ref_axis',(0.,0.707106781186548,0.707106781186547));
#2663=DIRECTION('center_axis',(-0.707106781186548,0.707106781186547,0.));
#2664=DIRECTION('ref_axis',(-0.707106781186547,-0.707106781186548,0.));
#2665=DIRECTION('',(-1.,0.,0.));
#2666=DIRECTION('center_axis',(0.980598377986371,0.,-0.196027602879029));
#2667=DIRECTION('ref_axis',(0.196027602879029,3.62894299050184E-16,0.980598377986371));
#2668=DIRECTION('center_axis',(0.,-1.,0.));
#2669=DIRECTION('ref_axis',(0.773313520791869,0.,0.634023815452136));
#2670=DIRECTION('center_axis',(0.,-1.,0.));
#2671=DIRECTION('ref_axis',(0.773313520791869,0.,0.634023815452136));
#2672=DIRECTION('center_axis',(-0.980598377986371,0.,0.196027602879029));
#2673=DIRECTION('ref_axis',(-0.196027602879029,0.,-0.980598377986371));
#2674=DIRECTION('center_axis',(-0.980598377986371,0.,0.196027602879029));
#2675=DIRECTION('ref_axis',(-0.196027602879029,5.05604042171027E-18,-0.980598377986371));
#2676=DIRECTION('',(0.,-1.,0.));
#2677=DIRECTION('center_axis',(-0.17364817766693,0.,-0.984807753012208));
#2678=DIRECTION('ref_axis',(-0.696364240320019,-0.707106781186547,0.122787803968973));
#2679=DIRECTION('center_axis',(0.0517021091587789,-2.29603488039038E-16,
0.998662551570116));
#2680=DIRECTION('ref_axis',(-0.998662551570115,3.69123599637438E-15,0.0517021091587789));
#2681=DIRECTION('',(0.17364817766693,3.07197928500461E-17,0.984807753012208));
#2682=DIRECTION('',(0.17364817766693,0.,0.984807753012208));
#2683=DIRECTION('center_axis',(4.46803503370213E-17,0.,-1.));
#2684=DIRECTION('ref_axis',(-1.,3.55340778722643E-15,-3.86559806564445E-17));
#2685=DIRECTION('center_axis',(0.165728394174361,0.677211629429139,-0.716881097763303));
#2686=DIRECTION('ref_axis',(0.97430348738752,-1.11022302462516E-14,0.225239238287909));
#2687=DIRECTION('center_axis',(-0.104188906600162,-0.8,-0.590884651807324));
#2688=DIRECTION('ref_axis',(0.138918542133543,-0.6,0.787846202409767));
#2689=DIRECTION('center_axis',(0.225239238287918,-7.65329016377656E-15,
-0.974303487387518));
#2690=DIRECTION('ref_axis',(0.974303487387518,0.,0.225239238287918));
#2691=DIRECTION('center_axis',(-0.974303487387517,0.,-0.22523923828792));
#2692=DIRECTION('ref_axis',(0.22523923828792,3.61750789719751E-17,-0.974303487387517));
#2693=DIRECTION('center_axis',(0.22523923828792,0.,-0.974303487387517));
#2694=DIRECTION('ref_axis',(0.688936602865416,-0.707106781186548,0.159268192782674));
#2695=DIRECTION('center_axis',(0.225239238287913,0.,-0.974303487387519));
#2696=DIRECTION('ref_axis',(0.974303487387519,-2.22044604925031E-15,0.225239238287913));
#2697=DIRECTION('',(-0.22523923828792,0.,0.974303487387517));
#2698=DIRECTION('center_axis',(2.45693967257729E-16,0.,-1.));
#2699=DIRECTION('ref_axis',(-1.,0.,-2.45693967257729E-16));
#2700=DIRECTION('center_axis',(1.,0.,2.77555756156289E-16));
#2701=DIRECTION('ref_axis',(-2.77555756156289E-16,0.,1.));
#2702=DIRECTION('',(0.,-1.,0.));
#2703=DIRECTION('',(0.,-1.,0.));
#2704=DIRECTION('center_axis',(0.165728394174356,-0.677211629429148,-0.716881097763295));
#2705=DIRECTION('ref_axis',(0.906406464164875,0.391003373227879,-0.159823915120825));
#2706=DIRECTION('center_axis',(-0.104188906600158,0.8,-0.590884651807325));
#2707=DIRECTION('ref_axis',(0.138918542133543,0.6,0.787846202409767));
#2708=DIRECTION('center_axis',(0.225239238287918,0.,-0.974303487387518));
#2709=DIRECTION('ref_axis',(0.,1.,0.));
#2710=DIRECTION('center_axis',(-0.974303487387517,0.,-0.22523923828792));
#2711=DIRECTION('ref_axis',(0.22523923828792,-1.08525236915925E-16,-0.974303487387517));
#2712=DIRECTION('center_axis',(-0.22523923828792,0.,0.974303487387517));
#2713=DIRECTION('ref_axis',(0.688936602865415,0.707106781186548,0.159268192782679));
#2714=DIRECTION('center_axis',(0.225239238287918,0.,-0.974303487387518));
#2715=DIRECTION('ref_axis',(0.,1.,0.));
#2716=DIRECTION('',(0.22523923828792,0.,-0.974303487387517));
#2717=DIRECTION('center_axis',(2.45693967257729E-16,0.,-1.));
#2718=DIRECTION('ref_axis',(-1.,0.,-2.45693967257729E-16));
#2719=DIRECTION('center_axis',(0.,1.,0.));
#2720=DIRECTION('ref_axis',(0.999653442807517,0.,0.0263247845780015));
#2721=DIRECTION('',(0.,-1.,0.));
#2722=DIRECTION('center_axis',(0.974303487387517,0.,0.22523923828792));
#2723=DIRECTION('ref_axis',(0.22523923828792,0.,-0.974303487387517));
#2724=DIRECTION('',(0.,-1.,0.));
#2725=DIRECTION('center_axis',(0.,1.,0.));
#2726=DIRECTION('ref_axis',(0.,0.,1.));
#2727=DIRECTION('',(-1.,0.,-4.46803503370213E-17));
#2728=DIRECTION('',(-1.,0.,-4.46803503370213E-17));
#2729=DIRECTION('',(0.196027602879029,0.,0.980598377986371));
#2730=DIRECTION('center_axis',(4.46803503370213E-17,0.,-1.));
#2731=DIRECTION('ref_axis',(1.,0.,4.46803503370213E-17));
#2732=DIRECTION('',(0.,-1.,0.));
#2733=DIRECTION('center_axis',(4.46803503370213E-17,0.,-1.));
#2734=DIRECTION('ref_axis',(1.,0.,4.46803503370213E-17));
#2735=DIRECTION('center_axis',(4.46803503370213E-17,0.,-1.));
#2736=DIRECTION('ref_axis',(-1.,-3.55340778722643E-15,-3.86559806564445E-17));
#2737=DIRECTION('',(0.,-1.,0.));
#2738=DIRECTION('center_axis',(4.46803503370213E-17,0.,-1.));
#2739=DIRECTION('ref_axis',(1.,0.,4.46803503370213E-17));
#2740=DIRECTION('center_axis',(-0.980598377986371,0.,0.196027602879029));
#2741=DIRECTION('ref_axis',(-0.196027602879029,0.,-0.980598377986371));
#2742=DIRECTION('center_axis',(-0.980598377986371,0.,0.196027602879029));
#2743=DIRECTION('ref_axis',(-0.196027602879029,-2.52802021085513E-18,-0.980598377986371));
#2744=DIRECTION('center_axis',(0.17364817766693,0.,0.984807753012208));
#2745=DIRECTION('ref_axis',(-0.696364240320019,0.707106781186547,0.122787803968973));
#2746=DIRECTION('',(-0.17364817766693,0.,-0.984807753012208));
#2747=DIRECTION('center_axis',(-0.17364817766693,0.,-0.984807753012208));
#2748=DIRECTION('ref_axis',(-0.216312857164595,0.975578777676424,0.0381417929922543));
#2749=DIRECTION('',(-0.17364817766693,1.53598964250231E-17,-0.984807753012208));
#2750=DIRECTION('center_axis',(0.051702109158779,3.777565595508E-15,0.998662551570116));
#2751=DIRECTION('ref_axis',(-0.998662551570116,-3.69123599637438E-15,0.051702109158779));
#2752=DIRECTION('center_axis',(0.,0.,-1.));
#2753=DIRECTION('ref_axis',(-1.,0.,0.));
#2754=DIRECTION('center_axis',(0.,0.,1.));
#2755=DIRECTION('ref_axis',(-1.,0.,0.));
#2756=DIRECTION('',(0.,0.,1.));
#2757=DIRECTION('center_axis',(0.,0.,-1.));
#2758=DIRECTION('ref_axis',(-1.,0.,0.));
#2759=DIRECTION('center_axis',(0.,0.,-1.));
#2760=DIRECTION('ref_axis',(-1.,0.,0.));
#2761=DIRECTION('center_axis',(0.,0.,1.));
#2762=DIRECTION('ref_axis',(-1.,0.,0.));
#2763=DIRECTION('center_axis',(0.,0.,-1.));
#2764=DIRECTION('ref_axis',(0.162212575652333,0.986755836212909,0.));
#2765=DIRECTION('center_axis',(0.,0.,-1.));
#2766=DIRECTION('ref_axis',(-1.,0.,0.));
#2767=DIRECTION('center_axis',(0.866025403784439,0.5,0.));
#2768=DIRECTION('ref_axis',(0.353553390593274,-0.612372435695794,-0.707106781186548));
#2769=DIRECTION('',(-0.866025403784439,-0.5,0.));
#2770=DIRECTION('center_axis',(-1.,-5.33729362479519E-32,2.08166817117217E-16));
#2771=DIRECTION('ref_axis',(-1.28428627846634E-31,1.,-3.60555503696918E-16));
#2772=DIRECTION('',(0.866025403784439,0.5,0.));
#2773=DIRECTION('center_axis',(-0.5,-0.866025403784439,2.40370335797946E-16));
#2774=DIRECTION('ref_axis',(-0.866025403784439,0.5,-4.16333634234433E-16));
#2775=DIRECTION('center_axis',(0.866025403784439,-0.5,0.));
#2776=DIRECTION('ref_axis',(-0.353553390593273,-0.612372435695795,-0.707106781186547));
#2777=DIRECTION('',(-0.866025403784439,0.5,0.));
#2778=DIRECTION('center_axis',(-0.500000000000001,0.866025403784438,-2.40370335797945E-16));
#2779=DIRECTION('ref_axis',(0.866025403784438,0.500000000000001,4.16333634234433E-16));
#2780=DIRECTION('',(0.866025403784439,-0.5,0.));
#2781=DIRECTION('center_axis',(3.20493781063927E-16,-1.,0.));
#2782=DIRECTION('ref_axis',(-0.707106781186547,-3.92523114670944E-16,-0.707106781186548));
#2783=DIRECTION('',(-3.20493781063927E-16,1.,0.));
#2784=DIRECTION('center_axis',(0.500000000000001,0.866025403784438,2.77555756156289E-16));
#2785=DIRECTION('ref_axis',(0.866025403784438,-0.500000000000001,-4.80740671595893E-16));
#2786=DIRECTION('',(3.20493781063927E-16,-1.,0.));
#2787=DIRECTION('center_axis',(-0.984807753012208,0.,0.17364817766693));
#2788=DIRECTION('ref_axis',(-0.17364817766693,0.,-0.984807753012208));
#2789=DIRECTION('',(0.,-1.,0.));
#2790=DIRECTION('center_axis',(0.837695570088254,-0.323838980079006,0.439766354824813));
#2791=DIRECTION('ref_axis',(-0.391001334783213,-0.917804265280308,0.0689440848152971));
#2792=DIRECTION('center_axis',(0.806856006312648,-0.374544796606458,0.45683649198836));
#2793=DIRECTION('ref_axis',(-0.456842793091541,-0.885892635789954,0.0805537103642469));
#2794=DIRECTION('center_axis',(-0.114288236912511,0.993447632693052,0.));
#2795=DIRECTION('ref_axis',(0.,0.,-1.));
#2796=DIRECTION('center_axis',(0.163763309486772,-4.84836791416079E-16,
-0.986499659638025));
#2797=DIRECTION('ref_axis',(0.986499659638025,-2.792063803549E-15,0.163763309486772));
#2798=DIRECTION('center_axis',(3.75783334777556E-16,-1.,0.));
#2799=DIRECTION('ref_axis',(-0.984807753012209,-3.7007434154172E-16,0.173648177666924));
#2800=DIRECTION('center_axis',(-5.81083277540726E-16,0.,1.));
#2801=DIRECTION('ref_axis',(1.,-2.73339060555879E-15,5.81083277540726E-16));
#2802=DIRECTION('center_axis',(0.,-1.,0.));
#2803=DIRECTION('ref_axis',(-0.766044443118977,0.,-0.642787609686541));
#2804=DIRECTION('center_axis',(-3.75783334777556E-16,-1.,0.));
#2805=DIRECTION('ref_axis',(-0.984807753012207,3.70074341541719E-16,0.173648177666935));
#2806=DIRECTION('',(0.,1.,0.));
#2807=DIRECTION('',(0.,-1.,0.));
#2808=DIRECTION('center_axis',(-0.11428823691251,-0.993447632693052,0.));
#2809=DIRECTION('ref_axis',(-0.978547655988196,0.112574113277207,0.172544353659738));
#2810=DIRECTION('center_axis',(-5.81083277540726E-16,0.,1.));
#2811=DIRECTION('ref_axis',(1.,2.82450362574409E-15,5.81083277540726E-16));
#2812=DIRECTION('center_axis',(0.163763309486777,4.84836791416095E-16,-0.986499659638024));
#2813=DIRECTION('ref_axis',(0.986499659638024,2.44305582810538E-15,0.163763309486777));
#2814=DIRECTION('center_axis',(0.80685600631256,0.374544796611671,0.456836491984242));
#2815=DIRECTION('ref_axis',(-2.73766194898902E-11,0.773318522510261,-0.634017714849157));
#2816=DIRECTION('center_axis',(-0.83769557008825,-0.323838980079075,-0.439766354824771));
#2817=DIRECTION('ref_axis',(-0.39100133478328,0.91780426528028,0.0689440848153033));
#2818=DIRECTION('center_axis',(1.,0.,5.81083277540726E-16));
#2819=DIRECTION('ref_axis',(0.,0.707106781186547,0.707106781186548));
#2820=DIRECTION('',(1.,0.,5.81083277540726E-16));
#2821=DIRECTION('center_axis',(-1.,0.,0.));
#2822=DIRECTION('ref_axis',(0.,0.,1.));
#2823=DIRECTION('center_axis',(1.,0.,0.));
#2824=DIRECTION('ref_axis',(0.,1.,0.));
#2825=DIRECTION('center_axis',(5.81083277540726E-16,0.,-1.));
#2826=DIRECTION('ref_axis',(1.,0.,5.81083277540726E-16));
#2827=DIRECTION('',(-1.,0.,-5.81083277540726E-16));
#2828=DIRECTION('',(0.,-1.,0.));
#2829=DIRECTION('center_axis',(-1.,0.,-5.81083277540726E-16));
#2830=DIRECTION('ref_axis',(0.,-0.707106781186547,0.707106781186548));
#2831=DIRECTION('center_axis',(1.,0.,0.));
#2832=DIRECTION('ref_axis',(0.,0.,1.));
#2833=DIRECTION('center_axis',(0.523151261523888,0.,0.852239847440827));
#2834=DIRECTION('ref_axis',(-0.852239847440827,0.,0.523151261523888));
#2835=DIRECTION('center_axis',(-1.,0.,-5.81083277540726E-16));
#2836=DIRECTION('ref_axis',(0.,-0.707106781186547,0.707106781186548));
#2837=DIRECTION('center_axis',(1.,0.,0.));
#2838=DIRECTION('ref_axis',(0.,0.,1.));
#2839=DIRECTION('center_axis',(0.17364817766693,0.,0.984807753012208));
#2840=DIRECTION('ref_axis',(0.984807753012208,0.,-0.17364817766693));
#2841=DIRECTION('center_axis',(0.17364817766693,0.,0.984807753012208));
#2842=DIRECTION('ref_axis',(0.526401886230054,-0.845154254728517,-0.0928188552381861));
#2843=DIRECTION('center_axis',(-3.00189345731164E-16,1.,4.28714815751179E-16));
#2844=DIRECTION('ref_axis',(-0.984807753012208,-3.70074341541719E-16,0.173648177666932));
#2845=DIRECTION('center_axis',(-0.17364817766693,0.,-0.984807753012208));
#2846=DIRECTION('ref_axis',(0.526401886230054,-0.845154254728517,-0.092818855238186));
#2847=DIRECTION('center_axis',(0.,-1.,0.));
#2848=DIRECTION('ref_axis',(-0.573576436351046,0.,0.819152044288992));
#2849=DIRECTION('center_axis',(0.,1.,0.));
#2850=DIRECTION('ref_axis',(-0.984807753012208,0.,0.173648177666932));
#2851=DIRECTION('',(0.,-1.,0.));
#2852=DIRECTION('',(0.,1.,0.));
#2853=DIRECTION('center_axis',(-0.17364817766693,0.,-0.984807753012208));
#2854=DIRECTION('ref_axis',(-0.984807753012208,0.,0.17364817766693));
#2855=DIRECTION('center_axis',(-0.110863859543868,0.993643330888831,0.0195482896230574));
#2856=DIRECTION('ref_axis',(-0.978547655988195,-0.112574113277207,0.172544353659744));
#2857=DIRECTION('center_axis',(-0.17364817766693,0.,-0.984807753012208));
#2858=DIRECTION('ref_axis',(0.978474047564823,0.113231899446455,-0.172531374508696));
#2859=DIRECTION('center_axis',(0.17364817766693,0.,0.984807753012208));
#2860=DIRECTION('ref_axis',(0.978474047564823,0.113231899446455,-0.172531374508696));
#2861=DIRECTION('center_axis',(0.653679556732467,-0.433834427289415,-0.620073162464326));
#2862=DIRECTION('ref_axis',(0.114174324242318,-0.753451290507232,0.647514769342597));
#2863=DIRECTION('center_axis',(0.17364817766693,0.,0.984807753012208));
#2864=DIRECTION('ref_axis',(-0.984807753012208,0.,0.17364817766693));
#2865=DIRECTION('',(-0.984807753012208,0.,0.17364817766693));
#2866=DIRECTION('',(0.,1.,0.));
#2867=DIRECTION('center_axis',(-0.17364817766693,0.,-0.984807753012208));
#2868=DIRECTION('ref_axis',(-0.984807753012208,1.80796767518428E-13,0.17364817766693));
#2869=DIRECTION('center_axis',(-0.984807753012208,0.,0.17364817766693));
#2870=DIRECTION('ref_axis',(-0.122787803968974,0.707106781186547,-0.696364240320019));
#2871=DIRECTION('center_axis',(0.984807753012208,0.,-0.173648177666929));
#2872=DIRECTION('ref_axis',(-0.173648177666929,0.,-0.984807753012208));
#2873=DIRECTION('center_axis',(-0.984807753012208,0.,0.17364817766693));
#2874=DIRECTION('ref_axis',(0.,1.,0.));
#2875=DIRECTION('center_axis',(-0.17364817766693,0.,-0.984807753012208));
#2876=DIRECTION('ref_axis',(-0.984807753012208,0.,0.173648177666929));
#2877=DIRECTION('center_axis',(0.,-1.,0.));
#2878=DIRECTION('ref_axis',(0.,0.,-1.));
#2879=DIRECTION('center_axis',(0.,-1.,0.));
#2880=DIRECTION('ref_axis',(0.97931957961715,0.,-0.202319452793075));
#2881=DIRECTION('center_axis',(0.202319452793075,0.,0.97931957961715));
#2882=DIRECTION('ref_axis',(0.,1.,0.));
#2883=DIRECTION('center_axis',(0.,-1.,0.));
#2884=DIRECTION('ref_axis',(0.,0.,-1.));
#2885=DIRECTION('center_axis',(0.,-1.,0.));
#2886=DIRECTION('ref_axis',(0.17364817766693,0.,0.984807753012208));
#2887=DIRECTION('center_axis',(-0.202319452793075,0.,-0.97931957961715));
#2888=DIRECTION('ref_axis',(-0.97931957961715,0.,0.202319452793075));
#2889=DIRECTION('center_axis',(0.202319452793073,0.,0.97931957961715));
#2890=DIRECTION('ref_axis',(-0.692483515696046,0.707106781186548,0.143061457035935));
#2891=DIRECTION('',(0.202319452793073,0.,0.97931957961715));
#2892=DIRECTION('center_axis',(0.,-1.,0.));
#2893=DIRECTION('ref_axis',(0.827436651970974,0.,0.561559068108659));
#2894=DIRECTION('center_axis',(3.64607433052627E-16,-1.,-6.42901278140333E-17));
#2895=DIRECTION('ref_axis',(0.97931957961715,3.70074341541719E-16,-0.202319452793072));
#2896=DIRECTION('',(0.,-1.,0.));
#2897=DIRECTION('center_axis',(0.144878075232534,4.14252590997411E-16,0.9894495152947));
#2898=DIRECTION('ref_axis',(-0.9894495152947,1.80289072893579E-13,0.144878075232534));
#2899=DIRECTION('center_axis',(0.,-1.,0.));
#2900=DIRECTION('ref_axis',(0.631538022294352,0.,-0.775344908022577));
#2901=DIRECTION('center_axis',(3.01434903796823E-16,-1.,-3.70074341541718E-16));
#2902=DIRECTION('ref_axis',(0.,3.70074341541718E-16,-1.));
#2903=DIRECTION('',(0.,1.,0.));
#2904=DIRECTION('center_axis',(-0.940458846088254,0.,-0.339907573929074));
#2905=DIRECTION('ref_axis',(-0.339907573929074,1.93604858635172E-16,0.940458846088254));
#2906=DIRECTION('center_axis',(1.,0.,5.81083277540726E-16));
#2907=DIRECTION('ref_axis',(0.,0.707106781186547,0.707106781186548));
#2908=DIRECTION('center_axis',(1.,0.,0.));
#2909=DIRECTION('ref_axis',(0.,1.,0.));
#2910=DIRECTION('center_axis',(-0.17364817766693,1.53598964250231E-17,-0.984807753012208));
#2911=DIRECTION('ref_axis',(0.526401886230054,0.845154254728516,-0.092818855238186));
#2912=DIRECTION('',(-0.17364817766693,1.53598964250231E-17,-0.984807753012208));
#2913=DIRECTION('center_axis',(-0.984807753012208,0.,0.17364817766693));
#2914=DIRECTION('ref_axis',(-0.17364817766693,0.,-0.984807753012208));
#2915=DIRECTION('',(0.17364817766693,3.07197928500461E-17,0.984807753012208));
#2916=DIRECTION('center_axis',(-0.202319452793073,0.,-0.97931957961715));
#2917=DIRECTION('ref_axis',(-0.692483515696046,-0.707106781186548,0.143061457035935));
#2918=DIRECTION('',(-0.202319452793073,0.,-0.97931957961715));
#2919=DIRECTION('center_axis',(0.97931957961715,0.,-0.202319452793073));
#2920=DIRECTION('ref_axis',(0.202319452793073,0.,0.97931957961715));
#2921=DIRECTION('center_axis',(0.17364817766693,3.07197928500461E-17,0.984807753012208));
#2922=DIRECTION('ref_axis',(0.526401886230054,-0.845154254728516,-0.0928188552381873));
#2923=DIRECTION('center_axis',(0.,-1.,0.));
#2924=DIRECTION('ref_axis',(0.,0.,1.));
#2925=DIRECTION('center_axis',(0.999943550133877,0.,-0.0106252786155624));
#2926=DIRECTION('ref_axis',(-0.0106252786155624,-4.62566813618354E-16,-0.999943550133877));
#2927=DIRECTION('center_axis',(-0.999774257876818,7.8629545368207E-18,0.0212469594732341));
#2928=DIRECTION('ref_axis',(-0.0212469594732341,-3.69990800174124E-16,-0.999774257876818));
#2929=DIRECTION('center_axis',(0.,1.,0.));
#2930=DIRECTION('ref_axis',(-0.703340145798758,0.,0.71085345839194));
#2931=DIRECTION('center_axis',(0.,-1.,0.));
#2932=DIRECTION('ref_axis',(0.,0.,1.));
#2933=DIRECTION('',(0.,1.,0.));
#2934=DIRECTION('',(0.,-1.,0.));
#2935=DIRECTION('center_axis',(-0.0204053021755423,-0.999791790145891,0.));
#2936=DIRECTION('ref_axis',(0.,0.,1.));
#2937=DIRECTION('center_axis',(-0.0106228800426093,1.47235133062864E-15,
0.999943575617945));
#2938=DIRECTION('ref_axis',(0.999943575617945,3.69990800174124E-16,0.0106228800426093));
#2939=DIRECTION('center_axis',(0.,0.,-1.));
#2940=DIRECTION('ref_axis',(1.,6.47593539065696E-16,0.));
#2941=DIRECTION('center_axis',(-1.,2.07241631263362E-14,-1.04695543108971E-13));
#2942=DIRECTION('ref_axis',(-7.40148683083437E-16,0.979595849221461,0.200977541501744));
#2943=DIRECTION('center_axis',(-1.,0.,0.));
#2944=DIRECTION('ref_axis',(0.,0.994885885220376,0.101005323568958));
#2945=DIRECTION('center_axis',(-1.,0.,0.));
#2946=DIRECTION('ref_axis',(0.,0.994885885220376,0.101005323568958));
#2947=DIRECTION('',(-1.,0.,0.));
#2948=DIRECTION('center_axis',(-1.,0.,0.));
#2949=DIRECTION('ref_axis',(0.,-0.707106781186547,-0.707106781186548));
#2950=DIRECTION('',(-1.,0.,0.));
#2951=DIRECTION('center_axis',(-1.,1.80359656520188E-16,0.));
#2952=DIRECTION('ref_axis',(0.,-0.707106781186547,-0.707106781186548));
#2953=DIRECTION('',(-1.,0.,0.));
#2954=DIRECTION('center_axis',(1.,0.,0.));
#2955=DIRECTION('ref_axis',(0.,-0.707106781186547,-0.707106781186548));
#2956=DIRECTION('center_axis',(0.,0.,-1.));
#2957=DIRECTION('ref_axis',(-1.,0.,0.));
#2958=DIRECTION('',(-1.,0.,0.));
#2959=DIRECTION('',(-1.80359656520188E-16,-1.,0.));
#2960=DIRECTION('',(0.866025403784438,0.500000000000001,0.));
#2961=DIRECTION('',(1.06831260354642E-16,-1.,0.));
#2962=DIRECTION('',(0.866025403784439,-0.499999999999999,0.));
#2963=DIRECTION('center_axis',(1.,0.,0.));
#2964=DIRECTION('ref_axis',(0.,0.707106781186547,-0.707106781186548));
#2965=DIRECTION('center_axis',(-1.,1.80359656520188E-16,0.));
#2966=DIRECTION('ref_axis',(0.,0.707106781186547,-0.707106781186548));
#2967=DIRECTION('center_axis',(0.0106252786155624,0.,0.999943550133877));
#2968=DIRECTION('ref_axis',(0.707066865103415,-0.707106781186547,-0.00751320656106144));
#2969=DIRECTION('center_axis',(0.0106252786155658,0.,0.999943550133877));
#2970=DIRECTION('ref_axis',(0.,-1.,0.));
#2971=DIRECTION('',(0.0106252786155624,0.,0.999943550133877));
#2972=DIRECTION('center_axis',(0.,0.,1.));
#2973=DIRECTION('ref_axis',(-1.,0.,0.));
#2974=DIRECTION('center_axis',(0.,0.,-1.));
#2975=DIRECTION('ref_axis',(1.,0.,0.));
#2976=DIRECTION('',(0.,-1.,0.));
#2977=DIRECTION('center_axis',(0.,-1.,0.));
#2978=DIRECTION('ref_axis',(-1.,0.,0.));
#2979=DIRECTION('',(0.,0.,-1.));
#2980=DIRECTION('',(1.,0.,0.));
#2981=DIRECTION('',(0.,0.,-1.));
#2982=DIRECTION('center_axis',(1.,-1.80359656520188E-16,0.));
#2983=DIRECTION('ref_axis',(-1.80359656520188E-16,-1.,0.));
#2984=DIRECTION('',(1.80359656520188E-16,1.,0.));
#2985=DIRECTION('center_axis',(-2.45693967257729E-16,0.,1.));
#2986=DIRECTION('ref_axis',(-1.,0.,-2.45693967257729E-16));
#2987=DIRECTION('center_axis',(0.999943550133877,0.,-0.0106252786155624));
#2988=DIRECTION('ref_axis',(0.0106252786155624,0.,0.999943550133877));
#2989=DIRECTION('center_axis',(0.,0.,1.));
#2990=DIRECTION('ref_axis',(1.,0.,0.));
#2991=DIRECTION('',(0.,-1.,0.));
#2992=DIRECTION('center_axis',(-1.,0.,0.));
#2993=DIRECTION('ref_axis',(0.,1.,0.));
#2994=DIRECTION('center_axis',(-0.866025403784438,-0.500000000000001,0.));
#2995=DIRECTION('ref_axis',(-0.353553390593274,0.612372435695794,-0.707106781186548));
#2996=DIRECTION('center_axis',(-1.,-6.00925839494864E-16,4.16333634234433E-16));
#2997=DIRECTION('ref_axis',(-6.00925839494863E-16,1.,7.21111007393836E-16));
#2998=DIRECTION('',(-0.866025403784438,-0.500000000000001,0.));
#2999=DIRECTION('center_axis',(-0.866025403784439,0.499999999999999,0.));
#3000=DIRECTION('ref_axis',(0.353553390593273,0.612372435695795,-0.707106781186548));
#3001=DIRECTION('center_axis',(0.5,-0.866025403784439,-2.40370335797945E-16));
#3002=DIRECTION('ref_axis',(-0.866025403784438,-0.5,4.16333634234434E-16));
#3003=DIRECTION('',(-0.866025403784439,0.499999999999999,0.));
#3004=DIRECTION('center_axis',(-1.06831260354642E-16,1.,0.));
#3005=DIRECTION('ref_axis',(0.707106781186548,0.,-0.707106781186547));
#3006=DIRECTION('',(-1.06831260354642E-16,1.,0.));
#3007=DIRECTION('center_axis',(0.,0.,1.));
#3008=DIRECTION('ref_axis',(1.,0.,0.));
#3009=CARTESIAN_POINT('',(0.,0.,0.));
#3010=CARTESIAN_POINT('Origin',(-8.48848571708883,0.,-191.591148221374));
#3011=CARTESIAN_POINT('',(-2.98959117393092,-1.83697019872103E-16,-188.760572519643));
#3012=CARTESIAN_POINT('Origin',(-2.64703774665063,0.,-190.220934512253));
#3013=CARTESIAN_POINT('',(-14.6724871148073,-1.83697019872103E-16,-191.500999937885));
#3014=CARTESIAN_POINT('',(-8.83103914436912,-1.83697019872103E-16,-190.130786228764));
#3015=CARTESIAN_POINT('Origin',(-14.329933687527,0.,-192.961361930495));
#3016=CARTESIAN_POINT('Origin',(-14.329933687527,0.,-192.961361930495));
#3017=CARTESIAN_POINT('Origin',(-25.31401653564,9.12814609616706,-208.08239111906));
#3018=CARTESIAN_POINT('',(1.54267905496708,12.1281460961671,-208.08239111906));
#3019=CARTESIAN_POINT('',(2.24638148425623,9.12814609616706,-211.08239111906));
#3020=CARTESIAN_POINT('Origin',(1.54267905496709,9.12814609616706,-208.08239111906));
#3021=CARTESIAN_POINT('',(-24.4889080533053,9.12814609616706,-211.08239111906));
#3022=CARTESIAN_POINT('',(-25.31401653564,9.12814609616706,-211.08239111906));
#3023=CARTESIAN_POINT('',(-24.4889080533053,12.1281460961671,-208.08239111906));
#3024=CARTESIAN_POINT('Origin',(-24.4889080533053,9.12814609616706,-208.08239111906));
#3025=CARTESIAN_POINT('',(-25.31401653564,12.1281460961671,-208.08239111906));
#3026=CARTESIAN_POINT('Ctrl Pts',(-24.4889080533053,9.12814609616706,-211.08239111906));
#3027=CARTESIAN_POINT('Ctrl Pts',(-25.1849869348154,9.12814609616706,-211.08239111906));
#3028=CARTESIAN_POINT('Ctrl Pts',(-26.5801530456993,8.82294406616077,-211.08239111906));
#3029=CARTESIAN_POINT('Ctrl Pts',(-28.0771150468427,7.8963498534563,-211.08239111906));
#3030=CARTESIAN_POINT('Ctrl Pts',(-29.1255231481638,6.9749920831194,-211.08239111906));
#3031=CARTESIAN_POINT('Ctrl Pts',(-29.8531931216005,6.22469078784841,-211.08239111906));
#3032=CARTESIAN_POINT('Ctrl Pts',(-30.3140967770057,5.70280630286848,-211.08239111906));
#3033=CARTESIAN_POINT('Ctrl Pts',(-30.5427336158627,5.44020274922505,-211.08239111906));
#3034=CARTESIAN_POINT('Ctrl Pts',(-24.4889080533053,10.0257439971927,-211.08239111906));
#3035=CARTESIAN_POINT('Ctrl Pts',(-25.3130092807024,9.98646759775457,-211.08094072684));
#3036=CARTESIAN_POINT('Ctrl Pts',(-26.9046234048342,9.52877842735669,-211.081388880848));
#3037=CARTESIAN_POINT('Ctrl Pts',(-28.4341004648467,8.35630384726633,-211.079871392118));
#3038=CARTESIAN_POINT('Ctrl Pts',(-29.4027934070584,7.25686034263024,-211.08087298713));
#3039=CARTESIAN_POINT('Ctrl Pts',(-30.030762641298,6.38295284907014,-211.080990382552));
#3040=CARTESIAN_POINT('Ctrl Pts',(-30.4083536599478,5.78527270272366,-211.082392166105));
#3041=CARTESIAN_POINT('Ctrl Pts',(-30.5940571805329,5.48488781697168,-211.08239111906));
#3042=CARTESIAN_POINT('Ctrl Pts',(-24.4889080533053,11.5795926755107,-210.328884878264));
#3043=CARTESIAN_POINT('Ctrl Pts',(-25.5331109883806,11.4774949619979,-210.397589961442));
#3044=CARTESIAN_POINT('Ctrl Pts',(-27.4672510018461,10.7614724208013,-210.558886353299));
#3045=CARTESIAN_POINT('Ctrl Pts',(-29.0576374029994,9.16416775440583,-210.791194921262));
#3046=CARTESIAN_POINT('Ctrl Pts',(-29.8878875724358,7.75203053636642,-210.950810204024));
#3047=CARTESIAN_POINT('Ctrl Pts',(-30.3415978586486,6.66159682368438,-211.040630411888));
#3048=CARTESIAN_POINT('Ctrl Pts',(-30.5733029505377,5.92958868042342,-211.071520975872));
#3049=CARTESIAN_POINT('Ctrl Pts',(-30.683873386547,5.56308665752915,-211.07833741617));
#3050=CARTESIAN_POINT('Ctrl Pts',(-24.4889080533053,12.1281460961671,-208.75558954483));
#3051=CARTESIAN_POINT('Ctrl Pts',(-25.6114546175922,12.0824315154201,-208.929421760582));
#3052=CARTESIAN_POINT('Ctrl Pts',(-27.7439763979603,11.4461473548023,-209.354252714652));
#3053=CARTESIAN_POINT('Ctrl Pts',(-29.5170018196735,9.77015154878505,-210.060983727034));
#3054=CARTESIAN_POINT('Ctrl Pts',(-30.3158656968703,8.18945487843395,-210.602748590706));
#3055=CARTESIAN_POINT('Ctrl Pts',(-30.644355536223,6.93259063951628,-210.925501673943));
#3056=CARTESIAN_POINT('Ctrl Pts',(-30.7369732426534,6.07278824922791,-211.041703493836));
#3057=CARTESIAN_POINT('Ctrl Pts',(-30.77332585001,5.64096880417339,-211.067206871077));
#3058=CARTESIAN_POINT('Ctrl Pts',(-24.4889080533053,12.1281460961671,-208.08239111906));
#3059=CARTESIAN_POINT('Ctrl Pts',(-25.6111576785961,12.1281460961671,-208.284541652432));
#3060=CARTESIAN_POINT('Ctrl Pts',(-27.7874697332322,11.594042543656,-208.789725114231));
#3061=CARTESIAN_POINT('Ctrl Pts',(-29.6653688688489,9.97250267142317,-209.691237692403));
#3062=CARTESIAN_POINT('Ctrl Pts',(-30.4816008289612,8.36012657333366,-210.418390813411));
#3063=CARTESIAN_POINT('Ctrl Pts',(-30.7714007485621,7.0470993066091,-210.862294935945));
#3064=CARTESIAN_POINT('Ctrl Pts',(-30.8067074763632,6.13380145789443,-211.025472222409));
#3065=CARTESIAN_POINT('Ctrl Pts',(-30.8115458940177,5.67424523901842,-211.061143218864));
#3066=CARTESIAN_POINT('',(-30.5427336158627,5.44020274922506,-211.08239111906));
#3067=CARTESIAN_POINT('',(-30.8115458940176,5.67424523901847,-211.061143218864));
#3068=CARTESIAN_POINT('Origin',(-30.5427336158627,5.44020274922506,-208.08239111906));
#3069=CARTESIAN_POINT('Ctrl Pts',(-30.8115458940177,5.67424523901842,-211.061143218864));
#3070=CARTESIAN_POINT('Ctrl Pts',(-30.8067074763632,6.13380145789443,-211.025472222409));
#3071=CARTESIAN_POINT('Ctrl Pts',(-30.7714007485621,7.0470993066091,-210.862294935945));
#3072=CARTESIAN_POINT('Ctrl Pts',(-30.4816008289612,8.36012657333366,-210.418390813411));
#3073=CARTESIAN_POINT('Ctrl Pts',(-29.6653688688489,9.97250267142317,-209.691237692403));
#3074=CARTESIAN_POINT('Ctrl Pts',(-27.7874697332322,11.594042543656,-208.789725114231));
#3075=CARTESIAN_POINT('Ctrl Pts',(-25.6111576785961,12.1281460961671,-208.284541652432));
#3076=CARTESIAN_POINT('Ctrl Pts',(-24.4889080533053,12.1281460961671,-208.08239111906));
#3077=CARTESIAN_POINT('Ctrl Pts',(-24.4889080533053,9.12814609616706,-211.08239111906));
#3078=CARTESIAN_POINT('Ctrl Pts',(-25.1849869348154,9.12814609616706,-211.08239111906));
#3079=CARTESIAN_POINT('Ctrl Pts',(-26.5801530456993,8.82294406616077,-211.08239111906));
#3080=CARTESIAN_POINT('Ctrl Pts',(-28.0771150468427,7.8963498534563,-211.08239111906));
#3081=CARTESIAN_POINT('Ctrl Pts',(-29.1255231481638,6.9749920831194,-211.08239111906));
#3082=CARTESIAN_POINT('Ctrl Pts',(-29.8531931216005,6.22469078784841,-211.08239111906));
#3083=CARTESIAN_POINT('Ctrl Pts',(-30.3140967770057,5.70280630286848,-211.08239111906));
#3084=CARTESIAN_POINT('Ctrl Pts',(-30.5427336158627,5.44020274922505,-211.08239111906));
#3085=CARTESIAN_POINT('Origin',(-30.6759830815632,12.1281460961671,-208.08239111906));
#3086=CARTESIAN_POINT('',(-30.955287735754,5.12814609616706,-211.069360973302));
#3087=CARTESIAN_POINT('',(-30.6759830815632,5.12814609616706,-211.08239111906));
#3088=CARTESIAN_POINT('Origin',(-30.6759830815632,5.12814609616706,-208.08239111906));
#3089=CARTESIAN_POINT('',(-30.6759830815632,-5.37185390383294,-211.08239111906));
#3090=CARTESIAN_POINT('',(-30.6759830815632,12.1281460961671,-211.08239111906));
#3091=CARTESIAN_POINT('',(-30.955287735754,-5.37185390383294,-211.069360973302));
#3092=CARTESIAN_POINT('Origin',(-30.6759830815632,-5.37185390383294,-208.08239111906));
#3093=CARTESIAN_POINT('',(-30.955287735754,12.1281460961671,-211.069360973302));
#3094=CARTESIAN_POINT('Ctrl Pts',(-30.5427336158626,5.44020274922497,-211.08239111906));
#3095=CARTESIAN_POINT('Ctrl Pts',(-30.6186503166486,5.35300772191895,-211.08239111906));
#3096=CARTESIAN_POINT('Ctrl Pts',(-30.6759830815632,5.24375889063696,-211.08239111906));
#3097=CARTESIAN_POINT('Ctrl Pts',(-30.6759830815632,5.12814609616706,-211.08239111906));
#3098=CARTESIAN_POINT('Ctrl Pts',(-30.6325498540354,5.51840161778159,-211.08239111906));
#3099=CARTESIAN_POINT('Ctrl Pts',(-30.7104102451426,5.40931607309337,-211.082390341101));
#3100=CARTESIAN_POINT('Ctrl Pts',(-30.7692196594429,5.27270401619985,-211.08239111906));
#3101=CARTESIAN_POINT('Ctrl Pts',(-30.7692196594429,5.12814609616706,-211.08239111906));
#3102=CARTESIAN_POINT('Ctrl Pts',(-30.722365791333,5.59660022437996,-211.075291740695));
#3103=CARTESIAN_POINT('Ctrl Pts',(-30.8021700141785,5.4656243756021,-211.076831822753));
#3104=CARTESIAN_POINT('Ctrl Pts',(-30.8624561199409,5.30164910017229,-211.078041443349));
#3105=CARTESIAN_POINT('Ctrl Pts',(-30.8624561199409,5.12814609616706,-211.078041443349));
#3106=CARTESIAN_POINT('Ctrl Pts',(-30.8115458940175,5.6742452390184,-211.061143218864));
#3107=CARTESIAN_POINT('Ctrl Pts',(-30.8934178493478,5.52165394123286,-211.065744024828));
#3108=CARTESIAN_POINT('Ctrl Pts',(-30.955287735754,5.33046848648939,-211.069360973302));
#3109=CARTESIAN_POINT('Ctrl Pts',(-30.955287735754,5.12814609616706,-211.069360973302));
#3110=CARTESIAN_POINT('Ctrl Pts',(-30.955287735754,5.12814609616706,-211.069360973302));
#3111=CARTESIAN_POINT('Ctrl Pts',(-30.955287735754,5.33046848648939,-211.069360973302));
#3112=CARTESIAN_POINT('Ctrl Pts',(-30.8934178493478,5.52165394123286,-211.065744024828));
#3113=CARTESIAN_POINT('Ctrl Pts',(-30.8115458940175,5.6742452390184,-211.061143218864));
#3114=CARTESIAN_POINT('Ctrl Pts',(-30.5427336158626,5.44020274922497,-211.08239111906));
#3115=CARTESIAN_POINT('Ctrl Pts',(-30.6186503166486,5.35300772191895,-211.08239111906));
#3116=CARTESIAN_POINT('Ctrl Pts',(-30.6759830815632,5.24375889063696,-211.08239111906));
#3117=CARTESIAN_POINT('Ctrl Pts',(-30.6759830815632,5.12814609616706,-211.08239111906));
#3118=CARTESIAN_POINT('Ctrl Pts',(-30.5427336158622,-5.68391055689111,-211.08239111906));
#3119=CARTESIAN_POINT('Ctrl Pts',(-30.0854599381476,-6.2091176641781,-211.08239111906));
#3120=CARTESIAN_POINT('Ctrl Pts',(-29.3876397963118,-6.98823541721671,-211.08239111906));
#3121=CARTESIAN_POINT('Ctrl Pts',(-28.0786068541539,-8.14051790389481,-211.08239111906));
#3122=CARTESIAN_POINT('Ctrl Pts',(-26.8791085987023,-8.88109513983911,-211.08239111906));
#3123=CARTESIAN_POINT('Ctrl Pts',(-25.5385064848529,-9.29636576452174,-211.08239111906));
#3124=CARTESIAN_POINT('Ctrl Pts',(-24.8369474940603,-9.37185390383294,-211.08239111906));
#3125=CARTESIAN_POINT('Ctrl Pts',(-24.4889080533053,-9.37185390383294,-211.08239111906));
#3126=CARTESIAN_POINT('Ctrl Pts',(-30.5940571805324,-5.72859562463783,-211.08239111906));
#3127=CARTESIAN_POINT('Ctrl Pts',(-30.2226501393618,-6.32936539614193,-211.08239321315));
#3128=CARTESIAN_POINT('Ctrl Pts',(-29.6449804606888,-7.22499718095092,-211.079872398569));
#3129=CARTESIAN_POINT('Ctrl Pts',(-28.4358390456286,-8.60097022770398,-211.080260896379));
#3130=CARTESIAN_POINT('Ctrl Pts',(-27.209910539419,-9.53719188328636,-211.079805181436));
#3131=CARTESIAN_POINT('Ctrl Pts',(-25.7167856016392,-10.1170808222663,-211.081781442439));
#3132=CARTESIAN_POINT('Ctrl Pts',(-24.900958667004,-10.2498136051395,-211.08166592295));
#3133=CARTESIAN_POINT('Ctrl Pts',(-24.4889080533053,-10.2694518048586,-211.08239111906));
#3134=CARTESIAN_POINT('Ctrl Pts',(-30.6838733865462,-5.8067944651951,-211.078337416159));
#3135=CARTESIAN_POINT('Ctrl Pts',(-30.4627325145274,-6.53979851098381,-211.064704535563));
#3136=CARTESIAN_POINT('Ctrl Pts',(-30.0954849533613,-7.6424720590881,-210.990965627029));
#3137=CARTESIAN_POINT('Ctrl Pts',(-29.059752810495,-9.4092614475501,-210.79108462384));
#3138=CARTESIAN_POINT('Ctrl Pts',(-27.7843989610565,-10.6855308735776,-210.605504021827));
#3139=CARTESIAN_POINT('Ctrl Pts',(-26.0244101211242,-11.5435675642321,-210.438173085123));
#3140=CARTESIAN_POINT('Ctrl Pts',(-25.0110095208432,-11.7722514507828,-210.363237186607));
#3141=CARTESIAN_POINT('Ctrl Pts',(-24.4889080533053,-11.8233003075392,-210.328884645017));
#3142=CARTESIAN_POINT('Ctrl Pts',(-30.7733258500097,-5.88467661183983,-211.067206871077));
#3143=CARTESIAN_POINT('Ctrl Pts',(-30.7006206352963,-6.74831550194907,-211.016200116595));
#3144=CARTESIAN_POINT('Ctrl Pts',(-30.5161580829917,-8.03737887233427,-210.738900228465));
#3145=CARTESIAN_POINT('Ctrl Pts',(-29.5169161484429,-10.0151862241542,-210.060761179149));
#3146=CARTESIAN_POINT('Ctrl Pts',(-28.0977026455708,-11.3539532061271,-209.495909214092));
#3147=CARTESIAN_POINT('Ctrl Pts',(-26.1509951066901,-12.1688373147636,-209.036993384902));
#3148=CARTESIAN_POINT('Ctrl Pts',(-25.0501813354491,-12.3489966134594,-208.842505652706));
#3149=CARTESIAN_POINT('Ctrl Pts',(-24.4889080533053,-12.3718539038329,-208.75558954483));
#3150=CARTESIAN_POINT('Ctrl Pts',(-30.8115458940174,-5.91795304668492,-211.061143218864));
#3151=CARTESIAN_POINT('Ctrl Pts',(-30.8018690587085,-6.83706548443715,-210.989801225953));
#3152=CARTESIAN_POINT('Ctrl Pts',(-30.6866381040295,-8.20052155225413,-210.600745981357));
#3153=CARTESIAN_POINT('Ctrl Pts',(-29.6637234014023,-10.2170159039411,-209.691153926976));
#3154=CARTESIAN_POINT('Ctrl Pts',(-28.1622227202861,-11.5130260668437,-208.969971197009));
#3155=CARTESIAN_POINT('Ctrl Pts',(-26.1605784651213,-12.2397496600383,-208.413190461922));
#3156=CARTESIAN_POINT('Ctrl Pts',(-25.0500328659511,-12.3718539038329,-208.183466385746));
#3157=CARTESIAN_POINT('Ctrl Pts',(-24.4889080533053,-12.3718539038329,-208.08239111906));
#3158=CARTESIAN_POINT('',(-30.8115458940175,-5.91795304668624,-211.061143218864));
#3159=CARTESIAN_POINT('',(-30.5427336158616,-5.68391055689201,-211.08239111906));
#3160=CARTESIAN_POINT('Origin',(-30.5427336158616,-5.68391055689201,-208.08239111906));
#3161=CARTESIAN_POINT('',(-24.4889080533053,-9.37185390383294,-211.08239111906));
#3162=CARTESIAN_POINT('Ctrl Pts',(-30.5427336158622,-5.68391055689111,-211.08239111906));
#3163=CARTESIAN_POINT('Ctrl Pts',(-30.0854599381476,-6.2091176641781,-211.08239111906));
#3164=CARTESIAN_POINT('Ctrl Pts',(-29.3876397963118,-6.98823541721671,-211.08239111906));
#3165=CARTESIAN_POINT('Ctrl Pts',(-28.0786068541539,-8.14051790389481,-211.08239111906));
#3166=CARTESIAN_POINT('Ctrl Pts',(-26.8791085987023,-8.88109513983911,-211.08239111906));
#3167=CARTESIAN_POINT('Ctrl Pts',(-25.5385064848529,-9.29636576452174,-211.08239111906));
#3168=CARTESIAN_POINT('Ctrl Pts',(-24.8369474940603,-9.37185390383294,-211.08239111906));
#3169=CARTESIAN_POINT('Ctrl Pts',(-24.4889080533053,-9.37185390383294,-211.08239111906));
#3170=CARTESIAN_POINT('',(-24.4889080533053,-12.3718539038329,-208.08239111906));
#3171=CARTESIAN_POINT('Origin',(-24.4889080533053,-9.37185390383294,-208.08239111906));
#3172=CARTESIAN_POINT('Ctrl Pts',(-24.4889080533053,-12.3718539038329,-208.08239111906));
#3173=CARTESIAN_POINT('Ctrl Pts',(-25.0500328659511,-12.3718539038329,-208.183466385746));
#3174=CARTESIAN_POINT('Ctrl Pts',(-26.1605784651213,-12.2397496600383,-208.413190461922));
#3175=CARTESIAN_POINT('Ctrl Pts',(-28.1622227202861,-11.5130260668437,-208.969971197009));
#3176=CARTESIAN_POINT('Ctrl Pts',(-29.6637234014023,-10.2170159039411,-209.691153926976));
#3177=CARTESIAN_POINT('Ctrl Pts',(-30.6866381040295,-8.20052155225413,-210.600745981357));
#3178=CARTESIAN_POINT('Ctrl Pts',(-30.8018690587085,-6.83706548443715,-210.989801225953));
#3179=CARTESIAN_POINT('Ctrl Pts',(-30.8115458940174,-5.91795304668492,-211.061143218864));
#3180=CARTESIAN_POINT('Origin',(-31.1345261263795,-9.37185390383294,-208.08239111906));
#3181=CARTESIAN_POINT('',(2.24638148425623,-9.37185390383294,-211.08239111906));
#3182=CARTESIAN_POINT('',(1.54267905496708,-12.3718539038329,-208.08239111906));
#3183=CARTESIAN_POINT('Origin',(1.54267905496708,-9.37185390383294,-208.08239111906));
#3184=CARTESIAN_POINT('',(-31.1345261263795,-12.3718539038329,-208.08239111906));
#3185=CARTESIAN_POINT('',(-31.1345261263795,-9.37185390383294,-211.08239111906));
#3186=CARTESIAN_POINT('Ctrl Pts',(-30.6759830815632,-5.37185390383294,-211.08239111906));
#3187=CARTESIAN_POINT('Ctrl Pts',(-30.6759830815632,-5.48746793742507,-211.08239111906));
#3188=CARTESIAN_POINT('Ctrl Pts',(-30.6186511303133,-5.59671459504138,-211.08239111906));
#3189=CARTESIAN_POINT('Ctrl Pts',(-30.5427336158623,-5.68391055689172,-211.08239111906));
#3190=CARTESIAN_POINT('Ctrl Pts',(-30.7692196594429,-5.37185390383294,-211.08239111906));
#3191=CARTESIAN_POINT('Ctrl Pts',(-30.7692196594429,-5.51641337321787,-211.08239111906));
#3192=CARTESIAN_POINT('Ctrl Pts',(-30.7104110796395,-5.65302271159646,-211.082390341093));
#3193=CARTESIAN_POINT('Ctrl Pts',(-30.6325498540351,-5.76210942544856,-211.08239111906));
#3194=CARTESIAN_POINT('Ctrl Pts',(-30.8624561199409,-5.37185390383294,-211.078041443349));
#3195=CARTESIAN_POINT('Ctrl Pts',(-30.8624561199409,-5.5453587674198,-211.078041443349));
#3196=CARTESIAN_POINT('Ctrl Pts',(-30.8021708695091,-5.70933077948815,-211.07683183926));
#3197=CARTESIAN_POINT('Ctrl Pts',(-30.7223657913326,-5.84030803204715,-211.075291740695));
#3198=CARTESIAN_POINT('Ctrl Pts',(-30.955287735754,-5.37185390383294,-211.069360973302));
#3199=CARTESIAN_POINT('Ctrl Pts',(-30.955287735754,-5.57417846261916,-211.069360973302));
#3200=CARTESIAN_POINT('Ctrl Pts',(-30.8934187268401,-5.76536011344772,-211.065744074138));
#3201=CARTESIAN_POINT('Ctrl Pts',(-30.8115458940172,-5.9179530466858,-211.061143218864));
#3202=CARTESIAN_POINT('Ctrl Pts',(-30.8115458940172,-5.9179530466858,-211.061143218864));
#3203=CARTESIAN_POINT('Ctrl Pts',(-30.8934187268401,-5.76536011344772,-211.065744074138));
#3204=CARTESIAN_POINT('Ctrl Pts',(-30.955287735754,-5.57417846261916,-211.069360973302));
#3205=CARTESIAN_POINT('Ctrl Pts',(-30.955287735754,-5.37185390383294,-211.069360973302));
#3206=CARTESIAN_POINT('Ctrl Pts',(-30.6759830815632,-5.37185390383294,-211.08239111906));
#3207=CARTESIAN_POINT('Ctrl Pts',(-30.6759830815632,-5.48746793742507,-211.08239111906));
#3208=CARTESIAN_POINT('Ctrl Pts',(-30.6186511303133,-5.59671459504138,-211.08239111906));
#3209=CARTESIAN_POINT('Ctrl Pts',(-30.5427336158623,-5.68391055689172,-211.08239111906));
#3210=CARTESIAN_POINT('Origin',(-26.8591397934228,5.12814609616706,-167.263895369063));
#3211=CARTESIAN_POINT('',(-70.6967126900915,5.12814609616706,-171.000798806257));
#3212=CARTESIAN_POINT('Origin',(-26.8591397934228,5.12814609616706,-167.263895369063));
#3213=CARTESIAN_POINT('',(-63.6374105820977,12.1281460961671,-171.276900484009));
#3214=CARTESIAN_POINT('Ctrl Pts',(-70.6967126900915,5.12814609616706,-171.000798806257));
#3215=CARTESIAN_POINT('Ctrl Pts',(-70.6967126900915,6.03245436425985,-171.000798806257));
#3216=CARTESIAN_POINT('Ctrl Pts',(-70.5201810717034,6.92770942747051,-171.00876818624));
#3217=CARTESIAN_POINT('Ctrl Pts',(-69.8331925834865,8.60475052047601,-171.03899852511));
#3218=CARTESIAN_POINT('Ctrl Pts',(-69.3281900400329,9.36935180038654,-171.060992022563));
#3219=CARTESIAN_POINT('Ctrl Pts',(-68.0492775060174,10.6696880162253,-171.114342129337));
#3220=CARTESIAN_POINT('Ctrl Pts',(-67.2855085225288,11.1907056160575,-171.14521518752));
#3221=CARTESIAN_POINT('Ctrl Pts',(-66.0040206550858,11.7407445823981,-171.193931226027));
#3222=CARTESIAN_POINT('Ctrl Pts',(-65.5461667337303,11.8845065314566,-171.210835192762));
#3223=CARTESIAN_POINT('Ctrl Pts',(-64.6081502811914,12.0780250591867,-171.244238893572));
#3224=CARTESIAN_POINT('Ctrl Pts',(-64.130256242029,12.1272139264772,-171.260655118936));
#3225=CARTESIAN_POINT('Ctrl Pts',(-63.6465333386067,12.1281417217677,-171.276599951765));
#3226=CARTESIAN_POINT('Ctrl Pts',(-63.6419719618499,12.1281460961671,-171.276750247649));
#3227=CARTESIAN_POINT('Ctrl Pts',(-63.6374105820977,12.1281460961671,-171.276900484009));
#3228=CARTESIAN_POINT('',(-30.1843172449893,12.1281460961671,-204.110721652656));
#3229=CARTESIAN_POINT('Origin',(-26.8591397934228,12.1281460961671,-167.263895369063));
#3230=CARTESIAN_POINT('Origin',(-30.1843172449893,5.12814609616706,-204.110721652656));
#3231=CARTESIAN_POINT('Origin',(-26.8591397934228,12.1281460961671,-167.263895369063));
#3232=CARTESIAN_POINT('',(-70.6967126900915,-5.37185390383294,-171.000798806257));
#3233=CARTESIAN_POINT('Origin',(-26.8591397934228,-5.37185390383294,-167.263895369063));
#3234=CARTESIAN_POINT('',(-70.6967126900915,12.1281460961671,-171.000798806257));
#3235=CARTESIAN_POINT('Origin',(-26.8591397934228,-5.37185390383294,-167.263895369063));
#3236=CARTESIAN_POINT('',(-30.1843172449893,-12.3718539038329,-204.110721652656));
#3237=CARTESIAN_POINT('Origin',(-30.1843172449893,-5.37185390383294,-204.110721652656));
#3238=CARTESIAN_POINT('',(-63.6374105820978,-12.3718539038329,-171.276900484009));
#3239=CARTESIAN_POINT('Origin',(-26.8591397934228,-12.3718539038329,-167.263895369063));
#3240=CARTESIAN_POINT('Ctrl Pts',(-63.6374105820977,-12.3718539038329,-171.276900484009));
#3241=CARTESIAN_POINT('Ctrl Pts',(-63.6419719618214,-12.3718539038329,-171.27675024765));
#3242=CARTESIAN_POINT('Ctrl Pts',(-63.6465333386341,-12.3718495294335,-171.276599951758));
#3243=CARTESIAN_POINT('Ctrl Pts',(-64.1302562407647,-12.3709217341456,-171.260655119117));
#3244=CARTESIAN_POINT('Ctrl Pts',(-64.6081502809481,-12.3217328669027,-171.24423889358));
#3245=CARTESIAN_POINT('Ctrl Pts',(-65.5461667337298,-12.1282143391226,-171.210835192762));
#3246=CARTESIAN_POINT('Ctrl Pts',(-66.0040206550856,-11.9844523900641,-171.193931226027));
#3247=CARTESIAN_POINT('Ctrl Pts',(-67.2855085225288,-11.4344134237233,-171.14521518752));
#3248=CARTESIAN_POINT('Ctrl Pts',(-68.0492775060174,-10.9133958238912,-171.114342129337));
#3249=CARTESIAN_POINT('Ctrl Pts',(-69.3281900400329,-9.61305960805241,-171.060992022563));
#3250=CARTESIAN_POINT('Ctrl Pts',(-69.8331925834865,-8.84845832814187,-171.03899852511));
#3251=CARTESIAN_POINT('Ctrl Pts',(-70.5201810717034,-7.17141723513634,-171.00876818624));
#3252=CARTESIAN_POINT('Ctrl Pts',(-70.6967126900915,-6.2761621719257,-171.000798806257));
#3253=CARTESIAN_POINT('Ctrl Pts',(-70.6967126900915,-5.37185390383294,-171.000798806257));
#3254=CARTESIAN_POINT('Ctrl Pts',(-30.7941877150812,-5.91795304668529,-211.073247871393));
#3255=CARTESIAN_POINT('Ctrl Pts',(-30.799409963671,-5.91795304668529,-211.062238404692));
#3256=CARTESIAN_POINT('Ctrl Pts',(-30.8115458940176,-5.91795304668529,-211.061143218864));
#3257=CARTESIAN_POINT('Ctrl Pts',(-30.337884696322,-12.371853903833,-210.856804345019));
#3258=CARTESIAN_POINT('Ctrl Pts',(-30.4667306223453,-12.371853903833,-210.585173282708));
#3259=CARTESIAN_POINT('Ctrl Pts',(-30.7661543584545,-12.371853903833,-210.558152310858));
#3260=CARTESIAN_POINT('Ctrl Pts',(-24.4889080533053,-12.3718539038329,-208.08239111906));
#3261=CARTESIAN_POINT('Ctrl Pts',(-26.2023851829498,-12.3718539038329,-204.470064153538));
#3262=CARTESIAN_POINT('Ctrl Pts',(-30.1843172449918,-12.3718539038329,-204.110721652655));
#3263=CARTESIAN_POINT('Origin',(-30.8134633736421,-12.3718539038329,-211.08239111906));
#3264=CARTESIAN_POINT('Origin',(-31.455588879117,-12.3718539038329,-71.626513563072));
#3265=CARTESIAN_POINT('',(-6.01516822468319,-12.3718539038329,-175.862036470214));
#3266=CARTESIAN_POINT('',(-1.05141492569685,-12.3718539038329,-197.023338857648));
#3267=CARTESIAN_POINT('',(-32.1780742294626,-12.3718539038329,-175.862036470214));
#3268=CARTESIAN_POINT('',(-19.5563647194041,-12.3718539038329,-175.862036470214));
#3269=CARTESIAN_POINT('',(-11.0530847454086,-12.3718539038329,-56.0562676696835));
#3270=CARTESIAN_POINT('',(-22.764697911238,-12.3718539038329,-122.476126495447));
#3271=CARTESIAN_POINT('',(-17.930430473562,-12.3718539038329,-26.3073572318665));
#3272=CARTESIAN_POINT('',(-11.1379965676074,-12.3718539038329,-55.6889698350898));
#3273=CARTESIAN_POINT('',(-16.9910001537365,-12.3718539038329,-25.0827262474729));
#3274=CARTESIAN_POINT('Origin',(-16.9561269861745,-12.3718539038329,-26.0821179935786));
#3275=CARTESIAN_POINT('',(-16.9910001537365,-12.3718539038329,-21.0809133859429));
#3276=CARTESIAN_POINT('',(-16.9910001537365,-12.3718539038329,-18.0821179935785));
#3277=CARTESIAN_POINT('',(-19.9058237765783,-12.3718539038329,-18.0502421577319));
#3278=CARTESIAN_POINT('Origin',(-16.9059931261767,-12.3718539038329,-18.0821179935785));
#3279=CARTESIAN_POINT('',(-19.6896469005074,-12.3718539038329,2.29413475098953));
#3280=CARTESIAN_POINT('',(-20.1910910788976,-12.3718539038329,-44.896709844747));
#3281=CARTESIAN_POINT('',(-19.8145696976379,-12.3718539038329,2.29413475098952));
#3282=CARTESIAN_POINT('',(7.79258734863883,-12.3718539038329,2.29413475098952));
#3283=CARTESIAN_POINT('',(-19.8145696976379,-12.3718539038329,6.75));
#3284=CARTESIAN_POINT('',(-19.8145696976379,-12.3718539038329,-34.563256781536));
#3285=CARTESIAN_POINT('',(-29.2001848992089,-12.3718539038329,6.75));
#3286=CARTESIAN_POINT('',(-30.3278868891629,-12.3718539038329,6.75));
#3287=CARTESIAN_POINT('',(-38.1399783443679,-12.3718539038329,-43.9500880366723));
#3288=CARTESIAN_POINT('',(-34.2376333289228,-12.3718539038329,-21.8187896966986));
#3289=CARTESIAN_POINT('',(-36.3761459322037,-12.3718539038329,-43.9814335774747));
#3290=CARTESIAN_POINT('Ctrl Pts',(-36.3761459322037,-12.3718539038329,-43.9814335774747));
#3291=CARTESIAN_POINT('Ctrl Pts',(-36.6573181438573,-12.3718539038329,-43.9318553303347));
#3292=CARTESIAN_POINT('Ctrl Pts',(-36.9691690332713,-12.3718539038329,-43.9046143415387));
#3293=CARTESIAN_POINT('Ctrl Pts',(-37.5755588619858,-12.3718539038329,-43.9007685753444));
#3294=CARTESIAN_POINT('Ctrl Pts',(-37.8700282275715,-12.3718539038329,-43.9205384863494));
#3295=CARTESIAN_POINT('Ctrl Pts',(-38.1399783443708,-12.3718539038329,-43.9500880366726));
#3296=CARTESIAN_POINT('',(-24.6937148380918,-12.3718539038329,-46.0413613796342));
#3297=CARTESIAN_POINT('',(-24.6600535801781,-12.3718539038329,-46.0472967676089));
#3298=CARTESIAN_POINT('',(-20.0952669033506,-12.3718539038329,-49.8984716555694));
#3299=CARTESIAN_POINT('Ctrl Pts',(-20.0952669033506,-12.3718539038329,-49.8984716555694));
#3300=CARTESIAN_POINT('Ctrl Pts',(-20.0972458670897,-12.3718539038329,-49.8956479633395));
#3301=CARTESIAN_POINT('Ctrl Pts',(-20.0992246625494,-12.3718539038329,-49.8928245112188));
#3302=CARTESIAN_POINT('Ctrl Pts',(-20.3324580469462,-12.3718539038329,-49.5600361096081));
#3303=CARTESIAN_POINT('Ctrl Pts',(-20.5615754326812,-12.3718539038329,-49.2333030257416));
#3304=CARTESIAN_POINT('Ctrl Pts',(-21.0415135536841,-12.3718539038329,-48.5912197669757));
#3305=CARTESIAN_POINT('Ctrl Pts',(-21.2909034505514,-12.3718539038329,-48.2778606836312));
#3306=CARTESIAN_POINT('Ctrl Pts',(-21.9954028809257,-12.3718539038329,-47.4944990247308));
#3307=CARTESIAN_POINT('Ctrl Pts',(-22.5350177145163,-12.3718539038329,-46.9904507454195));
#3308=CARTESIAN_POINT('Ctrl Pts',(-23.7179610571706,-12.3718539038329,-46.2991507265051));
#3309=CARTESIAN_POINT('Ctrl Pts',(-24.2249625919191,-12.3718539038329,-46.1240150479021));
#3310=CARTESIAN_POINT('Ctrl Pts',(-24.6937148380918,-12.3718539038329,-46.0413613796342));
#3311=CARTESIAN_POINT('',(-42.7117117124499,-12.3718539038329,-159.372508467712));
#3312=CARTESIAN_POINT('',(-33.5413519440657,-12.3718539038329,-114.983732453687));
#3313=CARTESIAN_POINT('',(-58.0412989908297,-12.3718539038329,-159.372508467712));
#3314=CARTESIAN_POINT('',(-44.7093365910142,-12.3718539038329,-159.372508467712));
#3315=CARTESIAN_POINT('',(-58.492065245037,-12.3718539038329,-159.372508467712));
#3316=CARTESIAN_POINT('',(-44.7093365910142,-12.3718539038329,-159.372508467712));
#3317=CARTESIAN_POINT('',(-60.1653250660665,-12.3718539038329,-168.862036470214));
#3318=CARTESIAN_POINT('',(-34.2376333289228,-12.3718539038329,-21.8187896966986));
#3319=CARTESIAN_POINT('',(-63.2116049017238,-12.3718539038329,-168.862036470214));
#3320=CARTESIAN_POINT('',(-20.9411530813044,-12.3718539038329,-168.862036470214));
#3321=CARTESIAN_POINT('',(-37.1920565879595,-12.3718539038329,-21.2978451636979));
#3322=CARTESIAN_POINT('Ctrl Pts',(-32.1780742294626,-12.3718539038329,-175.862036470214));
#3323=CARTESIAN_POINT('Ctrl Pts',(-32.1758718228575,-12.3718539038329,-175.857394246853));
#3324=CARTESIAN_POINT('Ctrl Pts',(-32.1736694833885,-12.3718532555573,-175.852752172921));
#3325=CARTESIAN_POINT('Ctrl Pts',(-31.8903935013939,-12.371665075871,-175.255662730245));
#3326=CARTESIAN_POINT('Ctrl Pts',(-31.3271333317098,-12.3486767672435,-174.068420128325));
#3327=CARTESIAN_POINT('Ctrl Pts',(-30.486619705787,-12.2446955551289,-172.293901675064));
#3328=CARTESIAN_POINT('Ctrl Pts',(-29.6621118266129,-12.0706680107529,-170.547274261766));
#3329=CARTESIAN_POINT('Ctrl Pts',(-28.8520193732828,-11.8202921169104,-168.82134712869));
#3330=CARTESIAN_POINT('Ctrl Pts',(-28.0745753621283,-11.4899978423295,-167.150005530226));
#3331=CARTESIAN_POINT('Ctrl Pts',(-27.3420783779457,-11.0728059820626,-165.55301576928));
#3332=CARTESIAN_POINT('Ctrl Pts',(-26.6713738939935,-10.5567918501834,-164.056607545062));
#3333=CARTESIAN_POINT('Ctrl Pts',(-26.10027331249,-9.93759811968442,-162.728370770676));
#3334=CARTESIAN_POINT('Ctrl Pts',(-25.6674725209954,-9.2023782738712,-161.6298757896));
#3335=CARTESIAN_POINT('Ctrl Pts',(-25.5207328572208,-8.65323047669453,-161.141459311405));
#3336=CARTESIAN_POINT('Ctrl Pts',(-25.4908005735792,-8.37185390383325,-160.971704895368));
#3337=CARTESIAN_POINT('Ctrl Pts',(-32.1780742294626,-12.3718539038329,-175.862036470214));
#3338=CARTESIAN_POINT('Ctrl Pts',(-32.1756481238255,-12.3718535306867,-175.857635318664));
#3339=CARTESIAN_POINT('Ctrl Pts',(-32.1732221179019,-12.3718533702443,-175.853233417186));
#3340=CARTESIAN_POINT('Ctrl Pts',(-31.8611760740476,-12.3715793368269,-175.287131402392));
#3341=CARTESIAN_POINT('Ctrl Pts',(-31.2407054656111,-12.3397435707752,-174.161433211105));
#3342=CARTESIAN_POINT('Ctrl Pts',(-30.3211925454869,-12.1964070044463,-172.480678816399));
#3343=CARTESIAN_POINT('Ctrl Pts',(-29.4319384434104,-11.9594117969333,-170.829871532574));
#3344=CARTESIAN_POINT('Ctrl Pts',(-28.5785382604477,-11.6251047638854,-169.204616948262));
#3345=CARTESIAN_POINT('Ctrl Pts',(-27.7883000598029,-11.1972104718979,-167.639844426563));
#3346=CARTESIAN_POINT('Ctrl Pts',(-27.0822153927779,-10.6796424082026,-166.158086843851));
#3347=CARTESIAN_POINT('Ctrl Pts',(-26.4854065471329,-10.0796899480648,-164.788771803887));
#3348=CARTESIAN_POINT('Ctrl Pts',(-26.0368636631126,-9.42475489973314,-163.598938335487));
#3349=CARTESIAN_POINT('Ctrl Pts',(-25.7591226000875,-8.74877226758475,-162.644134676331));
#3350=CARTESIAN_POINT('Ctrl Pts',(-25.695097614121,-8.32413234123486,-162.231862577805));
#3351=CARTESIAN_POINT('Ctrl Pts',(-25.6875526352827,-8.11944884537963,-162.08754128588));
#3352=CARTESIAN_POINT('Ctrl Pts',(-32.1780742294626,-12.3718539038329,-175.862036470214));
#3353=CARTESIAN_POINT('Ctrl Pts',(-32.1752013509832,-12.3718531725997,-175.858116543276));
#3354=CARTESIAN_POINT('Ctrl Pts',(-32.172326740366,-12.3718533479675,-175.854196861428));
#3355=CARTESIAN_POINT('Ctrl Pts',(-31.8027769387557,-12.3714593848621,-175.350015012119));
#3356=CARTESIAN_POINT('Ctrl Pts',(-31.0678201934052,-12.3265153068588,-174.347508802434));
#3357=CARTESIAN_POINT('Ctrl Pts',(-29.9849699393179,-12.1246344671768,-172.855188961382));
#3358=CARTESIAN_POINT('Ctrl Pts',(-28.950432818805,-11.7929251980165,-171.398811221809));
#3359=CARTESIAN_POINT('Ctrl Pts',(-27.9788004623391,-11.3301201742289,-169.980396160719));
#3360=CARTESIAN_POINT('Ctrl Pts',(-27.1109282337436,-10.7487053677276,-168.63789335729));
#3361=CARTESIAN_POINT('Ctrl Pts',(-26.3819272612856,-10.066656825759,-167.399527887315));
#3362=CARTESIAN_POINT('Ctrl Pts',(-25.8321696160275,-9.31812658674294,-166.301500222778));
#3363=CARTESIAN_POINT('Ctrl Pts',(-25.5100390275153,-8.57929123524321,-165.407861800562));
#3364=CARTESIAN_POINT('Ctrl Pts',(-25.4233600964199,-7.96054303057093,-164.759291861937));
#3365=CARTESIAN_POINT('Ctrl Pts',(-25.4728286866182,-7.709490367456,-164.507862394873));
#3366=CARTESIAN_POINT('Ctrl Pts',(-25.4982846075158,-7.61600797228643,-164.415731144913));
#3367=CARTESIAN_POINT('Ctrl Pts',(-32.1780742294626,-12.3718539038329,-175.862036470214));
#3368=CARTESIAN_POINT('Ctrl Pts',(-32.1744177537375,-12.371852911319,-175.858960139022));
#3369=CARTESIAN_POINT('Ctrl Pts',(-32.1707616647969,-12.3718534187165,-175.855881380149));
#3370=CARTESIAN_POINT('Ctrl Pts',(-31.7004721787047,-12.3713893556912,-175.46014558033));
#3371=CARTESIAN_POINT('Ctrl Pts',(-30.7653630146193,-12.3195895425143,-174.673066622201));
#3372=CARTESIAN_POINT('Ctrl Pts',(-29.3831036077659,-12.0866876768689,-173.508068870829));
#3373=CARTESIAN_POINT('Ctrl Pts',(-28.0539281695376,-11.7036686852905,-172.384149584037));
#3374=CARTESIAN_POINT('Ctrl Pts',(-26.7918092424639,-11.1685753327918,-171.310818752017));
#3375=CARTESIAN_POINT('Ctrl Pts',(-25.6451313759612,-10.495441739396,-170.325862608164));
#3376=CARTESIAN_POINT('Ctrl Pts',(-24.6552963814664,-9.70494506728185,-169.460822419075));
#3377=CARTESIAN_POINT('Ctrl Pts',(-23.8731553230647,-8.83800883788691,-168.753206770118));
#3378=CARTESIAN_POINT('Ctrl Pts',(-23.3661206635349,-7.9871530122839,-168.254551149854));
#3379=CARTESIAN_POINT('Ctrl Pts',(-23.1618969431561,-7.29052164978265,-167.980059980315));
#3380=CARTESIAN_POINT('Ctrl Pts',(-23.1915592612124,-7.03268880668585,-167.90871102192));
#3381=CARTESIAN_POINT('Ctrl Pts',(-23.2208487894556,-6.94518676394358,-167.875085212162));
#3382=CARTESIAN_POINT('Ctrl Pts',(-32.1780742294626,-12.3718539038329,-175.862036470214));
#3383=CARTESIAN_POINT('Ctrl Pts',(-32.173859106085,-12.3718534457347,-175.859561148644));
#3384=CARTESIAN_POINT('Ctrl Pts',(-32.1696426530229,-12.3718531528832,-175.857086240853));
#3385=CARTESIAN_POINT('Ctrl Pts',(-31.627457821524,-12.3714902899564,-175.538716500692));
#3386=CARTESIAN_POINT('Ctrl Pts',(-30.5492731701953,-12.3290683488574,-174.905692717523));
#3387=CARTESIAN_POINT('Ctrl Pts',(-28.9459483644332,-12.138099845895,-173.96700812467));
#3388=CARTESIAN_POINT('Ctrl Pts',(-27.3842705006532,-11.8223872457193,-173.058080083452));
#3389=CARTESIAN_POINT('Ctrl Pts',(-25.868233873696,-11.3771843862889,-172.183819105767));
#3390=CARTESIAN_POINT('Ctrl Pts',(-24.4403216778098,-10.8077950958909,-171.371112204422));
#3391=CARTESIAN_POINT('Ctrl Pts',(-23.133401162453,-10.1202472909021,-170.639822333172));
#3392=CARTESIAN_POINT('Ctrl Pts',(-21.9899933401216,-9.32620139555407,-170.012997423043));
#3393=CARTESIAN_POINT('Ctrl Pts',(-21.0870253033543,-8.46595660644024,-169.525643625925));
#3394=CARTESIAN_POINT('Ctrl Pts',(-20.4883249324005,-7.59240273992175,-169.190664792467));
#3395=CARTESIAN_POINT('Ctrl Pts',(-20.3444216163513,-7.05965108992988,-169.062356239971));
#3396=CARTESIAN_POINT('Ctrl Pts',(-20.3371395117455,-6.80763656402693,-169.0105511937));
#3397=CARTESIAN_POINT('Ctrl Pts',(-32.1780742294626,-12.3718539038329,-175.862036470214));
#3398=CARTESIAN_POINT('Ctrl Pts',(-32.1735230971635,-12.3718539038329,-175.859922430392));
#3399=CARTESIAN_POINT('Ctrl Pts',(-32.1689721012187,-12.371853012454,-175.857808459175));
#3400=CARTESIAN_POINT('Ctrl Pts',(-31.5836008684618,-12.3715942653853,-175.585897509563));
#3401=CARTESIAN_POINT('Ctrl Pts',(-30.4196613276598,-12.3399853410224,-175.045234198545));
#3402=CARTESIAN_POINT('Ctrl Pts',(-28.6836578073523,-12.1970111743649,-174.23692448658));
#3403=CARTESIAN_POINT('Ctrl Pts',(-26.9824785987445,-11.9577233008479,-173.440901184228));
#3404=CARTESIAN_POINT('Ctrl Pts',(-25.3139862005169,-11.6134564468144,-172.653617152952));
#3405=CARTESIAN_POINT('Ctrl Pts',(-23.7172185107116,-11.1593018192656,-171.89018078896));
#3406=CARTESIAN_POINT('Ctrl Pts',(-22.2194322394953,-10.5856630113986,-171.159156483162));
#3407=CARTESIAN_POINT('Ctrl Pts',(-20.8582138204797,-9.8761435800646,-170.471830489707));
#3408=CARTESIAN_POINT('Ctrl Pts',(-19.7153218687187,-9.02475220062857,-169.85812322547));
#3409=CARTESIAN_POINT('Ctrl Pts',(-18.8767021228944,-8.01382491263544,-169.344654150398));
#3410=CARTESIAN_POINT('Ctrl Pts',(-18.6270785861354,-7.25874669151719,-169.109516512644));
#3411=CARTESIAN_POINT('Ctrl Pts',(-18.5971463024937,-6.87185390383331,-169.024639304625));
#3412=CARTESIAN_POINT('',(-18.5971463024937,-6.87185390383333,-169.024639304625));
#3413=CARTESIAN_POINT('',(-25.4908005735792,-8.3718539038331,-160.971704895368));
#3414=CARTESIAN_POINT('Origin',(-18.5971463024937,-8.37185390383371,-162.187242139037));
#3415=CARTESIAN_POINT('Ctrl Pts',(-25.4908005735792,-8.37185390383325,-160.971704895368));
#3416=CARTESIAN_POINT('Ctrl Pts',(-25.5207328572208,-8.65323047669453,-161.141459311405));
#3417=CARTESIAN_POINT('Ctrl Pts',(-25.6674725209954,-9.2023782738712,-161.6298757896));
#3418=CARTESIAN_POINT('Ctrl Pts',(-26.10027331249,-9.93759811968442,-162.728370770676));
#3419=CARTESIAN_POINT('Ctrl Pts',(-26.6713738939935,-10.5567918501834,-164.056607545062));
#3420=CARTESIAN_POINT('Ctrl Pts',(-27.3420783779457,-11.0728059820626,-165.55301576928));
#3421=CARTESIAN_POINT('Ctrl Pts',(-28.0745753621283,-11.4899978423295,-167.150005530226));
#3422=CARTESIAN_POINT('Ctrl Pts',(-28.8520193732828,-11.8202921169104,-168.82134712869));
#3423=CARTESIAN_POINT('Ctrl Pts',(-29.6621118266129,-12.0706680107529,-170.547274261766));
#3424=CARTESIAN_POINT('Ctrl Pts',(-30.486619705787,-12.2446955551289,-172.293901675064));
#3425=CARTESIAN_POINT('Ctrl Pts',(-31.3271333317098,-12.3486767672435,-174.068420128325));
#3426=CARTESIAN_POINT('Ctrl Pts',(-31.8903935013939,-12.371665075871,-175.255662730245));
#3427=CARTESIAN_POINT('Ctrl Pts',(-32.1736694833885,-12.3718532555573,-175.852752172921));
#3428=CARTESIAN_POINT('Ctrl Pts',(-32.1758718228575,-12.3718539038329,-175.857394246853));
#3429=CARTESIAN_POINT('Ctrl Pts',(-32.1780742294626,-12.3718539038329,-175.862036470214));
#3430=CARTESIAN_POINT('Ctrl Pts',(-32.1780742294626,-12.3718539038329,-175.862036470214));
#3431=CARTESIAN_POINT('Ctrl Pts',(-32.1735230971635,-12.3718539038329,-175.859922430392));
#3432=CARTESIAN_POINT('Ctrl Pts',(-32.1689721012187,-12.371853012454,-175.857808459175));
#3433=CARTESIAN_POINT('Ctrl Pts',(-31.5836008684618,-12.3715942653853,-175.585897509563));
#3434=CARTESIAN_POINT('Ctrl Pts',(-30.4196613276598,-12.3399853410224,-175.045234198545));
#3435=CARTESIAN_POINT('Ctrl Pts',(-28.6836578073523,-12.1970111743649,-174.23692448658));
#3436=CARTESIAN_POINT('Ctrl Pts',(-26.9824785987445,-11.9577233008479,-173.440901184228));
#3437=CARTESIAN_POINT('Ctrl Pts',(-25.3139862005169,-11.6134564468144,-172.653617152952));
#3438=CARTESIAN_POINT('Ctrl Pts',(-23.7172185107116,-11.1593018192656,-171.89018078896));
#3439=CARTESIAN_POINT('Ctrl Pts',(-22.2194322394953,-10.5856630113986,-171.159156483162));
#3440=CARTESIAN_POINT('Ctrl Pts',(-20.8582138204797,-9.8761435800646,-170.471830489707));
#3441=CARTESIAN_POINT('Ctrl Pts',(-19.7153218687187,-9.02475220062857,-169.85812322547));
#3442=CARTESIAN_POINT('Ctrl Pts',(-18.8767021228944,-8.01382491263544,-169.344654150398));
#3443=CARTESIAN_POINT('Ctrl Pts',(-18.6270785861354,-7.25874669151719,-169.109516512644));
#3444=CARTESIAN_POINT('Ctrl Pts',(-18.5971463024937,-6.87185390383331,-169.024639304625));
#3445=CARTESIAN_POINT('Ctrl Pts',(-25.4908005735792,-8.37185390383343,-160.971704895368));
#3446=CARTESIAN_POINT('Ctrl Pts',(-25.4527209108937,-7.38744876944152,-160.755744396683));
#3447=CARTESIAN_POINT('Ctrl Pts',(-25.4334580398863,-6.37966956436291,-160.646499226546));
#3448=CARTESIAN_POINT('Ctrl Pts',(-25.4334580398863,-5.37185390383294,-160.646499226546));
#3449=CARTESIAN_POINT('Ctrl Pts',(-25.6875526352828,-8.11944884537985,-162.08754128588));
#3450=CARTESIAN_POINT('Ctrl Pts',(-25.6529890802811,-7.2174302039606,-161.891488426133));
#3451=CARTESIAN_POINT('Ctrl Pts',(-25.6355068692448,-6.29453726852431,-161.792375079161));
#3452=CARTESIAN_POINT('Ctrl Pts',(-25.6355068692448,-5.37185390383294,-161.792375079161));
#3453=CARTESIAN_POINT('Ctrl Pts',(-25.4981271935739,-7.61622966513311,-164.414748366545));
#3454=CARTESIAN_POINT('Ctrl Pts',(-25.468710383521,-6.87854644345317,-164.258703390837));
#3455=CARTESIAN_POINT('Ctrl Pts',(-25.453851637616,-6.12473471237796,-164.179905352353));
#3456=CARTESIAN_POINT('Ctrl Pts',(-25.453851637616,-5.37185390383294,-164.179905352353));
#3457=CARTESIAN_POINT('Ctrl Pts',(-23.2214499270661,-6.94511343854205,-167.875313451978));
#3458=CARTESIAN_POINT('Ctrl Pts',(-23.1926567522504,-6.42667673662078,-167.770650542269));
#3459=CARTESIAN_POINT('Ctrl Pts',(-23.1781418664944,-5.89918661285819,-167.718098441454));
#3460=CARTESIAN_POINT('Ctrl Pts',(-23.1781418664944,-5.37185390383294,-167.718098441454));
#3461=CARTESIAN_POINT('Ctrl Pts',(-20.3371395117455,-6.80763656402692,-169.0105511937));
#3462=CARTESIAN_POINT('Ctrl Pts',(-20.3026165535085,-6.33615241144585,-168.912039494213));
#3463=CARTESIAN_POINT('Ctrl Pts',(-20.2851330207952,-5.85277165376302,-168.862036470214));
#3464=CARTESIAN_POINT('Ctrl Pts',(-20.2851330207952,-5.37185390383294,-168.862036470214));
#3465=CARTESIAN_POINT('Ctrl Pts',(-18.5971463024937,-6.87185390383318,-169.024639304625));
#3466=CARTESIAN_POINT('Ctrl Pts',(-18.5590666398083,-6.37965133663722,-168.916659055283));
#3467=CARTESIAN_POINT('Ctrl Pts',(-18.5398037688009,-5.87576173409792,-168.862036470214));
#3468=CARTESIAN_POINT('Ctrl Pts',(-18.5398037688009,-5.37185390383294,-168.862036470214));
#3469=CARTESIAN_POINT('',(-18.5398037688009,-5.37185390383294,-168.862036470214));
#3470=CARTESIAN_POINT('',(-25.4334580398864,-5.37185390383294,-160.646499226546));
#3471=CARTESIAN_POINT('Origin',(-18.5398037688009,-5.37185390383294,-161.862036470214));
#3472=CARTESIAN_POINT('Origin',(-27.9020357698049,-5.37185390383294,-174.646499226546));
#3473=CARTESIAN_POINT('Origin',(-21.0083814987194,-5.37185390383294,-175.862036470214));
#3474=CARTESIAN_POINT('Origin',(-18.5398037688009,12.1281460961671,-161.862036470214));
#3475=CARTESIAN_POINT('',(-18.5398037688009,5.12814609616706,-168.862036470214));
#3476=CARTESIAN_POINT('',(-25.4334580398864,5.12814609616706,-160.646499226546));
#3477=CARTESIAN_POINT('Origin',(-18.5398037688009,5.12814609616706,-161.862036470214));
#3478=CARTESIAN_POINT('',(-25.4334580398864,12.1281460961671,-160.646499226546));
#3479=CARTESIAN_POINT('',(-18.5398037688009,12.1281460961671,-168.862036470214));
#3480=CARTESIAN_POINT('Ctrl Pts',(-18.5971463024937,6.62814609616707,-169.024639304625));
#3481=CARTESIAN_POINT('Ctrl Pts',(-18.5590666398083,6.13594352897118,-168.916659055283));
#3482=CARTESIAN_POINT('Ctrl Pts',(-18.5398037688009,5.63205392643196,-168.862036470214));
#3483=CARTESIAN_POINT('Ctrl Pts',(-18.5398037688009,5.12814609616706,-168.862036470214));
#3484=CARTESIAN_POINT('Ctrl Pts',(-19.7571417753282,6.58533453629623,-169.015247230675));
#3485=CARTESIAN_POINT('Ctrl Pts',(-19.7214222432366,6.10652811289253,-168.91344495299));
#3486=CARTESIAN_POINT('Ctrl Pts',(-19.7033566034638,5.61716768123901,-168.862036470214));
#3487=CARTESIAN_POINT('Ctrl Pts',(-19.7033566034638,5.12814609616706,-168.862036470214));
#3488=CARTESIAN_POINT('Ctrl Pts',(-22.0698219426085,6.62655180417157,-168.419580099071));
#3489=CARTESIAN_POINT('Ctrl Pts',(-22.0387804822354,6.13312409400595,-168.319095734701));
#3490=CARTESIAN_POINT('Ctrl Pts',(-22.0230716354529,5.63042154770688,-168.268550954936));
#3491=CARTESIAN_POINT('Ctrl Pts',(-22.0230716354529,5.12814609616706,-168.268550954936));
#3492=CARTESIAN_POINT('Ctrl Pts',(-25.1541177208071,7.12193723373919,-165.617637582223));
#3493=CARTESIAN_POINT('Ctrl Pts',(-25.1263404308302,6.46570676771364,-165.481510022285));
#3494=CARTESIAN_POINT('Ctrl Pts',(-25.1123390532162,5.79688785520039,-165.413013508109));
#3495=CARTESIAN_POINT('Ctrl Pts',(-25.1123390532162,5.12814609616706,-165.413013508109));
#3496=CARTESIAN_POINT('Ctrl Pts',(-25.7859286661345,7.74953850848676,-162.645459481136));
#3497=CARTESIAN_POINT('Ctrl Pts',(-25.7531881583075,6.888821383424,-162.459389895092));
#3498=CARTESIAN_POINT('Ctrl Pts',(-25.736531283924,6.00814695942217,-162.365313005469));
#3499=CARTESIAN_POINT('Ctrl Pts',(-25.736531283924,5.12814609616706,-162.365313005469));
#3500=CARTESIAN_POINT('Ctrl Pts',(-25.4908005735791,8.12814609616708,-160.971704895368));
#3501=CARTESIAN_POINT('Ctrl Pts',(-25.4527209108937,7.14374096177531,-160.755744396683));
#3502=CARTESIAN_POINT('Ctrl Pts',(-25.4334580398864,6.13596175669686,-160.646499226546));
#3503=CARTESIAN_POINT('Ctrl Pts',(-25.4334580398864,5.12814609616706,-160.646499226546));
#3504=CARTESIAN_POINT('',(-18.5971463024937,6.62814609616706,-169.024639304625));
#3505=CARTESIAN_POINT('',(-25.4908005735791,8.12814609616706,-160.971704895368));
#3506=CARTESIAN_POINT('Origin',(-18.5971463024937,8.12814609616706,-162.187242139037));
#3507=CARTESIAN_POINT('Origin',(-27.9020357698049,5.12814609616706,-174.646499226546));
#3508=CARTESIAN_POINT('Origin',(-21.0083814987194,5.12814609616706,-175.862036470214));
#3509=CARTESIAN_POINT('Ctrl Pts',(-32.1780742294626,12.1281460961671,-175.862036470214));
#3510=CARTESIAN_POINT('Ctrl Pts',(-32.1730451778446,12.1281460961671,-175.859700432782));
#3511=CARTESIAN_POINT('Ctrl Pts',(-32.1680160242362,12.1281449195947,-175.85736435601));
#3512=CARTESIAN_POINT('Ctrl Pts',(-31.5833293284301,12.1278742450348,-175.58577102576));
#3513=CARTESIAN_POINT('Ctrl Pts',(-30.4182751791941,12.0962677664469,-175.044611834624));
#3514=CARTESIAN_POINT('Ctrl Pts',(-28.0969936366281,11.9052109650577,-173.963750468392));
#3515=CARTESIAN_POINT('Ctrl Pts',(-26.1139988199251,11.5655548496203,-173.033583674861));
#3516=CARTESIAN_POINT('Ctrl Pts',(-23.9748310507876,10.9997536877503,-172.014223494048));
#3517=CARTESIAN_POINT('Ctrl Pts',(-22.4324318650691,10.4543849789556,-171.266842397909));
#3518=CARTESIAN_POINT('Ctrl Pts',(-21.0829532697149,9.7493230651508,-170.585277221886));
#3519=CARTESIAN_POINT('Ctrl Pts',(-20.2844915842015,9.20519443918293,-170.163765162949));
#3520=CARTESIAN_POINT('Ctrl Pts',(-19.5709917401678,8.60831146230651,-169.769960559284));
#3521=CARTESIAN_POINT('Ctrl Pts',(-18.8821384786776,7.77692366114777,-169.348043639196));
#3522=CARTESIAN_POINT('Ctrl Pts',(-18.6270208652091,7.01429280612735,-169.109352836824));
#3523=CARTESIAN_POINT('Ctrl Pts',(-18.5971463024937,6.62814609616713,-169.024639304625));
#3524=CARTESIAN_POINT('Ctrl Pts',(-32.1780742294626,12.1281460961671,-175.862036470214));
#3525=CARTESIAN_POINT('Ctrl Pts',(-32.1732923382311,12.1281480419443,-175.859434362977));
#3526=CARTESIAN_POINT('Ctrl Pts',(-32.1685103950548,12.1281425737333,-175.856832230533));
#3527=CARTESIAN_POINT('Ctrl Pts',(-31.6125623371507,12.1279219415075,-175.554306160548));
#3528=CARTESIAN_POINT('Ctrl Pts',(-30.5047664535887,12.0887838912943,-174.951521195605));
#3529=CARTESIAN_POINT('Ctrl Pts',(-28.3017466967135,11.8554999303943,-173.754387323917));
#3530=CARTESIAN_POINT('Ctrl Pts',(-26.4310177540623,11.4434198183968,-172.742652833649));
#3531=CARTESIAN_POINT('Ctrl Pts',(-24.4374522348036,10.7789343428324,-171.671493034519));
#3532=CARTESIAN_POINT('Ctrl Pts',(-23.0188484000211,10.1531764734784,-170.914011922151));
#3533=CARTESIAN_POINT('Ctrl Pts',(-21.8137118066335,9.39179033157176,-170.272885194161));
#3534=CARTESIAN_POINT('Ctrl Pts',(-21.1193714589315,8.83576824939895,-169.900198719716));
#3535=CARTESIAN_POINT('Ctrl Pts',(-20.512918522875,8.25119362485621,-169.568657532529));
#3536=CARTESIAN_POINT('Ctrl Pts',(-19.9554016517505,7.49542753465362,-169.244578402816));
#3537=CARTESIAN_POINT('Ctrl Pts',(-19.7724751260456,6.88182818827746,-169.078299822918));
#3538=CARTESIAN_POINT('Ctrl Pts',(-19.7571417753282,6.58533453629626,-169.015247230675));
#3539=CARTESIAN_POINT('Ctrl Pts',(-32.1780742294626,12.1281460961671,-175.862036470214));
#3540=CARTESIAN_POINT('Ctrl Pts',(-32.1737871022433,12.1281504625394,-175.858902336911));
#3541=CARTESIAN_POINT('Ctrl Pts',(-32.1694986897592,12.1281396156655,-175.855767843319));
#3542=CARTESIAN_POINT('Ctrl Pts',(-31.6710475628401,12.1279741251174,-175.491384624896));
#3543=CARTESIAN_POINT('Ctrl Pts',(-30.6777322507212,12.0785817468344,-174.765299463708));
#3544=CARTESIAN_POINT('Ctrl Pts',(-28.7112440256913,11.7876258897791,-173.329315406485));
#3545=CARTESIAN_POINT('Ctrl Pts',(-27.0650380168699,11.2758584097997,-172.131659528218));
#3546=CARTESIAN_POINT('Ctrl Pts',(-25.3624284598613,10.4739809683975,-170.900137377368));
#3547=CARTESIAN_POINT('Ctrl Pts',(-24.1911062418772,9.73529407300484,-170.058000508508));
#3548=CARTESIAN_POINT('Ctrl Pts',(-23.2737397029221,8.89591500754798,-169.40345030415));
#3549=CARTESIAN_POINT('Ctrl Pts',(-22.7868792561183,8.32737356715456,-169.055152051446));
#3550=CARTESIAN_POINT('Ctrl Pts',(-22.3933493373902,7.76837759687824,-168.770139985358));
#3551=CARTESIAN_POINT('Ctrl Pts',(-22.0971670921694,7.14045652503962,-168.541729362436));
#3552=CARTESIAN_POINT('Ctrl Pts',(-22.0568822051748,6.77460504422946,-168.458226822436));
#3553=CARTESIAN_POINT('Ctrl Pts',(-22.0708402665666,6.62651759781575,-168.419556462709));
#3554=CARTESIAN_POINT('Ctrl Pts',(-32.1780742294626,12.1281460961671,-175.862036470214));
#3555=CARTESIAN_POINT('Ctrl Pts',(-32.1746516911485,12.1281514163992,-175.857971842833));
#3556=CARTESIAN_POINT('Ctrl Pts',(-32.1712294986095,12.1281385502352,-175.853904622673));
#3557=CARTESIAN_POINT('Ctrl Pts',(-31.7733347402632,12.12801834262,-175.381291408163));
#3558=CARTESIAN_POINT('Ctrl Pts',(-30.9804952829762,12.0773160150408,-174.439388797173));
#3559=CARTESIAN_POINT('Ctrl Pts',(-29.4205585537245,11.78013813867,-172.570495263566));
#3560=CARTESIAN_POINT('Ctrl Pts',(-28.1414377874945,11.2583225914716,-170.994402262022));
#3561=CARTESIAN_POINT('Ctrl Pts',(-26.8751458536916,10.4508890873502,-169.339536714672));
#3562=CARTESIAN_POINT('Ctrl Pts',(-26.0486675455426,9.7144667037746,-168.181586373421));
#3563=CARTESIAN_POINT('Ctrl Pts',(-25.4870204727068,8.90521409861922,-167.234674246904));
#3564=CARTESIAN_POINT('Ctrl Pts',(-25.2367492037886,8.37909209007121,-166.706506706786));
#3565=CARTESIAN_POINT('Ctrl Pts',(-25.0737299898246,7.88254928402478,-166.254846567638));
#3566=CARTESIAN_POINT('Ctrl Pts',(-25.0363392666266,7.37879263373985,-165.854080543393));
#3567=CARTESIAN_POINT('Ctrl Pts',(-25.1196479284903,7.17835735232129,-165.683093894591));
#3568=CARTESIAN_POINT('Ctrl Pts',(-25.1537802000059,7.12206806832793,-165.61710071755));
#3569=CARTESIAN_POINT('Ctrl Pts',(-32.1780742294626,12.1281460961671,-175.862036470214));
#3570=CARTESIAN_POINT('Ctrl Pts',(-32.1752695556176,12.1281491862826,-175.857306065082));
#3571=CARTESIAN_POINT('Ctrl Pts',(-32.1724655096968,12.1281414457329,-175.852574933616));
#3572=CARTESIAN_POINT('Ctrl Pts',(-31.8464043644116,12.1280089429797,-175.302596726539));
#3573=CARTESIAN_POINT('Ctrl Pts',(-31.1967653528823,12.0912277897068,-174.206674521871));
#3574=CARTESIAN_POINT('Ctrl Pts',(-29.9142702382837,11.8742318597809,-172.021945161407));
#3575=CARTESIAN_POINT('Ctrl Pts',(-28.8513974559068,11.493047425095,-170.152501861272));
#3576=CARTESIAN_POINT('Ctrl Pts',(-27.7701176094928,10.8942278605629,-168.129083370483));
#3577=CARTESIAN_POINT('Ctrl Pts',(-27.0393367451334,10.3412506326792,-166.665078133103));
#3578=CARTESIAN_POINT('Ctrl Pts',(-26.4851966117987,9.70285169310306,-165.370609955203));
#3579=CARTESIAN_POINT('Ctrl Pts',(-26.1980770338727,9.26003409114286,-164.592435863592));
#3580=CARTESIAN_POINT('Ctrl Pts',(-25.9705525060989,8.81378866432453,-163.882548138788));
#3581=CARTESIAN_POINT('Ctrl Pts',(-25.8061589173753,8.28276898271846,-163.156940501291));
#3582=CARTESIAN_POINT('Ctrl Pts',(-25.7829965844024,7.91554421521771,-162.777498396369));
#3583=CARTESIAN_POINT('Ctrl Pts',(-25.7859286661345,7.74953850848669,-162.645459481136));
#3584=CARTESIAN_POINT('Ctrl Pts',(-32.1780742294626,12.1281460961671,-175.862036470214));
#3585=CARTESIAN_POINT('Ctrl Pts',(-32.1756405457613,12.1281460961671,-175.856906761961));
#3586=CARTESIAN_POINT('Ctrl Pts',(-32.1732068144552,12.1281452404781,-175.851776965439));
#3587=CARTESIAN_POINT('Ctrl Pts',(-31.8902620199669,12.1279483862527,-175.25538506653));
#3588=CARTESIAN_POINT('Ctrl Pts',(-31.3264672223213,12.1049618563706,-174.067048438167));
#3589=CARTESIAN_POINT('Ctrl Pts',(-30.2025738488767,11.9660114553603,-171.694193865106));
#3590=CARTESIAN_POINT('Ctrl Pts',(-29.2409836671976,11.7189888259512,-169.653759082667));
#3591=CARTESIAN_POINT('Ctrl Pts',(-28.2001936954668,11.3074970718639,-167.421365080348));
#3592=CARTESIAN_POINT('Ctrl Pts',(-27.4470577268948,10.9108652836496,-165.787434488006));
#3593=CARTESIAN_POINT('Ctrl Pts',(-26.782101379021,10.3980929827007,-164.303604394833));
#3594=CARTESIAN_POINT('Ctrl Pts',(-26.3846884693367,10.0023630729058,-163.389864557202));
#3595=CARTESIAN_POINT('Ctrl Pts',(-26.0258315879848,9.56826636245024,-162.539722227033));
#3596=CARTESIAN_POINT('Ctrl Pts',(-25.6702914137717,8.96362068888026,-161.637116296546));
#3597=CARTESIAN_POINT('Ctrl Pts',(-25.5206751362945,8.40898006704687,-161.141131959765));
#3598=CARTESIAN_POINT('Ctrl Pts',(-25.4908005735791,8.12814609616703,-160.971704895368));
#3599=CARTESIAN_POINT('',(-32.1780742294626,12.1281460961671,-175.862036470214));
#3600=CARTESIAN_POINT('Ctrl Pts',(-18.5971463024937,6.62814609616713,-169.024639304625));
#3601=CARTESIAN_POINT('Ctrl Pts',(-18.6270208652091,7.01429280612735,-169.109352836824));
#3602=CARTESIAN_POINT('Ctrl Pts',(-18.8821384786776,7.77692366114777,-169.348043639196));
#3603=CARTESIAN_POINT('Ctrl Pts',(-19.5709917401678,8.60831146230651,-169.769960559284));
#3604=CARTESIAN_POINT('Ctrl Pts',(-20.2844915842015,9.20519443918293,-170.163765162949));
#3605=CARTESIAN_POINT('Ctrl Pts',(-21.0829532697149,9.7493230651508,-170.585277221886));
#3606=CARTESIAN_POINT('Ctrl Pts',(-22.4324318650691,10.4543849789556,-171.266842397909));
#3607=CARTESIAN_POINT('Ctrl Pts',(-23.9748310507876,10.9997536877503,-172.014223494048));
#3608=CARTESIAN_POINT('Ctrl Pts',(-26.1139988199251,11.5655548496203,-173.033583674861));
#3609=CARTESIAN_POINT('Ctrl Pts',(-28.0969936366281,11.9052109650577,-173.963750468392));
#3610=CARTESIAN_POINT('Ctrl Pts',(-30.4182751791941,12.0962677664469,-175.044611834624));
#3611=CARTESIAN_POINT('Ctrl Pts',(-31.5833293284301,12.1278742450348,-175.58577102576));
#3612=CARTESIAN_POINT('Ctrl Pts',(-32.1680160242362,12.1281449195947,-175.85736435601));
#3613=CARTESIAN_POINT('Ctrl Pts',(-32.1730451778446,12.1281460961671,-175.859700432782));
#3614=CARTESIAN_POINT('Ctrl Pts',(-32.1780742294626,12.1281460961671,-175.862036470214));
#3615=CARTESIAN_POINT('Ctrl Pts',(-32.1780742294626,12.1281460961671,-175.862036470214));
#3616=CARTESIAN_POINT('Ctrl Pts',(-32.1756405457613,12.1281460961671,-175.856906761961));
#3617=CARTESIAN_POINT('Ctrl Pts',(-32.1732068144552,12.1281452404781,-175.851776965439));
#3618=CARTESIAN_POINT('Ctrl Pts',(-31.8902620199669,12.1279483862527,-175.25538506653));
#3619=CARTESIAN_POINT('Ctrl Pts',(-31.3264672223213,12.1049618563706,-174.067048438167));
#3620=CARTESIAN_POINT('Ctrl Pts',(-30.2025738488767,11.9660114553603,-171.694193865106));
#3621=CARTESIAN_POINT('Ctrl Pts',(-29.2409836671976,11.7189888259512,-169.653759082667));
#3622=CARTESIAN_POINT('Ctrl Pts',(-28.2001936954668,11.3074970718639,-167.421365080348));
#3623=CARTESIAN_POINT('Ctrl Pts',(-27.4470577268948,10.9108652836496,-165.787434488006));
#3624=CARTESIAN_POINT('Ctrl Pts',(-26.782101379021,10.3980929827007,-164.303604394833));
#3625=CARTESIAN_POINT('Ctrl Pts',(-26.3846884693367,10.0023630729058,-163.389864557202));
#3626=CARTESIAN_POINT('Ctrl Pts',(-26.0258315879848,9.56826636245024,-162.539722227033));
#3627=CARTESIAN_POINT('Ctrl Pts',(-25.6702914137717,8.96362068888026,-161.637116296546));
#3628=CARTESIAN_POINT('Ctrl Pts',(-25.5206751362945,8.40898006704687,-161.141131959765));
#3629=CARTESIAN_POINT('Ctrl Pts',(-25.4908005735791,8.12814609616703,-160.971704895368));
#3630=CARTESIAN_POINT('Origin',(-13.7358551286646,5.12814609616706,-175.862036470214));
#3631=CARTESIAN_POINT('',(-7.65714055969118,5.12814609616706,-168.862036470214));
#3632=CARTESIAN_POINT('',(-13.7358551286646,5.12814609616706,-168.862036470214));
#3633=CARTESIAN_POINT('',(-6.01516822468319,12.1281460961671,-175.862036470214));
#3634=CARTESIAN_POINT('Origin',(-6.01516822468319,5.12814609616706,-175.862036470214));
#3635=CARTESIAN_POINT('',(-13.7358551286646,12.1281460961671,-175.862036470214));
#3636=CARTESIAN_POINT('Origin',(-7.65714055969118,12.1281460961671,-168.862036470214));
#3637=CARTESIAN_POINT('',(-7.65714055969118,-5.37185390383294,-168.862036470214));
#3638=CARTESIAN_POINT('',(-19.5563647194041,-5.37185390383294,-168.862036470214));
#3639=CARTESIAN_POINT('',(-7.65714055969118,12.1281460961671,-168.862036470214));
#3640=CARTESIAN_POINT('Origin',(-19.5563647194041,-5.37185390383294,-175.862036470214));
#3641=CARTESIAN_POINT('Origin',(-6.01516822468319,-5.37185390383294,-175.862036470214));
#3642=CARTESIAN_POINT('Origin',(-37.1920565879595,-5.37185390383294,-21.2978451636979));
#3643=CARTESIAN_POINT('',(-70.319591184924,-5.37185390383294,-168.862036470214));
#3644=CARTESIAN_POINT('Origin',(-63.2116049017238,-5.37185390383294,-168.862036470214));
#3645=CARTESIAN_POINT('',(-44.0857108590449,-5.37185390383294,-20.0823079200293));
#3646=CARTESIAN_POINT('Origin',(-30.8134633736421,12.1281460961671,-211.08239111906));
#3647=CARTESIAN_POINT('',(2.24638148425623,12.1281460961671,-211.08239111906));
#3648=CARTESIAN_POINT('Origin',(-35.6519773361062,12.1281460961671,27.7477716801134));
#3649=CARTESIAN_POINT('',(-70.319591184924,-2.37185390383294,-168.862036470214));
#3650=CARTESIAN_POINT('',(-70.319591184924,12.1281460961671,-168.862036470214));
#3651=CARTESIAN_POINT('',(-36.089101701611,-2.37185390383294,25.2687162131143));
#3652=CARTESIAN_POINT('',(-44.0857108590449,-2.37185390383294,-20.0823079200293));
#3653=CARTESIAN_POINT('',(-36.089101701611,2.12814609616706,25.2687162131143));
#3654=CARTESIAN_POINT('',(-36.089101701611,12.1281460961671,25.2687162131143));
#3655=CARTESIAN_POINT('',(-70.319591184924,2.12814609616706,-168.862036470214));
#3656=CARTESIAN_POINT('',(-37.5720108212224,2.12814609616706,16.8587206829166));
#3657=CARTESIAN_POINT('',(-70.319591184924,5.12814609616706,-168.862036470214));
#3658=CARTESIAN_POINT('',(-70.319591184924,12.1281460961671,-168.862036470214));
#3659=CARTESIAN_POINT('',(-37.5720108212224,5.12814609616706,16.8587206829166));
#3660=CARTESIAN_POINT('Origin',(-7.65714055969118,12.1281460961671,-168.862036470214));
#3661=CARTESIAN_POINT('Origin',(-60.1653250660665,-2.37185390383294,-168.862036470214));
#3662=CARTESIAN_POINT('Origin',(-30.678356550137,5.12814609616706,15.643183439248));
#3663=CARTESIAN_POINT('',(-63.2116049017238,12.1281460961671,-168.862036470214));
#3664=CARTESIAN_POINT('Origin',(-63.2116049017238,5.12814609616706,-168.862036470214));
#3665=CARTESIAN_POINT('',(-30.678356550137,12.1281460961671,15.643183439248));
#3666=CARTESIAN_POINT('Ctrl Pts',(-30.8115458940176,5.67424523901847,-211.061143218864));
#3667=CARTESIAN_POINT('Ctrl Pts',(-30.7994099636711,5.67424523901847,-211.062238404692));
#3668=CARTESIAN_POINT('Ctrl Pts',(-30.7941877150813,5.67424523901847,-211.073247871393));
#3669=CARTESIAN_POINT('Ctrl Pts',(-30.7661543584543,12.1281460961671,-210.558152310858));
#3670=CARTESIAN_POINT('Ctrl Pts',(-30.4667306223458,12.1281460961671,-210.585173282708));
#3671=CARTESIAN_POINT('Ctrl Pts',(-30.3378846963227,12.1281460961671,-210.856804345019));
#3672=CARTESIAN_POINT('Ctrl Pts',(-30.1843172449893,12.1281460961671,-204.110721652656));
#3673=CARTESIAN_POINT('Ctrl Pts',(-26.2023851829491,12.1281460961671,-204.470064153539));
#3674=CARTESIAN_POINT('Ctrl Pts',(-24.4889080533053,12.1281460961671,-208.08239111906));
#3675=CARTESIAN_POINT('Origin',(-30.8134633736421,12.1281460961671,-211.08239111906));
#3676=CARTESIAN_POINT('Origin',(-19.8145696976379,12.1281460961671,2.5));
#3677=CARTESIAN_POINT('',(-60.1653250660665,12.1281460961671,-168.862036470214));
#3678=CARTESIAN_POINT('',(-70.319591184924,12.1281460961671,-168.862036470214));
#3679=CARTESIAN_POINT('',(-58.492065245037,12.1281460961671,-159.372508467712));
#3680=CARTESIAN_POINT('',(-27.7239332911003,12.1281460961671,15.1222389062473));
#3681=CARTESIAN_POINT('',(-58.0412989908297,12.1281460961671,-159.372508467712));
#3682=CARTESIAN_POINT('',(-38.8888270002747,12.1281460961671,-159.372508467712));
#3683=CARTESIAN_POINT('',(-47.5988633459469,12.1281460961671,-159.372508467712));
#3684=CARTESIAN_POINT('',(-38.8888270002747,12.1281460961671,-159.372508467712));
#3685=CARTESIAN_POINT('',(-41.722945868244,12.1281460961671,-154.586425184471));
#3686=CARTESIAN_POINT('Origin',(-47.5988633459469,12.1281460961671,-153.372508467712));
#3687=CARTESIAN_POINT('',(-20.1307146643241,12.1281460961671,-50.0700551879271));
#3688=CARTESIAN_POINT('',(-25.9595568262723,12.1281460961671,-78.2843429239269));
#3689=CARTESIAN_POINT('',(-24.9647430760254,12.1281460961671,-42.9472919530954));
#3690=CARTESIAN_POINT('Origin',(-26.006632142027,12.1281460961671,-48.8561384711686));
#3691=CARTESIAN_POINT('',(-37.5712081594715,12.1281460961671,-40.7244320275246));
#3692=CARTESIAN_POINT('',(-24.8322994942603,12.1281460961671,-42.9706453299822));
#3693=CARTESIAN_POINT('',(-29.2001848992089,12.1281460961671,6.75));
#3694=CARTESIAN_POINT('',(-27.7239332911003,12.1281460961671,15.1222389062473));
#3695=CARTESIAN_POINT('',(16.9949730307311,12.1281460961671,6.75));
#3696=CARTESIAN_POINT('',(-24.5073772984234,12.1281460961671,6.75));
#3697=CARTESIAN_POINT('',(16.9949730307311,12.1281460961671,3.5));
#3698=CARTESIAN_POINT('',(16.9949730307311,12.1281460961671,2.5));
#3699=CARTESIAN_POINT('',(-13.6764948046331,12.1281460961671,3.5));
#3700=CARTESIAN_POINT('',(-10.6121840155457,12.1281460961671,3.5));
#3701=CARTESIAN_POINT('',(-16.73153913906,12.1281460961671,-1.66427658685995));
#3702=CARTESIAN_POINT('Ctrl Pts',(-16.73153913906,12.1281460961671,-1.66427658685994));
#3703=CARTESIAN_POINT('Ctrl Pts',(-16.726471098523,12.1281460961671,-1.18732396941961));
#3704=CARTESIAN_POINT('Ctrl Pts',(-16.6360260358116,12.1281460961671,-0.657314550355623));
#3705=CARTESIAN_POINT('Ctrl Pts',(-16.1429975061157,12.1281460961671,0.629955297968647));
#3706=CARTESIAN_POINT('Ctrl Pts',(-15.7282718233896,12.1281460961671,1.24930599144468));
#3707=CARTESIAN_POINT('Ctrl Pts',(-14.817715867502,12.1281460961671,2.38207726837115));
#3708=CARTESIAN_POINT('Ctrl Pts',(-14.2485892674419,12.1281460961671,2.93986980629082));
#3709=CARTESIAN_POINT('Ctrl Pts',(-13.6816083427041,12.1281460961671,3.4949934256859));
#3710=CARTESIAN_POINT('Ctrl Pts',(-13.6790515636461,12.1281460961671,3.49749672265584));
#3711=CARTESIAN_POINT('Ctrl Pts',(-13.6764948046331,12.1281460961671,3.5));
#3712=CARTESIAN_POINT('',(-16.9059931261767,12.1281460961671,-18.0821179935785));
#3713=CARTESIAN_POINT('',(-16.6421300588456,12.1281460961671,6.74999999999999));
#3714=CARTESIAN_POINT('',(-16.9910001537365,12.1281460961671,-18.0821179935785));
#3715=CARTESIAN_POINT('',(14.1587852729622,12.1281460961671,-18.0821179935785));
#3716=CARTESIAN_POINT('',(-16.9910001537365,12.1281460961671,-25.0827262474729));
#3717=CARTESIAN_POINT('',(-16.9910001537365,12.1281460961671,-18.0821179935785));
#3718=CARTESIAN_POINT('',(-17.930430473562,12.1281460961671,-26.3073572318665));
#3719=CARTESIAN_POINT('Origin',(-16.9561269861745,12.1281460961671,-26.0821179935786));
#3720=CARTESIAN_POINT('',(-11.0530847454086,12.1281460961671,-56.0562676696835));
#3721=CARTESIAN_POINT('',(-18.9762889925472,12.1281460961671,-21.7833515119631));
#3722=CARTESIAN_POINT('',(-16.2509978734155,12.1281460961671,-85.535097892501));
#3723=CARTESIAN_POINT('',(-7.65714055969118,12.1281460961671,-168.862036470214));
#3724=CARTESIAN_POINT('Origin',(-7.65714055969118,12.1281460961671,-168.862036470214));
#3725=CARTESIAN_POINT('Origin',(-60.1653250660665,2.12814609616706,-168.862036470214));
#3726=CARTESIAN_POINT('Origin',(2.24638148425623,12.1281460961671,-211.08239111906));
#3727=CARTESIAN_POINT('Origin',(-22.764697911238,-8.37185390383294,-122.476126495447));
#3728=CARTESIAN_POINT('',(-8.44618119821052,-8.37185390383294,-64.3068649095365));
#3729=CARTESIAN_POINT('',(-18.8254668991892,-8.37185390383294,-123.170719206115));
#3730=CARTESIAN_POINT('',(-8.55609528393193,-9.93586739674449,-63.0963783991258));
#3731=CARTESIAN_POINT('Origin',(-12.3854122102594,-8.37185390383294,-63.6122721988687));
#3732=CARTESIAN_POINT('Origin',(-11.0530847454086,-8.37185390383294,-56.0562676696835));
#3733=CARTESIAN_POINT('Origin',(-27.2592004221279,12.1281460961671,-171.000798806257));
#3734=CARTESIAN_POINT('',(-8.44618119821052,8.12814609616706,-64.3068649095365));
#3735=CARTESIAN_POINT('',(-12.3117668613667,8.12814609616706,-86.2296906031687));
#3736=CARTESIAN_POINT('',(-8.44618119821052,12.1281460961671,-64.3068649095365));
#3737=CARTESIAN_POINT('Origin',(-16.2509978734155,8.12814609616706,-85.535097892501));
#3738=CARTESIAN_POINT('',(-8.55609528393194,9.6921595890786,-63.0963783991258));
#3739=CARTESIAN_POINT('Origin',(-11.0530847454086,8.12814609616706,-56.0562676696835));
#3740=CARTESIAN_POINT('Origin',(-12.3854122102594,8.12814609616706,-63.6122721988688));
#3741=CARTESIAN_POINT('Origin',(-10.7862445928348,12.1281460961671,21.2497359637266));
#3742=CARTESIAN_POINT('',(-7.84444945887572,-12.3718539038329,20.6616531550895));
#3743=CARTESIAN_POINT('',(-10.7862445928348,-12.3718539038329,18.2497359637266));
#3744=CARTESIAN_POINT('Origin',(-10.7862445928348,-12.3718539038329,21.2497359637266));
#3745=CARTESIAN_POINT('',(-10.7862445928348,12.1281460961671,18.2497359637266));
#3746=CARTESIAN_POINT('',(-10.7862445928348,12.1281460961671,18.2497359637266));
#3747=CARTESIAN_POINT('',(-7.84444945887572,12.1281460961671,20.6616531550895));
#3748=CARTESIAN_POINT('Origin',(-10.7862445928348,12.1281460961671,21.2497359637266));
#3749=CARTESIAN_POINT('',(-7.84444945887572,12.1281460961671,20.6616531550895));
#3750=CARTESIAN_POINT('Origin',(-16.9121588244128,-12.3718539038329,22.99875382192));
#3751=CARTESIAN_POINT('',(-7.14517076164125,-12.3718539038329,24.1596888714764));
#3752=CARTESIAN_POINT('',(-8.03512574036174,-12.3718539038329,19.707823951449));
#3753=CARTESIAN_POINT('',(-7.08696589560036,-12.3718539038329,24.7477716801135));
#3754=CARTESIAN_POINT('Origin',(-10.0869658956004,-12.3718539038329,24.7477716801135));
#3755=CARTESIAN_POINT('',(-26.0974295339817,-12.3718539038329,24.7477716801135));
#3756=CARTESIAN_POINT('',(2.12082013057412,-12.3718539038329,24.7477716801135));
#3757=CARTESIAN_POINT('',(-27.3964265479492,-12.3718539038329,18.2497359637266));
#3758=CARTESIAN_POINT('',(-25.7891919084639,-12.3718539038329,26.2896836923911));
#3759=CARTESIAN_POINT('',(-27.1724711777804,-12.3718539038329,18.2497359637266));
#3760=CARTESIAN_POINT('',(-22.154292686181,-12.3718539038329,18.2497359637266));
#3761=CARTESIAN_POINT('',(-22.154292686181,-12.3718539038329,18.2497359637266));
#3762=CARTESIAN_POINT('Origin',(-8.3266064315769,12.1281460961671,18.2497359637266));
#3763=CARTESIAN_POINT('',(-7.14517076164125,12.1281460961671,24.1596888714764));
#3764=CARTESIAN_POINT('',(-6.42789110087645,12.1281460961671,27.7477716801135));
#3765=CARTESIAN_POINT('',(-7.14517076164125,12.1281460961671,24.1596888714764));
#3766=CARTESIAN_POINT('Ctrl Pts',(-33.1346784425743,2.12814609616706,27.7477716801135));
#3767=CARTESIAN_POINT('Ctrl Pts',(-33.1346784425743,3.77343193793554,27.7477716801135));
#3768=CARTESIAN_POINT('Ctrl Pts',(-32.1091497509703,6.50389580954916,27.7477716801135));
#3769=CARTESIAN_POINT('Ctrl Pts',(-28.8652465953623,8.82874409941789,27.7477716801135));
#3770=CARTESIAN_POINT('Ctrl Pts',(-26.6084006610922,9.19036349206754,27.7477716801135));
#3771=CARTESIAN_POINT('Ctrl Pts',(-25.4977112172487,9.10873466687774,27.7477716801135));
#3772=CARTESIAN_POINT('Ctrl Pts',(-33.932543243486,2.12814609616706,27.7477716801135));
#3773=CARTESIAN_POINT('Ctrl Pts',(-33.932543243486,3.9643340064623,27.7477716801135));
#3774=CARTESIAN_POINT('Ctrl Pts',(-32.8058922591315,7.01101105858818,27.746664637619));
#3775=CARTESIAN_POINT('Ctrl Pts',(-29.2094763238299,9.64907668548042,27.7476905905222));
#3776=CARTESIAN_POINT('Ctrl Pts',(-26.6831058702309,10.0874071035285,27.7471742541721));
#3777=CARTESIAN_POINT('Ctrl Pts',(-25.4313794695001,10.0112831458589,27.7477716801135));
#3778=CARTESIAN_POINT('Ctrl Pts',(-35.3196282276911,2.12814609616706,27.1604408399863));
#3779=CARTESIAN_POINT('Ctrl Pts',(-35.3196282276911,4.29473141574661,27.1604408399863));
#3780=CARTESIAN_POINT('Ctrl Pts',(-34.0139808607512,7.89491702855056,27.1384657756094));
#3781=CARTESIAN_POINT('Ctrl Pts',(-29.8052942938633,11.0711626036298,27.0642093024853));
#3782=CARTESIAN_POINT('Ctrl Pts',(-26.8104782754168,11.6421843665112,27.0095651071437));
#3783=CARTESIAN_POINT('Ctrl Pts',(-25.3165611935573,11.5735676299676,26.9816196550679));
#3784=CARTESIAN_POINT('Ctrl Pts',(-35.9851908750838,2.12814609616706,25.8580237944593));
#3785=CARTESIAN_POINT('Ctrl Pts',(-35.9851908750838,4.45406300897225,25.8580237944593));
#3786=CARTESIAN_POINT('Ctrl Pts',(-34.5652830394989,8.31473918381535,25.7969115759414));
#3787=CARTESIAN_POINT('Ctrl Pts',(-30.034603897965,11.6541411064855,25.5984166030776));
#3788=CARTESIAN_POINT('Ctrl Pts',(-26.85259781199,12.2072382139153,25.4579289485697));
#3789=CARTESIAN_POINT('Ctrl Pts',(-25.2771982207396,12.1091632150471,25.3876829850148));
#3790=CARTESIAN_POINT('Ctrl Pts',(-36.089101701611,2.12814609616706,25.2687162131143));
#3791=CARTESIAN_POINT('Ctrl Pts',(-36.089101701611,4.4785544415506,25.2687162131143));
#3792=CARTESIAN_POINT('Ctrl Pts',(-34.6373136309694,8.37921711528435,25.1935551838099));
#3793=CARTESIAN_POINT('Ctrl Pts',(-30.0450872581877,11.700428957954,24.9558094219066));
#3794=CARTESIAN_POINT('Ctrl Pts',(-26.8501868799988,12.2170280903106,24.7904051140702));
#3795=CARTESIAN_POINT('Ctrl Pts',(-25.2778411251108,12.1004154828966,24.7090026506187));
#3796=CARTESIAN_POINT('',(-33.1346784425743,2.12814609616706,27.7477716801135));
#3797=CARTESIAN_POINT('',(-25.4977112172487,9.10873466687774,27.7477716801135));
#3798=CARTESIAN_POINT('Origin',(-26.0266921593741,2.12814609616706,27.7477716801135));
#3799=CARTESIAN_POINT('',(-26.0266921593829,12.1072043460906,25.1016246772216));
#3800=CARTESIAN_POINT('Ctrl Pts',(-26.0266921593827,12.1072043460905,25.1016246772223));
#3801=CARTESIAN_POINT('Ctrl Pts',(-25.9718510202259,12.0746188533921,25.3759591653977));
#3802=CARTESIAN_POINT('Ctrl Pts',(-25.9180295266012,12.0037670174487,25.6451930313093));
#3803=CARTESIAN_POINT('Ctrl Pts',(-25.7942001595551,11.743670179652,26.2646306752386));
#3804=CARTESIAN_POINT('Ctrl Pts',(-25.7281394123626,11.5202553634922,26.5950895524077));
#3805=CARTESIAN_POINT('Ctrl Pts',(-25.6172897850388,10.9587391190477,27.1495980152857));
#3806=CARTESIAN_POINT('Ctrl Pts',(-25.573346163961,10.6269866784159,27.3694193204362));
#3807=CARTESIAN_POINT('Ctrl Pts',(-25.5132808221363,9.896276772034,27.6698870907983));
#3808=CARTESIAN_POINT('Ctrl Pts',(-25.4977112172487,9.50453689365628,27.7477716801135));
#3809=CARTESIAN_POINT('Ctrl Pts',(-25.4977112172487,9.10873466687774,27.7477716801135));
#3810=CARTESIAN_POINT('',(-26.0967049430418,12.1279040345263,24.7513963364882));
#3811=CARTESIAN_POINT('Ctrl Pts',(-26.096513924998,12.1274187707849,24.751386447226));
#3812=CARTESIAN_POINT('Ctrl Pts',(-26.0768651990103,12.127451073733,24.8498173911094));
#3813=CARTESIAN_POINT('Ctrl Pts',(-26.057255231818,12.1224076562163,24.9480473529919));
#3814=CARTESIAN_POINT('Ctrl Pts',(-26.037757682461,12.1124908052341,25.0457257645905));
#3815=CARTESIAN_POINT('Ctrl Pts',(-26.0340241109018,12.1105918346453,25.0644301326527));
#3816=CARTESIAN_POINT('Ctrl Pts',(-26.0302946434584,12.108514012758,25.0831142941456));
#3817=CARTESIAN_POINT('Ctrl Pts',(-26.0265697731586,12.1062585474487,25.1017758043514));
#3818=CARTESIAN_POINT('Origin',(-26.0266921593741,2.12814609616706,24.7477716801135));
#3819=CARTESIAN_POINT('Origin',(-33.1346784425743,2.12814609616706,24.7477716801135));
#3820=CARTESIAN_POINT('Origin',(-25.4977112172487,12.1281460961671,27.7477716801135));
#3821=CARTESIAN_POINT('',(-25.4977112172487,9.12814609616706,27.7477716801135));
#3822=CARTESIAN_POINT('',(-25.4977112172487,12.1281460961671,27.7477716801135));
#3823=CARTESIAN_POINT('Origin',(-26.0974295339817,9.12814609616706,24.7477716801135));
#3824=CARTESIAN_POINT('Origin',(-25.4977112172487,12.1281460961671,27.7477716801135));
#3825=CARTESIAN_POINT('',(-25.4977112172487,-9.35244247454362,27.7477716801135));
#3826=CARTESIAN_POINT('',(-26.0266921593829,-12.3509121537565,25.1016246772217));
#3827=CARTESIAN_POINT('Ctrl Pts',(-25.4977112172487,-9.35244247454362,27.7477716801135));
#3828=CARTESIAN_POINT('Ctrl Pts',(-25.4977112172487,-9.73791624514105,27.7477716801135));
#3829=CARTESIAN_POINT('Ctrl Pts',(-25.5124792080191,-10.1196365563668,27.67389704869));
#3830=CARTESIAN_POINT('Ctrl Pts',(-25.5699243527154,-10.8390011272304,27.386536417406));
#3831=CARTESIAN_POINT('Ctrl Pts',(-25.612454194047,-11.1690649118526,27.1737873272655));
#3832=CARTESIAN_POINT('Ctrl Pts',(-25.7203211573026,-11.7323568483864,26.6341991894051));
#3833=CARTESIAN_POINT('Ctrl Pts',(-25.7849226825837,-11.9590791890157,26.3110398480017));
#3834=CARTESIAN_POINT('Ctrl Pts',(-25.8940514696968,-12.2008639022435,25.7651396275069));
#3835=CARTESIAN_POINT('Ctrl Pts',(-25.9335341611125,-12.2647010421414,25.5676334466944));
#3836=CARTESIAN_POINT('Ctrl Pts',(-25.9914277620806,-12.3259204301931,25.2780294808687));
#3837=CARTESIAN_POINT('Ctrl Pts',(-26.0090157512374,-12.3404091905173,25.1900482303411));
#3838=CARTESIAN_POINT('Ctrl Pts',(-26.0266921593828,-12.3509121537565,25.1016246772217));
#3839=CARTESIAN_POINT('',(-25.4977112172487,-9.37185390383294,27.7477716801135));
#3840=CARTESIAN_POINT('Origin',(-26.0974295339817,-9.37185390383294,24.7477716801135));
#3841=CARTESIAN_POINT('',(-25.4977112172487,12.1281460961671,27.7477716801135));
#3842=CARTESIAN_POINT('Ctrl Pts',(-25.4977112172487,-9.35244247454362,27.7477716801135));
#3843=CARTESIAN_POINT('Ctrl Pts',(-27.1637453830139,-9.47488571232832,27.7477716801135));
#3844=CARTESIAN_POINT('Ctrl Pts',(-30.0049616094085,-8.6709362487685,27.7477716801135));
#3845=CARTESIAN_POINT('Ctrl Pts',(-32.600541654935,-5.65819360815878,27.7477716801135));
#3846=CARTESIAN_POINT('Ctrl Pts',(-33.1346784425743,-3.46871113167859,27.7477716801135));
#3847=CARTESIAN_POINT('Ctrl Pts',(-33.1346784425743,-2.37185390383294,27.7477716801135));
#3848=CARTESIAN_POINT('Ctrl Pts',(-25.4313794695001,-10.2549909535248,27.7477716801135));
#3849=CARTESIAN_POINT('Ctrl Pts',(-27.3089690705963,-10.3691768900291,27.7468755412015));
#3850=CARTESIAN_POINT('Ctrl Pts',(-30.4774048696318,-9.42663975711779,27.7479416787656));
#3851=CARTESIAN_POINT('Ctrl Pts',(-33.34497961441,-6.03843494607557,27.7469741830287));
#3852=CARTESIAN_POINT('Ctrl Pts',(-33.932543243486,-3.5959791773631,27.7477716801135));
#3853=CARTESIAN_POINT('Ctrl Pts',(-33.932543243486,-2.37185390383294,27.7477716801135));
#3854=CARTESIAN_POINT('Ctrl Pts',(-25.3165613290338,-11.8172735942608,26.981617226775));
#3855=CARTESIAN_POINT('Ctrl Pts',(-27.5574369518231,-11.9201986990762,27.0235354048886));
#3856=CARTESIAN_POINT('Ctrl Pts',(-31.2968323827837,-10.7368625670341,27.0908253816279));
#3857=CARTESIAN_POINT('Ctrl Pts',(-34.6371585089914,-6.70076340766091,27.1489126200421));
#3858=CARTESIAN_POINT('Ctrl Pts',(-35.3196272065366,-3.81624411688597,27.1604392645562));
#3859=CARTESIAN_POINT('Ctrl Pts',(-35.3196272065366,-2.37185390383294,27.1604392645562));
#3860=CARTESIAN_POINT('Ctrl Pts',(-25.2771982207396,-12.352871022713,25.3876829850148));
#3861=CARTESIAN_POINT('Ctrl Pts',(-27.6402976076152,-12.4999835210152,25.4930519303471));
#3862=CARTESIAN_POINT('Ctrl Pts',(-31.6320837771109,-11.3081269733412,25.6685043061065));
#3863=CARTESIAN_POINT('Ctrl Pts',(-35.2446267259679,-7.01724092955759,25.826166138107));
#3864=CARTESIAN_POINT('Ctrl Pts',(-35.9851908750838,-3.9224651790364,25.8580237944593));
#3865=CARTESIAN_POINT('Ctrl Pts',(-35.9851908750838,-2.37185390383294,25.8580237944593));
#3866=CARTESIAN_POINT('Ctrl Pts',(-25.2778411251108,-12.3441232905625,24.7090026506187));
#3867=CARTESIAN_POINT('Ctrl Pts',(-27.6363597574428,-12.5190422016835,24.831106345796));
#3868=CARTESIAN_POINT('Ctrl Pts',(-31.6585230156363,-11.3705429680266,25.0393391702897));
#3869=CARTESIAN_POINT('Ctrl Pts',(-35.3329518027985,-7.06662491001271,25.2295693115435));
#3870=CARTESIAN_POINT('Ctrl Pts',(-36.089101701611,-3.9387928007553,25.2687162131143));
#3871=CARTESIAN_POINT('Ctrl Pts',(-36.089101701611,-2.37185390383294,25.2687162131143));
#3872=CARTESIAN_POINT('',(-33.1346784425743,-2.37185390383294,27.7477716801135));
#3873=CARTESIAN_POINT('Origin',(-26.0266921593741,-2.37185390383294,27.7477716801135));
#3874=CARTESIAN_POINT('Origin',(-33.1346784425743,-2.37185390383294,24.7477716801135));
#3875=CARTESIAN_POINT('',(-26.0967049430418,-12.3716118421921,24.7513963364882));
#3876=CARTESIAN_POINT('Origin',(-26.0266921593741,-2.37185390383294,24.7477716801135));
#3877=CARTESIAN_POINT('Ctrl Pts',(-26.0265018794513,-12.3493828306161,25.1017730819079));
#3878=CARTESIAN_POINT('Ctrl Pts',(-26.0462093288774,-12.3612812505784,25.0030465760075));
#3879=CARTESIAN_POINT('Ctrl Pts',(-26.0660259176077,-12.3681968181358,24.903797120751));
#3880=CARTESIAN_POINT('Ctrl Pts',(-26.0858751226989,-12.3699638195956,24.8043880364498));
#3881=CARTESIAN_POINT('Ctrl Pts',(-26.0894020861723,-12.3702777943657,24.7867242454996));
#3882=CARTESIAN_POINT('Ctrl Pts',(-26.0929300662616,-12.3704290814156,24.769055413419));
#3883=CARTESIAN_POINT('Ctrl Pts',(-26.0964586154497,-12.3704165775928,24.751383583776));
#3884=CARTESIAN_POINT('Origin',(-33.1346784425743,12.1281460961671,24.7477716801135));
#3885=CARTESIAN_POINT('',(-33.1346784425743,12.1281460961671,27.7477716801135));
#3886=CARTESIAN_POINT('Origin',(21.1537990855611,12.1281460961671,27.7477716801135));
#3887=CARTESIAN_POINT('',(-10.0869658956004,-9.37185390383294,27.7477716801135));
#3888=CARTESIAN_POINT('',(2.12082013057412,-9.37185390383294,27.7477716801135));
#3889=CARTESIAN_POINT('',(-10.0869658956004,9.12814609616706,27.7477716801135));
#3890=CARTESIAN_POINT('',(-10.0869658956004,12.1281460961671,27.7477716801135));
#3891=CARTESIAN_POINT('',(2.12082013057412,9.12814609616706,27.7477716801135));
#3892=CARTESIAN_POINT('Origin',(2.12082013057412,-9.37185390383294,24.7477716801135));
#3893=CARTESIAN_POINT('Origin',(-26.0974295339817,-9.37185390383294,24.7477716801135));
#3894=CARTESIAN_POINT('Origin',(-10.0869658956004,-9.37185390383294,24.7477716801135));
#3895=CARTESIAN_POINT('Origin',(2.12082013057412,9.12814609616706,24.7477716801135));
#3896=CARTESIAN_POINT('',(-7.08696589560036,12.1281460961671,24.7477716801135));
#3897=CARTESIAN_POINT('Origin',(-10.0869658956004,9.12814609616706,24.7477716801135));
#3898=CARTESIAN_POINT('',(-26.0974295339817,12.1281460961671,24.7477716801135));
#3899=CARTESIAN_POINT('',(2.12082013057412,12.1281460961671,24.7477716801135));
#3900=CARTESIAN_POINT('Origin',(-26.0974295339817,9.12814609616706,24.7477716801135));
#3901=CARTESIAN_POINT('Origin',(-10.0869658956004,12.1281460961671,24.7477716801135));
#3902=CARTESIAN_POINT('Origin',(-10.0869658956004,12.1281460961671,24.7477716801135));
#3903=CARTESIAN_POINT('Origin',(-25.4977112172487,12.1281460961671,27.7477716801135));
#3904=CARTESIAN_POINT('',(-27.3964265479492,-12.369421427029,18.2497359637266));
#3905=CARTESIAN_POINT('Origin',(-25.4977112172487,-2.37185390383294,27.7477716801135));
#3906=CARTESIAN_POINT('',(-27.3964265479492,12.1281460961671,18.2497359637266));
#3907=CARTESIAN_POINT('Origin',(-34.2376333289228,-2.37185390383294,-21.8187896966986));
#3908=CARTESIAN_POINT('',(-62.8045264774242,-11.4069329328855,-159.149246524998));
#3909=CARTESIAN_POINT('Origin',(-58.492065245037,-2.37185390383294,-159.372508467712));
#3910=CARTESIAN_POINT('',(-42.8337018812397,-11.4069329328855,-45.8890720698825));
#3911=CARTESIAN_POINT('',(-38.4582379846894,-11.4069329328855,-21.0745832209832));
#3912=CARTESIAN_POINT('Ctrl Pts',(-38.1399783443679,-12.3718539038329,-43.9500880366723));
#3913=CARTESIAN_POINT('Ctrl Pts',(-38.4960333462168,-12.371853903833,-43.9890628862469));
#3914=CARTESIAN_POINT('Ctrl Pts',(-38.8498013102103,-12.3541141254409,-44.0544258801674));
#3915=CARTESIAN_POINT('Ctrl Pts',(-40.8087615925226,-12.1671677332924,-44.5557655644291));
#3916=CARTESIAN_POINT('Ctrl Pts',(-42.104572568791,-11.7082942065012,-45.4193524947619));
#3917=CARTESIAN_POINT('Ctrl Pts',(-42.8288017173351,-11.4089609506278,-45.8859144103781));
#3918=CARTESIAN_POINT('Ctrl Pts',(-42.8312519773677,-11.4079473210738,-45.8874932093393));
#3919=CARTESIAN_POINT('Ctrl Pts',(-42.8337018812397,-11.4069329328855,-45.8890720698825));
#3920=CARTESIAN_POINT('',(-34.2376333289228,-12.3718539038329,-21.8187896966986));
#3921=CARTESIAN_POINT('Origin',(-27.1724711777804,-2.37185390383294,18.2497359637266));
#3922=CARTESIAN_POINT('Ctrl Pts',(-8.44618119821052,-8.37185390383294,-64.3068649095365));
#3923=CARTESIAN_POINT('Ctrl Pts',(-8.35317025577575,-8.77357540626,-63.7793736426806));
#3924=CARTESIAN_POINT('Ctrl Pts',(-8.36755366709522,-9.17512387323836,-63.2331801267481));
#3925=CARTESIAN_POINT('Ctrl Pts',(-8.48819826070929,-9.5448640235166,-62.7113152457171));
#3926=CARTESIAN_POINT('Ctrl Pts',(-8.44618119821052,-8.37185390383294,-64.3068649095365));
#3927=CARTESIAN_POINT('Ctrl Pts',(-8.36092116764531,-8.8182111287519,-63.823331248252));
#3928=CARTESIAN_POINT('Ctrl Pts',(-8.36427839780198,-9.26438533205843,-63.3241711321928));
#3929=CARTESIAN_POINT('Ctrl Pts',(-8.45971185127351,-9.68227522184852,-62.8345371508673));
#3930=CARTESIAN_POINT('Ctrl Pts',(-8.44618119821052,-8.37185390383294,-64.3068649095365));
#3931=CARTESIAN_POINT('Ctrl Pts',(-8.36867207951488,-8.86284685124379,-63.8672888538233));
#3932=CARTESIAN_POINT('Ctrl Pts',(-8.3798121466878,-9.35384062663463,-63.4122673998394));
#3933=CARTESIAN_POINT('Ctrl Pts',(-8.48353445383276,-9.81946412229839,-62.9696418436575));
#3934=CARTESIAN_POINT('Ctrl Pts',(-8.44618119821052,-8.37185390383294,-64.3068649095365));
#3935=CARTESIAN_POINT('Ctrl Pts',(-8.37642299138444,-8.90748257373569,-63.9112464593946));
#3936=CARTESIAN_POINT('Ctrl Pts',(-8.41404912254915,-9.44288052970681,-63.4968689579588));
#3937=CARTESIAN_POINT('Ctrl Pts',(-8.55609528393192,-9.93586739674448,-63.0963783991258));
#3938=CARTESIAN_POINT('',(-8.48819826070928,-9.54486402351661,-62.7113152457171));
#3939=CARTESIAN_POINT('Origin',(-9.4625017480968,-9.5448640235166,-62.936554484005));
#3940=CARTESIAN_POINT('Origin',(-12.3854122102594,-8.37185390383294,-63.6122721988688));
#3941=CARTESIAN_POINT('Ctrl Pts',(-8.48819826070929,-9.5448640235166,-62.7113152457171));
#3942=CARTESIAN_POINT('Ctrl Pts',(-8.63866770239054,-10.1597233919906,-62.0604388580608));
#3943=CARTESIAN_POINT('Ctrl Pts',(-9.11626994263756,-11.0734669443103,-59.9945042909143));
#3944=CARTESIAN_POINT('Ctrl Pts',(-9.79015949926414,-11.3718539038329,-57.079501780135));
#3945=CARTESIAN_POINT('Ctrl Pts',(-10.0787812580211,-11.3718539038329,-55.8310284313955));
#3946=CARTESIAN_POINT('Ctrl Pts',(-8.47192031246027,-9.6233847082777,-62.7817277629458));
#3947=CARTESIAN_POINT('Ctrl Pts',(-8.62340294542425,-10.2816704541887,-62.1262078773954));
#3948=CARTESIAN_POINT('Ctrl Pts',(-9.10576723541393,-11.2703940862843,-60.0457809504439));
#3949=CARTESIAN_POINT('Ctrl Pts',(-9.78691517064825,-11.6411395936329,-57.098892186559));
#3950=CARTESIAN_POINT('Ctrl Pts',(-10.0787812580211,-11.6710532041748,-55.8310284313955));
#3951=CARTESIAN_POINT('Ctrl Pts',(-8.47283527817421,-9.76077140621596,-62.9117235260673));
#3952=CARTESIAN_POINT('Ctrl Pts',(-8.6422418757328,-10.4949857585961,-62.2517716959793));
#3953=CARTESIAN_POINT('Ctrl Pts',(-9.18030577411479,-11.6168144946297,-60.1567344531721));
#3954=CARTESIAN_POINT('Ctrl Pts',(-9.97183286025679,-12.1113885897904,-57.1762367410961));
#3955=CARTESIAN_POINT('Ctrl Pts',(-10.3235662954783,-12.1889195974652,-55.8876177755731));
#3956=CARTESIAN_POINT('Ctrl Pts',(-8.52499778531799,-9.88598027912472,-63.0420627324965));
#3957=CARTESIAN_POINT('Ctrl Pts',(-8.73843435127414,-10.682935285191,-62.3783660046149));
#3958=CARTESIAN_POINT('Ctrl Pts',(-9.41671217907391,-11.8836177257425,-60.271484798072));
#3959=CARTESIAN_POINT('Ctrl Pts',(-10.402432311039,-12.3370345697987,-57.2881253567256));
#3960=CARTESIAN_POINT('Ctrl Pts',(-10.8344515540984,-12.371853903833,-56.0057241028045));
#3961=CARTESIAN_POINT('Ctrl Pts',(-8.55609528393192,-9.93586739674447,-63.0963783991258));
#3962=CARTESIAN_POINT('Ctrl Pts',(-8.79231094245924,-10.7556798880431,-62.4303826399459));
#3963=CARTESIAN_POINT('Ctrl Pts',(-9.54207864567876,-11.9740046244695,-60.3164579584604));
#3964=CARTESIAN_POINT('Ctrl Pts',(-10.5999895650962,-12.371853903833,-57.3337421202526));
#3965=CARTESIAN_POINT('Ctrl Pts',(-11.0530847454087,-12.3718539038329,-56.0562676696835));
#3966=CARTESIAN_POINT('',(-10.0787812580211,-11.3718539038329,-55.8310284313955));
#3967=CARTESIAN_POINT('Origin',(-11.0530847454086,-11.3718539038329,-56.0562676696835));
#3968=CARTESIAN_POINT('Origin',(-10.0787812580211,-8.37185390383294,-55.8310284313956));
#3969=CARTESIAN_POINT('Origin',(-11.1379965676074,-11.3718539038329,-55.6889698350898));
#3970=CARTESIAN_POINT('',(-16.9561269861745,-11.3718539038329,-26.0821179935786));
#3971=CARTESIAN_POINT('Origin',(-17.930430473562,-11.3718539038329,-26.3073572318665));
#3972=CARTESIAN_POINT('',(-10.1636930802199,-11.3718539038329,-55.4637305968019));
#3973=CARTESIAN_POINT('Ctrl Pts',(-16.9561269861745,-11.3718539038329,-26.0821179935786));
#3974=CARTESIAN_POINT('Ctrl Pts',(-16.9561269861745,-11.3718539038329,-26.0821179935786));
#3975=CARTESIAN_POINT('Ctrl Pts',(-16.9561269861745,-11.3718539038329,-26.0821179935786));
#3976=CARTESIAN_POINT('Ctrl Pts',(-16.9561269861745,-11.3718539038329,-26.0821179935786));
#3977=CARTESIAN_POINT('Ctrl Pts',(-16.9561269861745,-11.3718539038329,-26.0821179935786));
#3978=CARTESIAN_POINT('Ctrl Pts',(-16.9561269861745,-12.3718539038329,-26.0821179935786));
#3979=CARTESIAN_POINT('Ctrl Pts',(-16.9561269861745,-12.3718539038329,-26.0821179935786));
#3980=CARTESIAN_POINT('Ctrl Pts',(-16.9561269861745,-12.3718539038329,-26.0821179935786));
#3981=CARTESIAN_POINT('Ctrl Pts',(-16.9561269861745,-12.3718539038329,-26.0821179935786));
#3982=CARTESIAN_POINT('Ctrl Pts',(-16.9561269861745,-12.3718539038329,-26.0821179935786));
#3983=CARTESIAN_POINT('Ctrl Pts',(-16.9910001537365,-12.3718539038329,-25.0827262474729));
#3984=CARTESIAN_POINT('Ctrl Pts',(-17.4624422878237,-12.3718539038329,-25.099176934205));
#3985=CARTESIAN_POINT('Ctrl Pts',(-17.7495623283467,-12.3718539038329,-25.4734634464075));
#3986=CARTESIAN_POINT('Ctrl Pts',(-18.0366823688697,-12.3718539038329,-25.8477499586101));
#3987=CARTESIAN_POINT('Ctrl Pts',(-17.930430473562,-12.3718539038329,-26.3073572318665));
#3988=CARTESIAN_POINT('',(-16.9910001537365,-11.6336366330346,-26.0821179935786));
#3989=CARTESIAN_POINT('Ctrl Pts',(-16.9910001537365,-11.6336366330346,-26.0821179935786));
#3990=CARTESIAN_POINT('Ctrl Pts',(-16.9910001537365,-11.6336366330346,-26.0805028123849));
#3991=CARTESIAN_POINT('Ctrl Pts',(-16.9910001537365,-11.6341686968084,-26.0786390540969));
#3992=CARTESIAN_POINT('Ctrl Pts',(-16.9910001537365,-11.6352909061409,-26.076447343773));
#3993=CARTESIAN_POINT('Ctrl Pts',(-16.9910001537365,-11.6358372147761,-26.0755900696837));
#3994=CARTESIAN_POINT('Ctrl Pts',(-16.9910001537365,-11.6372759258181,-26.0736411196924));
#3995=CARTESIAN_POINT('Ctrl Pts',(-16.9910001537365,-11.6385705886981,-26.0722636381275));
#3996=CARTESIAN_POINT('Ctrl Pts',(-16.9910001537365,-11.6422799347084,-26.0688144700419));
#3997=CARTESIAN_POINT('Ctrl Pts',(-16.9910001537365,-11.645693369398,-26.0663883131781));
#3998=CARTESIAN_POINT('Ctrl Pts',(-16.9910001537365,-11.6567971490465,-26.0592927238621));
#3999=CARTESIAN_POINT('Ctrl Pts',(-16.9910001537365,-11.6672396054087,-26.0541844375635));
#4000=CARTESIAN_POINT('Ctrl Pts',(-16.9910001537365,-11.6847626009802,-26.0459189273563));
#4001=CARTESIAN_POINT('Ctrl Pts',(-16.9910001537365,-11.6953724178283,-26.0411690214248));
#4002=CARTESIAN_POINT('Ctrl Pts',(-16.9910001537365,-11.7129492772467,-26.0333259224533));
#4003=CARTESIAN_POINT('Ctrl Pts',(-16.9910001537365,-11.7234299622184,-26.0286602660333));
#4004=CARTESIAN_POINT('Ctrl Pts',(-16.9910001537365,-11.7494136142674,-26.0169174506159));
#4005=CARTESIAN_POINT('Ctrl Pts',(-16.9910001537365,-11.7700177351701,-26.0072852406704));
#4006=CARTESIAN_POINT('Ctrl Pts',(-16.9910001537365,-11.8332214450564,-25.9760141778229));
#4007=CARTESIAN_POINT('Ctrl Pts',(-16.9910001537365,-11.8868198180977,-25.9450983645575));
#4008=CARTESIAN_POINT('Ctrl Pts',(-16.9910001537365,-11.9717315985911,-25.8868371417613));
#4009=CARTESIAN_POINT('Ctrl Pts',(-16.9910001537365,-12.0159204559571,-25.8517063402942));
#4010=CARTESIAN_POINT('Ctrl Pts',(-16.9910001537365,-12.0975457786799,-25.7743434536683));
#4011=CARTESIAN_POINT('Ctrl Pts',(-16.9910001537365,-12.1349820937439,-25.7321112099362));
#4012=CARTESIAN_POINT('Ctrl Pts',(-16.9910001537365,-12.1972517325111,-25.6503781230164));
#4013=CARTESIAN_POINT('Ctrl Pts',(-16.9910001537365,-12.227993063293,-25.6031495716126));
#4014=CARTESIAN_POINT('Ctrl Pts',(-16.9910001537365,-12.2807036841969,-25.504030452517));
#4015=CARTESIAN_POINT('Ctrl Pts',(-16.9910001537365,-12.3026721089018,-25.4521394246069));
#4016=CARTESIAN_POINT('Ctrl Pts',(-16.9910001537365,-12.3355012078554,-25.3549807864854));
#4017=CARTESIAN_POINT('Ctrl Pts',(-16.9910001537365,-12.349486756938,-25.300526908488));
#4018=CARTESIAN_POINT('Ctrl Pts',(-16.9910001537365,-12.3676632808054,-25.1900089751559));
#4019=CARTESIAN_POINT('Ctrl Pts',(-16.9910001537365,-12.3718539038329,-25.1339448619693));
#4020=CARTESIAN_POINT('Ctrl Pts',(-16.9910001537365,-12.3718539038329,-25.0827262474729));
#4021=CARTESIAN_POINT('Origin',(-17.9561269861745,-11.3718539038329,-26.0821179935786));
#4022=CARTESIAN_POINT('Origin',(-16.9910001537365,12.1281460961671,-26.0821179935786));
#4023=CARTESIAN_POINT('',(-16.9910001537365,11.3899288253688,-26.0821179935786));
#4024=CARTESIAN_POINT('',(-16.9910001537365,12.1281460961671,-26.0821179935786));
#4025=CARTESIAN_POINT('Ctrl Pts',(-16.9910001537365,12.1281460961671,-25.0827262474729));
#4026=CARTESIAN_POINT('Ctrl Pts',(-16.9910001537365,12.1281460961671,-25.1339448619693));
#4027=CARTESIAN_POINT('Ctrl Pts',(-16.9910001537365,12.1239554731396,-25.1900089751559));
#4028=CARTESIAN_POINT('Ctrl Pts',(-16.9910001537365,12.1057789492722,-25.300526908488));
#4029=CARTESIAN_POINT('Ctrl Pts',(-16.9910001537365,12.0917934001895,-25.3549807864854));
#4030=CARTESIAN_POINT('Ctrl Pts',(-16.9910001537365,12.0589643012359,-25.4521394246069));
#4031=CARTESIAN_POINT('Ctrl Pts',(-16.9910001537365,12.036995876531,-25.504030452517));
#4032=CARTESIAN_POINT('Ctrl Pts',(-16.9910001537365,11.9842852556271,-25.6031495716126));
#4033=CARTESIAN_POINT('Ctrl Pts',(-16.9910001537365,11.9535439248453,-25.6503781230164));
#4034=CARTESIAN_POINT('Ctrl Pts',(-16.9910001537365,11.8912742860781,-25.7321112099362));
#4035=CARTESIAN_POINT('Ctrl Pts',(-16.9910001537365,11.853837971014,-25.7743434536683));
#4036=CARTESIAN_POINT('Ctrl Pts',(-16.9910001537365,11.7722126482912,-25.8517063402942));
#4037=CARTESIAN_POINT('Ctrl Pts',(-16.9910001537365,11.7280237909252,-25.8868371417613));
#4038=CARTESIAN_POINT('Ctrl Pts',(-16.9910001537365,11.6431120104319,-25.9450983645575));
#4039=CARTESIAN_POINT('Ctrl Pts',(-16.9910001537365,11.5895136373905,-25.9760141778229));
#4040=CARTESIAN_POINT('Ctrl Pts',(-16.9910001537365,11.5263099275042,-26.0072852406704));
#4041=CARTESIAN_POINT('Ctrl Pts',(-16.9910001537365,11.5057058066015,-26.0169174506159));
#4042=CARTESIAN_POINT('Ctrl Pts',(-16.9910001537365,11.4797221545525,-26.0286602660333));
#4043=CARTESIAN_POINT('Ctrl Pts',(-16.9910001537365,11.4692414695808,-26.0333259224533));
#4044=CARTESIAN_POINT('Ctrl Pts',(-16.9910001537365,11.4516646101624,-26.0411690214248));
#4045=CARTESIAN_POINT('Ctrl Pts',(-16.9910001537365,11.4410547933144,-26.0459189273563));
#4046=CARTESIAN_POINT('Ctrl Pts',(-16.9910001537365,11.4235317977428,-26.0541844375635));
#4047=CARTESIAN_POINT('Ctrl Pts',(-16.9910001537365,11.4130893413807,-26.0592927238621));
#4048=CARTESIAN_POINT('Ctrl Pts',(-16.9910001537365,11.4019855617321,-26.0663883131781));
#4049=CARTESIAN_POINT('Ctrl Pts',(-16.9910001537365,11.3985721270425,-26.0688144700419));
#4050=CARTESIAN_POINT('Ctrl Pts',(-16.9910001537365,11.3948627810323,-26.0722636381275));
#4051=CARTESIAN_POINT('Ctrl Pts',(-16.9910001537365,11.3935681181522,-26.0736411196924));
#4052=CARTESIAN_POINT('Ctrl Pts',(-16.9910001537365,11.3921294071103,-26.0755900696837));
#4053=CARTESIAN_POINT('Ctrl Pts',(-16.9910001537365,11.391583098475,-26.076447343773));
#4054=CARTESIAN_POINT('Ctrl Pts',(-16.9910001537365,11.3904608891425,-26.0786390540969));
#4055=CARTESIAN_POINT('Ctrl Pts',(-16.9910001537365,11.3899288253688,-26.0805028123849));
#4056=CARTESIAN_POINT('Ctrl Pts',(-16.9910001537365,11.3899288253688,-26.0821179935786));
#4057=CARTESIAN_POINT('',(-16.9910001537365,-10.0809490812417,-18.0821179935785));
#4058=CARTESIAN_POINT('',(-16.9910001537365,12.1281460961671,-18.0821179935785));
#4059=CARTESIAN_POINT('Ctrl Pts',(-16.9910001537365,-12.3718539038329,-21.0809133859429));
#4060=CARTESIAN_POINT('Ctrl Pts',(-16.9910001537365,-12.3718539038329,-20.9241548548363));
#4061=CARTESIAN_POINT('Ctrl Pts',(-16.9910001537365,-12.35876426031,-20.7526016796946));
#4062=CARTESIAN_POINT('Ctrl Pts',(-16.9910001537365,-12.3020143240042,-20.4146269706201));
#4063=CARTESIAN_POINT('Ctrl Pts',(-16.9910001537365,-12.258354759721,-20.248205314364));
#4064=CARTESIAN_POINT('Ctrl Pts',(-16.9910001537365,-12.1559084816569,-19.9516345932962));
#4065=CARTESIAN_POINT('Ctrl Pts',(-16.9910001537365,-12.0874118561549,-19.7935074877293));
#4066=CARTESIAN_POINT('Ctrl Pts',(-16.9910001537365,-11.9231784435317,-19.4920891036379));
#4067=CARTESIAN_POINT('Ctrl Pts',(-16.9910001537365,-11.8274434366113,-19.3487968551412));
#4068=CARTESIAN_POINT('Ctrl Pts',(-16.9910001537365,-11.633635957703,-19.1015114108604));
#4069=CARTESIAN_POINT('Ctrl Pts',(-16.9910001537365,-11.5172345679579,-18.9741904307332));
#4070=CARTESIAN_POINT('Ctrl Pts',(-16.9910001537365,-11.2636728952567,-18.7421790257071));
#4071=CARTESIAN_POINT('Ctrl Pts',(-16.9910001537365,-11.1265116657361,-18.6374896352962));
#4072=CARTESIAN_POINT('Ctrl Pts',(-16.9910001537365,-10.8632501277686,-18.4653723978029));
#4073=CARTESIAN_POINT('Ctrl Pts',(-16.9910001537365,-10.6973845685405,-18.3751234575563));
#4074=CARTESIAN_POINT('Ctrl Pts',(-16.9910001537365,-10.5264291668297,-18.2968545582983));
#4075=CARTESIAN_POINT('Ctrl Pts',(-16.9910001537365,-10.4927805726311,-18.2819639807884));
#4076=CARTESIAN_POINT('Ctrl Pts',(-16.9910001537365,-10.4248109873937,-18.2527817921511));
#4077=CARTESIAN_POINT('Ctrl Pts',(-16.9910001537365,-10.3767459164851,-18.2330251605455));
#4078=CARTESIAN_POINT('Ctrl Pts',(-16.9910001537365,-10.3217860645931,-18.2109577950509));
#4079=CARTESIAN_POINT('Ctrl Pts',(-16.9910001537365,-10.3040415596584,-18.2038841315868));
#4080=CARTESIAN_POINT('Ctrl Pts',(-16.9910001537365,-10.2743832681494,-18.1920698775499));
#4081=CARTESIAN_POINT('Ctrl Pts',(-16.9910001537365,-10.2565398359285,-18.1849613853214));
#4082=CARTESIAN_POINT('Ctrl Pts',(-16.9910001537365,-10.2306815101182,-18.174538123697));
#4083=CARTESIAN_POINT('Ctrl Pts',(-16.9910001537365,-10.2174843554573,-18.1691656369779));
#4084=CARTESIAN_POINT('Ctrl Pts',(-16.9910001537365,-10.180215109592,-18.1536637577517));
#4085=CARTESIAN_POINT('Ctrl Pts',(-16.9910001537365,-10.1487708150422,-18.1402425615537));
#4086=CARTESIAN_POINT('Ctrl Pts',(-16.9910001537365,-10.1154135584075,-18.1215087787651));
#4087=CARTESIAN_POINT('Ctrl Pts',(-16.9910001537365,-10.1054602720679,-18.1153196778554));
#4088=CARTESIAN_POINT('Ctrl Pts',(-16.9910001537365,-10.0946858591636,-18.1064383520422));
#4089=CARTESIAN_POINT('Ctrl Pts',(-16.9910001537365,-10.091019646137,-18.1029872409109));
#4090=CARTESIAN_POINT('Ctrl Pts',(-16.9910001537365,-10.0869665260389,-18.0980794517496));
#4091=CARTESIAN_POINT('Ctrl Pts',(-16.9910001537365,-10.0854545007836,-18.0959605312039));
#4092=CARTESIAN_POINT('Ctrl Pts',(-16.9910001537365,-10.0824146850388,-18.0906247614326));
#4093=CARTESIAN_POINT('Ctrl Pts',(-16.9910001537365,-10.0809490812417,-18.0860896788359));
#4094=CARTESIAN_POINT('Ctrl Pts',(-16.9910001537365,-10.0809490812417,-18.0821179935785));
#4095=CARTESIAN_POINT('Ctrl Pts',(-8.48819826070929,9.30115621585072,-62.7113152457171));
#4096=CARTESIAN_POINT('Ctrl Pts',(-8.36755366709522,8.93141606557248,-63.2331801267481));
#4097=CARTESIAN_POINT('Ctrl Pts',(-8.35317025577575,8.52986759859412,-63.7793736426806));
#4098=CARTESIAN_POINT('Ctrl Pts',(-8.44618119821052,8.12814609616706,-64.3068649095365));
#4099=CARTESIAN_POINT('Ctrl Pts',(-8.45971185127351,9.43856741418264,-62.8345371508673));
#4100=CARTESIAN_POINT('Ctrl Pts',(-8.36427839780198,9.02067752439256,-63.3241711321928));
#4101=CARTESIAN_POINT('Ctrl Pts',(-8.36092116764531,8.57450332108602,-63.823331248252));
#4102=CARTESIAN_POINT('Ctrl Pts',(-8.44618119821052,8.12814609616706,-64.3068649095365));
#4103=CARTESIAN_POINT('Ctrl Pts',(-8.48353445383276,9.57575631463251,-62.9696418436576));
#4104=CARTESIAN_POINT('Ctrl Pts',(-8.3798121466878,9.11013281896876,-63.4122673998394));
#4105=CARTESIAN_POINT('Ctrl Pts',(-8.36867207951488,8.61913904357792,-63.8672888538233));
#4106=CARTESIAN_POINT('Ctrl Pts',(-8.44618119821052,8.12814609616706,-64.3068649095365));
#4107=CARTESIAN_POINT('Ctrl Pts',(-8.55609528393193,9.6921595890786,-63.0963783991258));
#4108=CARTESIAN_POINT('Ctrl Pts',(-8.41404912254916,9.19917272204094,-63.4968689579588));
#4109=CARTESIAN_POINT('Ctrl Pts',(-8.37642299138444,8.66377476606981,-63.9112464593946));
#4110=CARTESIAN_POINT('Ctrl Pts',(-8.44618119821052,8.12814609616706,-64.3068649095365));
#4111=CARTESIAN_POINT('',(-8.48819826070928,9.30115621585072,-62.7113152457171));
#4112=CARTESIAN_POINT('Origin',(-9.46250174809681,9.30115621585072,-62.936554484005));
#4113=CARTESIAN_POINT('Origin',(-12.3854122102594,8.12814609616706,-63.6122721988688));
#4114=CARTESIAN_POINT('Ctrl Pts',(-10.0787812580211,11.1281460961671,-55.8310284313955));
#4115=CARTESIAN_POINT('Ctrl Pts',(-9.79015949926414,11.1281460961671,-57.079501780135));
#4116=CARTESIAN_POINT('Ctrl Pts',(-9.1162697708061,10.8297596589686,-59.994505034195));
#4117=CARTESIAN_POINT('Ctrl Pts',(-8.63866770239054,9.91601558432471,-62.0604388580608));
#4118=CARTESIAN_POINT('Ctrl Pts',(-8.48819826070929,9.30115621585071,-62.7113152457171));
#4119=CARTESIAN_POINT('Ctrl Pts',(-10.0787812580211,11.427345396509,-55.8310284313955));
#4120=CARTESIAN_POINT('Ctrl Pts',(-9.78691517064824,11.397431785967,-57.098892186559));
#4121=CARTESIAN_POINT('Ctrl Pts',(-9.10576600370479,11.0266873279745,-60.0457813693114));
#4122=CARTESIAN_POINT('Ctrl Pts',(-8.62340294542424,10.0379626465228,-62.1262078773954));
#4123=CARTESIAN_POINT('Ctrl Pts',(-8.47192031246027,9.3796769006118,-62.7817277629458));
#4124=CARTESIAN_POINT('Ctrl Pts',(-10.3235660059187,11.9452121463932,-55.8876177086328));
#4125=CARTESIAN_POINT('Ctrl Pts',(-9.97183257069721,11.8676811387184,-57.1762366741558));
#4126=CARTESIAN_POINT('Ctrl Pts',(-9.18030572139639,11.3731071529009,-60.156735164074));
#4127=CARTESIAN_POINT('Ctrl Pts',(-8.64224186774658,10.2512779527748,-62.2517716958756));
#4128=CARTESIAN_POINT('Ctrl Pts',(-8.47283527018799,9.51706360039474,-62.9117235259637));
#4129=CARTESIAN_POINT('Ctrl Pts',(-10.8344515540984,12.1281460961671,-56.0057241028045));
#4130=CARTESIAN_POINT('Ctrl Pts',(-10.402432311039,12.0933267621328,-57.2881253567256));
#4131=CARTESIAN_POINT('Ctrl Pts',(-9.41671218431246,11.6399108009346,-60.2714855542501));
#4132=CARTESIAN_POINT('Ctrl Pts',(-8.73843435127415,10.4392274775252,-62.3783660046149));
#4133=CARTESIAN_POINT('Ctrl Pts',(-8.524997785318,9.64227247145884,-63.0420627324966));
#4134=CARTESIAN_POINT('Ctrl Pts',(-11.0530847454086,12.1281460961671,-56.0562676696835));
#4135=CARTESIAN_POINT('Ctrl Pts',(-10.5999895650961,12.1281460961671,-57.3337421202526));
#4136=CARTESIAN_POINT('Ctrl Pts',(-9.54207837592776,11.7302975132357,-60.3164587190069));
#4137=CARTESIAN_POINT('Ctrl Pts',(-8.79231094245925,10.5119720803773,-62.4303826399459));
#4138=CARTESIAN_POINT('Ctrl Pts',(-8.55609528393193,9.69215958907859,-63.0963783991258));
#4139=CARTESIAN_POINT('',(-10.0787812580211,11.1281460961671,-55.8310284313955));
#4140=CARTESIAN_POINT('Origin',(-11.0530847454086,11.1281460961671,-56.0562676696835));
#4141=CARTESIAN_POINT('Origin',(-10.0787812580211,8.12814609616706,-55.8310284313955));
#4142=CARTESIAN_POINT('Origin',(-18.9762889925472,11.1281460961671,-21.7833515119631));
#4143=CARTESIAN_POINT('',(-16.9561269861745,11.1281460961671,-26.0821179935786));
#4144=CARTESIAN_POINT('Origin',(-17.930430473562,11.1281460961671,-26.3073572318665));
#4145=CARTESIAN_POINT('',(-18.0019855051597,11.1281460961671,-21.5581122736752));
#4146=CARTESIAN_POINT('Ctrl Pts',(-16.9561269861745,11.1281460961671,-26.0821179935786));
#4147=CARTESIAN_POINT('Ctrl Pts',(-16.9561269861745,11.1281460961671,-26.0821179935786));
#4148=CARTESIAN_POINT('Ctrl Pts',(-16.9561269861745,11.1281460961671,-26.0821179935786));
#4149=CARTESIAN_POINT('Ctrl Pts',(-16.9561269861745,11.1281460961671,-26.0821179935786));
#4150=CARTESIAN_POINT('Ctrl Pts',(-16.9561269861745,11.1281460961671,-26.0821179935786));
#4151=CARTESIAN_POINT('Ctrl Pts',(-16.9561269861745,12.1281460961671,-26.0821179935786));
#4152=CARTESIAN_POINT('Ctrl Pts',(-16.9561269861745,12.1281460961671,-26.0821179935786));
#4153=CARTESIAN_POINT('Ctrl Pts',(-16.9561269861745,12.1281460961671,-26.0821179935786));
#4154=CARTESIAN_POINT('Ctrl Pts',(-16.9561269861745,12.1281460961671,-26.0821179935786));
#4155=CARTESIAN_POINT('Ctrl Pts',(-16.9561269861745,12.1281460961671,-26.0821179935786));
#4156=CARTESIAN_POINT('Ctrl Pts',(-17.930430473562,12.1281460961671,-26.3073572318665));
#4157=CARTESIAN_POINT('Ctrl Pts',(-18.0366823688697,12.1281460961671,-25.8477499586101));
#4158=CARTESIAN_POINT('Ctrl Pts',(-17.7495623283467,12.1281460961671,-25.4734634464075));
#4159=CARTESIAN_POINT('Ctrl Pts',(-17.4624422878237,12.1281460961671,-25.099176934205));
#4160=CARTESIAN_POINT('Ctrl Pts',(-16.9910001537365,12.1281460961671,-25.0827262474729));
#4161=CARTESIAN_POINT('Origin',(-17.9561269861745,11.1281460961671,-26.0821179935786));
#4162=CARTESIAN_POINT('Origin',(-12.3854122102594,12.1281460961671,-63.6122721988688));
#4163=CARTESIAN_POINT('',(-8.48819826070928,12.1281460961671,-62.7113152457171));
#4164=CARTESIAN_POINT('Origin',(-12.6304423618461,12.1281460961671,-44.7934653008105));
#4165=CARTESIAN_POINT('',(-16.9561269861745,12.1281460961671,-26.0821179935786));
#4166=CARTESIAN_POINT('Origin',(-16.9121588244128,12.1281460961671,22.99875382192));
#4167=CARTESIAN_POINT('',(-27.1724711777804,12.1281460961671,18.2497359637266));
#4168=CARTESIAN_POINT('',(-8.3266064315769,12.1281460961671,18.2497359637266));
#4169=CARTESIAN_POINT('',(-27.3964265479492,12.1281460961671,18.2497359637266));
#4170=CARTESIAN_POINT('',(-8.3266064315769,12.1281460961671,18.2497359637266));
#4171=CARTESIAN_POINT('',(-27.3964265479492,12.1281460961671,18.2497359637266));
#4172=CARTESIAN_POINT('Origin',(-27.3964265479492,12.1281460961671,18.2497359637266));
#4173=CARTESIAN_POINT('',(-27.1724711777804,12.1281460961671,18.2497359637266));
#4174=CARTESIAN_POINT('Origin',(-27.3964265479492,12.1281460961671,18.2497359637266));
#4175=CARTESIAN_POINT('',(-27.3964265479492,12.1257136193631,18.2497359637266));
#4176=CARTESIAN_POINT('Origin',(-27.1724711777804,2.12814609616706,18.2497359637266));
#4177=CARTESIAN_POINT('',(-27.3964265479492,12.1281460961671,18.2497359637266));
#4178=CARTESIAN_POINT('Origin',(-27.3964265479492,12.1281460961671,18.2497359637266));
#4179=CARTESIAN_POINT('Origin',(-25.4977112172487,12.1281460961671,27.7477716801135));
#4180=CARTESIAN_POINT('Origin',(-25.4977112172487,2.12814609616706,27.7477716801136));
#4181=CARTESIAN_POINT('Origin',(-27.7239332911003,2.12814609616706,15.1222389062473));
#4182=CARTESIAN_POINT('',(-27.7239332911003,12.1281460961671,15.1222389062473));
#4183=CARTESIAN_POINT('',(-41.7918128152381,11.1632251252196,-39.9802255518092));
#4184=CARTESIAN_POINT('Origin',(-37.5712081594715,2.12814609616706,-40.7244320275246));
#4185=CARTESIAN_POINT('',(-62.8045264774242,11.1632251252196,-159.149246524998));
#4186=CARTESIAN_POINT('',(-31.9445379468669,11.1632251252196,15.8664453819627));
#4187=CARTESIAN_POINT('Origin',(-58.492065245037,2.12814609616706,-159.372508467712));
#4188=CARTESIAN_POINT('Origin',(0.,0.,6.5));
#4189=CARTESIAN_POINT('',(1.,-1.22464679914735E-16,0.5));
#4190=CARTESIAN_POINT('Origin',(0.,0.,0.5));
#4191=CARTESIAN_POINT('',(1.,-1.22464679914735E-16,6.75));
#4192=CARTESIAN_POINT('',(1.,-1.22464679914735E-16,6.5));
#4193=CARTESIAN_POINT('Origin',(0.,0.,6.75));
#4194=CARTESIAN_POINT('Origin',(-1.11022302462516E-15,-1.11022302462516E-15,
0.5));
#4195=CARTESIAN_POINT('',(-1.71681845337184,-1.02593097535999,0.500000003994851));
#4196=CARTESIAN_POINT('',(2.89096848878153,0.733346347281934,0.5));
#4197=CARTESIAN_POINT('Ctrl Pts',(-1.71949478847344,-1.02568478122462,0.500000006968919));
#4198=CARTESIAN_POINT('Ctrl Pts',(-1.69356406453613,-1.09204834758883,0.500000005572361));
#4199=CARTESIAN_POINT('Ctrl Pts',(-1.66384521817863,-1.15693292278344,0.500000003336199));
#4200=CARTESIAN_POINT('Ctrl Pts',(-1.63064420652224,-1.22015721419324,0.50000000177473));
#4201=CARTESIAN_POINT('Ctrl Pts',(-1.60862014228894,-1.26209737762938,0.500000000738921));
#4202=CARTESIAN_POINT('Ctrl Pts',(-1.58506263378155,-1.30330712517725,0.500000000000001));
#4203=CARTESIAN_POINT('Ctrl Pts',(-1.56004841610748,-1.34373340809734,0.5));
#4204=CARTESIAN_POINT('Ctrl Pts',(-1.52117027998146,-1.40656561620054,0.5));
#4205=CARTESIAN_POINT('Ctrl Pts',(-1.47892936337932,-1.46725649292896,0.499999999999999));
#4206=CARTESIAN_POINT('Ctrl Pts',(-1.43366914470158,-1.52562436699694,0.499999999999999));
#4207=CARTESIAN_POINT('Ctrl Pts',(-1.38735037802963,-1.58535735148256,0.5));
#4208=CARTESIAN_POINT('Ctrl Pts',(-1.33786919823264,-1.64265819935938,0.5));
#4209=CARTESIAN_POINT('Ctrl Pts',(-1.28553791968204,-1.69733132667874,0.5));
#4210=CARTESIAN_POINT('Ctrl Pts',(-1.2324405600725,-1.75280481753656,0.5));
#4211=CARTESIAN_POINT('Ctrl Pts',(-1.17640863610705,-1.80557400561667,0.500000000000001));
#4212=CARTESIAN_POINT('Ctrl Pts',(-1.11771654971318,-1.85542061005792,0.500000000000001));
#4213=CARTESIAN_POINT('Ctrl Pts',(-1.08610730776211,-1.88226602444052,0.500000000000001));
#4214=CARTESIAN_POINT('Ctrl Pts',(-1.05372564374913,-1.90826343022143,0.5));
#4215=CARTESIAN_POINT('Ctrl Pts',(-1.02060902296813,-1.93337562709246,0.5));
#4216=CARTESIAN_POINT('Ctrl Pts',(-1.00868393603639,-1.9424183712998,0.5));
#4217=CARTESIAN_POINT('Ctrl Pts',(-0.996662133629221,-1.95134717551645,
0.5));
#4218=CARTESIAN_POINT('Ctrl Pts',(-0.984562985316974,-1.96014773266232,
0.5));
#4219=CARTESIAN_POINT('Ctrl Pts',(-0.919747285835979,-2.00729272605452,
0.5));
#4220=CARTESIAN_POINT('Ctrl Pts',(-0.852606538105999,-2.05084306686488,
0.499999999999998));
#4221=CARTESIAN_POINT('Ctrl Pts',(-0.78348358370996,-2.09059326147008,0.499999999999998));
#4222=CARTESIAN_POINT('Ctrl Pts',(-0.713714891239329,-2.13071479746763,
0.499999999999999));
#4223=CARTESIAN_POINT('Ctrl Pts',(-0.641926207518394,-2.16696580950132,
0.5));
#4224=CARTESIAN_POINT('Ctrl Pts',(-0.568421513756199,-2.19911378325899,
0.5));
#4225=CARTESIAN_POINT('Ctrl Pts',(-0.495687085328696,-2.23092487417967,
0.5));
#4226=CARTESIAN_POINT('Ctrl Pts',(-0.421271682013852,-2.25871932915945,
0.5));
#4227=CARTESIAN_POINT('Ctrl Pts',(-0.34543258961675,-2.28223776537338,0.5));
#4228=CARTESIAN_POINT('Ctrl Pts',(-0.336037439434319,-2.28515129233292,
0.5));
#4229=CARTESIAN_POINT('Ctrl Pts',(-0.326620400944091,-2.28799914258583,
0.499999999999999));
#4230=CARTESIAN_POINT('Ctrl Pts',(-0.317181931759478,-2.29078077588221,
0.499999999999999));
#4231=CARTESIAN_POINT('Ctrl Pts',(-0.297145767936066,-2.29668568051589,
0.499999999999999));
#4232=CARTESIAN_POINT('Ctrl Pts',(-0.277013037015906,-2.30229220331685,
0.500000000000001));
#4233=CARTESIAN_POINT('Ctrl Pts',(-0.256789071338738,-2.30760253074522,
0.500000000000001));
#4234=CARTESIAN_POINT('Ctrl Pts',(-0.237672536106551,-2.312622073549,0.500000000000001));
#4235=CARTESIAN_POINT('Ctrl Pts',(-0.218467574637863,-2.31737842398555,
0.499999999999999));
#4236=CARTESIAN_POINT('Ctrl Pts',(-0.199215305711081,-2.32186514278268,
0.499999999999999));
#4237=CARTESIAN_POINT('Ctrl Pts',(-0.122406393047248,-2.33976537020763,
0.499999999999999));
#4238=CARTESIAN_POINT('Ctrl Pts',(-0.0447671108053932,-2.35340132460197,
0.500000000000001));
#4239=CARTESIAN_POINT('Ctrl Pts',(0.0333732952795901,-2.36297104274596,
0.500000000000001));
#4240=CARTESIAN_POINT('Ctrl Pts',(0.113540675315831,-2.37278900082587,0.500000000000001));
#4241=CARTESIAN_POINT('Ctrl Pts',(0.194236111983646,-2.37832724318513,0.500000000000001));
#4242=CARTESIAN_POINT('Ctrl Pts',(0.275135710710047,-2.37975518963948,0.500000000000001));
#4243=CARTESIAN_POINT('Ctrl Pts',(0.351723753062865,-2.38110703347116,0.500000000000002));
#4244=CARTESIAN_POINT('Ctrl Pts',(0.428495587683817,-2.37877467996943,0.5));
#4245=CARTESIAN_POINT('Ctrl Pts',(0.505193511265833,-2.37286450380417,0.5));
#4246=CARTESIAN_POINT('Ctrl Pts',(0.540600794024423,-2.37013609514767,0.5));
#4247=CARTESIAN_POINT('Ctrl Pts',(0.575992500168094,-2.36664468330785,0.500000000000001));
#4248=CARTESIAN_POINT('Ctrl Pts',(0.611343910548751,-2.36239811882417,0.500000000000001));
#4249=CARTESIAN_POINT('Ctrl Pts',(0.633998886074629,-2.35967670506978,0.500000000000001));
#4250=CARTESIAN_POINT('Ctrl Pts',(0.656637318722531,-2.35664512466665,0.5));
#4251=CARTESIAN_POINT('Ctrl Pts',(0.679252736169418,-2.35330508757462,0.5));
#4252=CARTESIAN_POINT('Ctrl Pts',(0.692195211444228,-2.35139363280789,0.5));
#4253=CARTESIAN_POINT('Ctrl Pts',(0.705127827717232,-2.34938143506654,0.5));
#4254=CARTESIAN_POINT('Ctrl Pts',(0.718038386611389,-2.34727085348368,0.5));
#4255=CARTESIAN_POINT('Ctrl Pts',(0.802942375389993,-2.33339098999387,0.5));
#4256=CARTESIAN_POINT('Ctrl Pts',(0.887023701925052,-2.31524086759294,0.5));
#4257=CARTESIAN_POINT('Ctrl Pts',(0.96992784267081,-2.29301314020742,0.5));
#4258=CARTESIAN_POINT('Ctrl Pts',(1.05449681978004,-2.27033904755599,0.499999999999999));
#4259=CARTESIAN_POINT('Ctrl Pts',(1.13784177265507,-2.2434220489258,0.500000000000001));
#4260=CARTESIAN_POINT('Ctrl Pts',(1.21960298495601,-2.2124152375157,0.500000000000001));
#4261=CARTESIAN_POINT('Ctrl Pts',(1.28842180847838,-2.18631664843694,0.500000000000001));
#4262=CARTESIAN_POINT('Ctrl Pts',(1.35611921347986,-2.15731964264985,0.5));
#4263=CARTESIAN_POINT('Ctrl Pts',(1.4224819997517,-2.12548752161143,0.5));
#4264=CARTESIAN_POINT('Ctrl Pts',(1.47225408945558,-2.10161343083261,0.5));
#4265=CARTESIAN_POINT('Ctrl Pts',(1.52127551677193,-2.07614405983634,0.5));
#4266=CARTESIAN_POINT('Ctrl Pts',(1.56945437938261,-2.04909684788626,0.5));
#4267=CARTESIAN_POINT('Ctrl Pts',(1.58203074624087,-2.04203658034268,0.5));
#4268=CARTESIAN_POINT('Ctrl Pts',(1.5945512428925,-2.03486784799252,0.5));
#4269=CARTESIAN_POINT('Ctrl Pts',(1.60700929815358,-2.02759374059909,0.5));
#4270=CARTESIAN_POINT('Ctrl Pts',(1.68593119036083,-1.98151220479136,0.5));
#4271=CARTESIAN_POINT('Ctrl Pts',(1.76206837551833,-1.93136995465749,0.500000000000002));
#4272=CARTESIAN_POINT('Ctrl Pts',(1.83504104673472,-1.87734612558135,0.500000000000002));
#4273=CARTESIAN_POINT('Ctrl Pts',(1.88293345573941,-1.84188995719687,0.500000000000002));
#4274=CARTESIAN_POINT('Ctrl Pts',(1.92946301788786,-1.80476075174407,0.500000000000002));
#4275=CARTESIAN_POINT('Ctrl Pts',(1.9745218914815,-1.76599697865537,0.500000000000002));
#4276=CARTESIAN_POINT('Ctrl Pts',(2.0409875008889,-1.70881716931291,0.500000000000002));
#4277=CARTESIAN_POINT('Ctrl Pts',(2.1042547174498,-1.64808301838566,0.5));
#4278=CARTESIAN_POINT('Ctrl Pts',(2.16428085548391,-1.5841403229395,0.499999999999999));
#4279=CARTESIAN_POINT('Ctrl Pts',(2.19976641219508,-1.54633942120182,0.499999999999999));
#4280=CARTESIAN_POINT('Ctrl Pts',(2.23411884251847,-1.50741626665416,0.500000000000001));
#4281=CARTESIAN_POINT('Ctrl Pts',(2.26732493803347,-1.46743514095224,0.500000000000001));
#4282=CARTESIAN_POINT('Ctrl Pts',(2.29098053395875,-1.43895310054447,0.500000000000001));
#4283=CARTESIAN_POINT('Ctrl Pts',(2.31405430140257,-1.40993403488131,0.500000000000001));
#4284=CARTESIAN_POINT('Ctrl Pts',(2.33654030040251,-1.38039976480032,0.500000000000001));
#4285=CARTESIAN_POINT('Ctrl Pts',(2.34484919959374,-1.36948642833748,0.500000000000001));
#4286=CARTESIAN_POINT('Ctrl Pts',(2.35307923534359,-1.35850082829702,0.5));
#4287=CARTESIAN_POINT('Ctrl Pts',(2.36122547143308,-1.34745028672405,0.5));
#4288=CARTESIAN_POINT('Ctrl Pts',(2.41555567593726,-1.2737502150657,0.500000000000001));
#4289=CARTESIAN_POINT('Ctrl Pts',(2.46603171202154,-1.19734306865211,0.500000000000001));
#4290=CARTESIAN_POINT('Ctrl Pts',(2.51262913388364,-1.11863352161416,0.500000000000001));
#4291=CARTESIAN_POINT('Ctrl Pts',(2.56018403786942,-1.03830665367645,0.5));
#4292=CARTESIAN_POINT('Ctrl Pts',(2.60369981683624,-0.955581245662935,0.500000000000001));
#4293=CARTESIAN_POINT('Ctrl Pts',(2.64312205599214,-0.870839256293339,0.500000000000001));
#4294=CARTESIAN_POINT('Ctrl Pts',(2.68301555309072,-0.785084251518623,0.500000000000001));
#4295=CARTESIAN_POINT('Ctrl Pts',(2.71871759250738,-0.697263453795117,0.500000000000001));
#4296=CARTESIAN_POINT('Ctrl Pts',(2.75013495279437,-0.607733542975691,0.500000000000001));
#4297=CARTESIAN_POINT('Ctrl Pts',(2.76890082926094,-0.554256508904287,0.500000000000001));
#4298=CARTESIAN_POINT('Ctrl Pts',(2.78613728515491,-0.500169001375402,0.500000000000001));
#4299=CARTESIAN_POINT('Ctrl Pts',(2.801817080228,-0.445542151083466,0.500000000000001));
#4300=CARTESIAN_POINT('Ctrl Pts',(2.80634465028134,-0.429768546241236,0.500000000000001));
#4301=CARTESIAN_POINT('Ctrl Pts',(2.81074239182878,-0.41394995361008,0.500000000000001));
#4302=CARTESIAN_POINT('Ctrl Pts',(2.81500955490941,-0.398088043758099,0.500000000000001));
#4303=CARTESIAN_POINT('Ctrl Pts',(2.81868729917523,-0.384417123078294,0.500000000000001));
#4304=CARTESIAN_POINT('Ctrl Pts',(2.8222676704109,-0.370715188851447,0.500000000000002));
#4305=CARTESIAN_POINT('Ctrl Pts',(2.82574728673514,-0.35699559359097,0.500000000000002));
#4306=CARTESIAN_POINT('Ctrl Pts',(2.84990634326997,-0.261740126709889,0.500000000000001));
#4307=CARTESIAN_POINT('Ctrl Pts',(2.86925410209936,-0.165480174648813,0.5));
#4308=CARTESIAN_POINT('Ctrl Pts',(2.88373612227188,-0.0686244499055896,
0.5));
#4309=CARTESIAN_POINT('Ctrl Pts',(2.89829429547098,0.028740586141732,0.5));
#4310=CARTESIAN_POINT('Ctrl Pts',(2.90793591836429,0.126708527992275,0.500000000000001));
#4311=CARTESIAN_POINT('Ctrl Pts',(2.91256410705166,0.22489689430517,0.500000000000001));
#4312=CARTESIAN_POINT('Ctrl Pts',(2.91712193446462,0.321592525759532,0.500000000000001));
#4313=CARTESIAN_POINT('Ctrl Pts',(2.91681793509758,0.418502840348769,0.5));
#4314=CARTESIAN_POINT('Ctrl Pts',(2.91151345910504,0.515280942055895,0.5));
#4315=CARTESIAN_POINT('Ctrl Pts',(2.90752262031198,0.588092243898938,0.5));
#4316=CARTESIAN_POINT('Ctrl Pts',(2.9007004452513,0.660829169795836,0.500000000000001));
#4317=CARTESIAN_POINT('Ctrl Pts',(2.89096848878153,0.733346347281941,0.500000000000001));
#4318=CARTESIAN_POINT('',(-1.99825469045438,0.0835355737221204,0.5));
#4319=CARTESIAN_POINT('Origin',(0.,0.,0.5));
#4320=CARTESIAN_POINT('Ctrl Pts',(2.89123585864146,0.734810485481223,0.500000000000001));
#4321=CARTESIAN_POINT('Ctrl Pts',(2.85751935599801,0.825045973651797,0.500000000000001));
#4322=CARTESIAN_POINT('Ctrl Pts',(2.81944311046622,0.913411092292463,0.500000000000002));
#4323=CARTESIAN_POINT('Ctrl Pts',(2.77697776918572,0.999547260518071,0.500000000000002));
#4324=CARTESIAN_POINT('Ctrl Pts',(2.74558410279382,1.06322578158987,0.500000000000001));
#4325=CARTESIAN_POINT('Ctrl Pts',(2.71179078296052,1.12568564515121,0.500000000000001));
#4326=CARTESIAN_POINT('Ctrl Pts',(2.67557229823377,1.18676962243851,0.500000000000001));
#4327=CARTESIAN_POINT('Ctrl Pts',(2.64687620722648,1.23516677059498,0.500000000000001));
#4328=CARTESIAN_POINT('Ctrl Pts',(2.61665736533798,1.28269997110216,0.500000000000001));
#4329=CARTESIAN_POINT('Ctrl Pts',(2.58497363401523,1.32931869466026,0.500000000000001));
#4330=CARTESIAN_POINT('Ctrl Pts',(2.57143678974951,1.34923650024459,0.500000000000001));
#4331=CARTESIAN_POINT('Ctrl Pts',(2.55763014386184,1.36899038188855,0.5));
#4332=CARTESIAN_POINT('Ctrl Pts',(2.54357408268876,1.38855452955658,0.5));
#4333=CARTESIAN_POINT('Ctrl Pts',(2.48692843180502,1.46739766099966,0.5));
#4334=CARTESIAN_POINT('Ctrl Pts',(2.42618964196592,1.54323180125833,0.5));
#4335=CARTESIAN_POINT('Ctrl Pts',(2.36168656357094,1.6158263605033,0.5));
#4336=CARTESIAN_POINT('Ctrl Pts',(2.30725212505032,1.67708923617498,0.5));
#4337=CARTESIAN_POINT('Ctrl Pts',(2.25013592384979,1.73604443526095,0.5));
#4338=CARTESIAN_POINT('Ctrl Pts',(2.19052218252809,1.79252779064879,0.499999999999999));
#4339=CARTESIAN_POINT('Ctrl Pts',(2.17356480691055,1.80859471502251,0.499999999999999));
#4340=CARTESIAN_POINT('Ctrl Pts',(2.1564052912198,1.82446147588231,0.5));
#4341=CARTESIAN_POINT('Ctrl Pts',(2.13904776739871,1.84012391178369,0.5));
#4342=CARTESIAN_POINT('Ctrl Pts',(2.12826890213201,1.849850142787,0.5));
#4343=CARTESIAN_POINT('Ctrl Pts',(2.11741290154476,1.85949825574775,0.500000000000001));
#4344=CARTESIAN_POINT('Ctrl Pts',(2.10648315817536,1.86906511305343,0.500000000000001));
#4345=CARTESIAN_POINT('Ctrl Pts',(2.03542439412166,1.93126319337826,0.500000000000001));
#4346=CARTESIAN_POINT('Ctrl Pts',(1.9614770234309,1.98983335442535,0.499999999999998));
#4347=CARTESIAN_POINT('Ctrl Pts',(1.88494868834009,2.04457404716863,0.499999999999999));
#4348=CARTESIAN_POINT('Ctrl Pts',(1.80884498884154,2.09901099821341,0.499999999999999));
#4349=CARTESIAN_POINT('Ctrl Pts',(1.73018798649732,2.14966121702897,0.499999999999999));
#4350=CARTESIAN_POINT('Ctrl Pts',(1.64926146736238,2.19627889284512,0.499999999999999));
#4351=CARTESIAN_POINT('Ctrl Pts',(1.57400069320394,2.23963281945526,0.499999999999999));
#4352=CARTESIAN_POINT('Ctrl Pts',(1.49677634299504,2.27949885903533,0.5));
#4353=CARTESIAN_POINT('Ctrl Pts',(1.4178119820085,2.31563802171975,0.5));
#4354=CARTESIAN_POINT('Ctrl Pts',(1.35858871126859,2.34274239373307,0.500000000000001));
#4355=CARTESIAN_POINT('Ctrl Pts',(1.29838654396307,2.3677496015512,0.5));
#4356=CARTESIAN_POINT('Ctrl Pts',(1.23730118962221,2.39054277999961,0.5));
#4357=CARTESIAN_POINT('Ctrl Pts',(1.22479143212623,2.39521062776818,0.5));
#4358=CARTESIAN_POINT('Ctrl Pts',(1.21224464284343,2.39978557211359,0.500000000000001));
#4359=CARTESIAN_POINT('Ctrl Pts',(1.19966165912652,2.40426653420456,0.500000000000001));
#4360=CARTESIAN_POINT('Ctrl Pts',(1.1862400981655,2.40904612442107,0.500000000000001));
#4361=CARTESIAN_POINT('Ctrl Pts',(1.17278558962224,2.41371583696479,0.500000000000001));
#4362=CARTESIAN_POINT('Ctrl Pts',(1.1593025733653,2.41827368225974,0.500000000000001));
#4363=CARTESIAN_POINT('Ctrl Pts',(1.07556181543452,2.44658169674678,0.500000000000001));
#4364=CARTESIAN_POINT('Ctrl Pts',(0.990679461777807,2.47059363849043,0.500000000000001));
#4365=CARTESIAN_POINT('Ctrl Pts',(0.904902208790383,2.49009430089221,0.500000000000001));
#4366=CARTESIAN_POINT('Ctrl Pts',(0.827762383074143,2.50763132436445,0.500000000000001));
#4367=CARTESIAN_POINT('Ctrl Pts',(0.749898316462982,2.52151937834471,0.500000000000002));
#4368=CARTESIAN_POINT('Ctrl Pts',(0.671490365671918,2.53156588080524,0.500000000000002));
#4369=CARTESIAN_POINT('Ctrl Pts',(0.579882208028275,2.54330374121209,0.500000000000002));
#4370=CARTESIAN_POINT('Ctrl Pts',(0.487530166834494,2.54979803077473,0.499999999999999));
#4371=CARTESIAN_POINT('Ctrl Pts',(0.394860721739422,2.55113079668272,0.499999999999999));
#4372=CARTESIAN_POINT('Ctrl Pts',(0.354317839510328,2.55171388176746,0.499999999999998));
#4373=CARTESIAN_POINT('Ctrl Pts',(0.313714531274146,2.55130834629209,0.499999999999999));
#4374=CARTESIAN_POINT('Ctrl Pts',(0.273088411223135,2.54991810146154,0.499999999999999));
#4375=CARTESIAN_POINT('Ctrl Pts',(0.254107914871169,2.54926857999846,0.499999999999999));
#4376=CARTESIAN_POINT('Ctrl Pts',(0.235122458880281,2.54840409679112,0.5));
#4377=CARTESIAN_POINT('Ctrl Pts',(0.216135990366014,2.54732492789161,0.5));
#4378=CARTESIAN_POINT('Ctrl Pts',(0.202823123328802,2.54656823993465,0.5));
#4379=CARTESIAN_POINT('Ctrl Pts',(0.189511037081025,2.54570600870604,0.5));
#4380=CARTESIAN_POINT('Ctrl Pts',(0.176213293581188,2.54473944645441,0.5));
#4381=CARTESIAN_POINT('Ctrl Pts',(0.0892741833682331,2.53842017415657,0.5));
#4382=CARTESIAN_POINT('Ctrl Pts',(0.00280461580801342,2.52763795498081,
0.5));
#4383=CARTESIAN_POINT('Ctrl Pts',(-0.082848292992861,2.51251599924442,0.5));
#4384=CARTESIAN_POINT('Ctrl Pts',(-0.168147512031775,2.4974564871658,0.5));
#4385=CARTESIAN_POINT('Ctrl Pts',(-0.252637711776309,2.47809247667196,0.500000000000002));
#4386=CARTESIAN_POINT('Ctrl Pts',(-0.33595247222894,2.45450013474056,0.500000000000002));
#4387=CARTESIAN_POINT('Ctrl Pts',(-0.417778066720313,2.4313294817435,0.500000000000002));
#4388=CARTESIAN_POINT('Ctrl Pts',(-0.498470586539464,2.40407973655442,0.500000000000001));
#4389=CARTESIAN_POINT('Ctrl Pts',(-0.577648204032926,2.37278725652294,0.500000000000001));
#4390=CARTESIAN_POINT('Ctrl Pts',(-0.616382599879865,2.35747869651643,0.500000000000001));
#4391=CARTESIAN_POINT('Ctrl Pts',(-0.654753842782331,2.34120211143909,0.500000000000001));
#4392=CARTESIAN_POINT('Ctrl Pts',(-0.692713347765924,2.32395915957254,0.500000000000001));
#4393=CARTESIAN_POINT('Ctrl Pts',(-0.710833376415917,2.31572820972302,0.500000000000001));
#4394=CARTESIAN_POINT('Ctrl Pts',(-0.72886539293142,2.30727406284528,0.5));
#4395=CARTESIAN_POINT('Ctrl Pts',(-0.74677188343736,2.29861268744406,0.5));
#4396=CARTESIAN_POINT('Ctrl Pts',(-0.821108318965994,2.26265612890519,0.5));
#4397=CARTESIAN_POINT('Ctrl Pts',(-0.893369671164852,2.22309541146885,0.5));
#4398=CARTESIAN_POINT('Ctrl Pts',(-0.963233253631106,2.1800052641462,0.5));
#4399=CARTESIAN_POINT('Ctrl Pts',(-1.03199893022331,2.13759227828865,0.5));
#4400=CARTESIAN_POINT('Ctrl Pts',(-1.09844221969607,2.09175937562815,0.5));
#4401=CARTESIAN_POINT('Ctrl Pts',(-1.16221666866825,2.04254604149079,0.5));
#4402=CARTESIAN_POINT('Ctrl Pts',(-1.2242754802436,1.99465662685145,0.499999999999999));
#4403=CARTESIAN_POINT('Ctrl Pts',(-1.28380750736673,1.94356570221809,0.5));
#4404=CARTESIAN_POINT('Ctrl Pts',(-1.34044934859602,1.8892870795448,0.5));
#4405=CARTESIAN_POINT('Ctrl Pts',(-1.35055779062205,1.87960038330333,0.5));
#4406=CARTESIAN_POINT('Ctrl Pts',(-1.36057405866387,1.8698121142701,0.499999999999999));
#4407=CARTESIAN_POINT('Ctrl Pts',(-1.3704959197627,1.85992229136177,0.499999999999999));
#4408=CARTESIAN_POINT('Ctrl Pts',(-1.39202365260282,1.83846407265806,0.499999999999999));
#4409=CARTESIAN_POINT('Ctrl Pts',(-1.41310700428268,1.81652776065113,0.500000000000001));
#4410=CARTESIAN_POINT('Ctrl Pts',(-1.43373519971434,1.79412961529413,0.500000000000001));
#4411=CARTESIAN_POINT('Ctrl Pts',(-1.44442064885073,1.78252732832945,0.500000000000001));
#4412=CARTESIAN_POINT('Ctrl Pts',(-1.45498554332503,1.7707991389255,0.500000000000001));
#4413=CARTESIAN_POINT('Ctrl Pts',(-1.46541309535114,1.7589650703268,0.500000000000001));
#4414=CARTESIAN_POINT('Ctrl Pts',(-1.51786582593358,1.69943727220625,0.500000000000001));
#4415=CARTESIAN_POINT('Ctrl Pts',(-1.56693356096772,1.63714100898587,0.500000000000001));
#4416=CARTESIAN_POINT('Ctrl Pts',(-1.61251195739656,1.57240743000177,0.5));
#4417=CARTESIAN_POINT('Ctrl Pts',(-1.65806194935809,1.50771419299923,0.5));
#4418=CARTESIAN_POINT('Ctrl Pts',(-1.70012711762133,1.44058557927464,0.5));
#4419=CARTESIAN_POINT('Ctrl Pts',(-1.73855317529721,1.37133861181943,0.5));
#4420=CARTESIAN_POINT('Ctrl Pts',(-1.77635995461855,1.30320763571635,0.5));
#4421=CARTESIAN_POINT('Ctrl Pts',(-1.81064397684507,1.23302504372234,0.5));
#4422=CARTESIAN_POINT('Ctrl Pts',(-1.84120869373725,1.16109517973712,0.5));
#4423=CARTESIAN_POINT('Ctrl Pts',(-1.85186896180869,1.13600770272466,0.5));
#4424=CARTESIAN_POINT('Ctrl Pts',(-1.86207634639347,1.1107077680836,0.499999999999999));
#4425=CARTESIAN_POINT('Ctrl Pts',(-1.87182105795644,1.08520869137136,0.499999999999999));
#4426=CARTESIAN_POINT('Ctrl Pts',(-1.87659406666538,1.07271911541716,0.499999999999999));
#4427=CARTESIAN_POINT('Ctrl Pts',(-1.88125659047171,1.06018030958919,0.500000000000001));
#4428=CARTESIAN_POINT('Ctrl Pts',(-1.88580577100709,1.0475984154222,0.500000000000001));
#4429=CARTESIAN_POINT('Ctrl Pts',(-1.91164752997858,0.976126581332618,0.500000000000001));
#4430=CARTESIAN_POINT('Ctrl Pts',(-1.93373983154936,0.903533565550635,0.5));
#4431=CARTESIAN_POINT('Ctrl Pts',(-1.95195910993798,0.830109124304247,0.5));
#4432=CARTESIAN_POINT('Ctrl Pts',(-1.96980232113861,0.758200249292724,0.5));
#4433=CARTESIAN_POINT('Ctrl Pts',(-1.9839306353686,0.685493012005535,0.5));
#4434=CARTESIAN_POINT('Ctrl Pts',(-1.99417907775982,0.61226624519754,0.5));
#4435=CARTESIAN_POINT('Ctrl Pts',(-2.00423123514223,0.540441966301343,0.500000000000001));
#4436=CARTESIAN_POINT('Ctrl Pts',(-2.01055059106493,0.468117123976165,0.5));
#4437=CARTESIAN_POINT('Ctrl Pts',(-2.01293564598903,0.395573328622393,0.5));
#4438=CARTESIAN_POINT('Ctrl Pts',(-2.01382536384975,0.368511683308352,0.5));
#4439=CARTESIAN_POINT('Ctrl Pts',(-2.01416713822059,0.341419811979604,0.500000000000001));
#4440=CARTESIAN_POINT('Ctrl Pts',(-2.01394888809398,0.31431332270485,0.500000000000001));
#4441=CARTESIAN_POINT('Ctrl Pts',(-2.01382679707978,0.299149717450265,0.500000000000001));
#4442=CARTESIAN_POINT('Ctrl Pts',(-2.01352943731666,0.28398154852048,0.499999999999999));
#4443=CARTESIAN_POINT('Ctrl Pts',(-2.01305457407396,0.268811636879271,0.499999999999999));
#4444=CARTESIAN_POINT('Ctrl Pts',(-2.01271113703619,0.257840247542762,0.499999999999999));
#4445=CARTESIAN_POINT('Ctrl Pts',(-2.01227473215187,0.246866549371165,0.499999999999998));
#4446=CARTESIAN_POINT('Ctrl Pts',(-2.01174528974873,0.235905020030458,0.499999999999999));
#4447=CARTESIAN_POINT('Ctrl Pts',(-2.00928149718883,0.184894873743032,0.5));
#4448=CARTESIAN_POINT('Ctrl Pts',(-2.00480206969518,0.134073837725064,0.499999999999999));
#4449=CARTESIAN_POINT('Ctrl Pts',(-1.99825469045438,0.0835355737221238,
0.5));
#4450=CARTESIAN_POINT('Origin',(0.,0.,0.5));
#4451=CARTESIAN_POINT('',(-2.16506350912141,1.25000000058835,0.));
#4452=CARTESIAN_POINT('Ctrl Pts',(-1.71949478684467,-1.02568478059608,0.500000007989701));
#4453=CARTESIAN_POINT('Ctrl Pts',(-1.72108406875145,-1.02406581644309,0.499478992359729));
#4454=CARTESIAN_POINT('Ctrl Pts',(-1.72267052411844,-1.02244387161756,0.498958106338518));
#4455=CARTESIAN_POINT('Ctrl Pts',(-1.72425414245883,-1.02081895025094,0.49843734861937));
#4456=CARTESIAN_POINT('Ctrl Pts',(-1.76305141866211,-0.981009785718393,
0.485679236042972));
#4457=CARTESIAN_POINT('Ctrl Pts',(-1.79998208599601,-0.939583286792355,
0.473051883405926));
#4458=CARTESIAN_POINT('Ctrl Pts',(-1.83491667421599,-0.896656916866936,
0.460540834259496));
#4459=CARTESIAN_POINT('Ctrl Pts',(-1.87965533306796,-0.841683656333469,
0.444518674326833));
#4460=CARTESIAN_POINT('Ctrl Pts',(-1.92112204736389,-0.784252374738115,
0.428687256869474));
#4461=CARTESIAN_POINT('Ctrl Pts',(-1.95935867777537,-0.724704814765979,
0.413016218961653));
#4462=CARTESIAN_POINT('Ctrl Pts',(-1.99829202564182,-0.664072226537243,
0.397059635870315));
#4463=CARTESIAN_POINT('Ctrl Pts',(-2.03387711468107,-0.601245140911758,
0.381269330193578));
#4464=CARTESIAN_POINT('Ctrl Pts',(-2.06613681213878,-0.536534713453948,
0.36561324883218));
#4465=CARTESIAN_POINT('Ctrl Pts',(-2.08302146167617,-0.502665428397202,
0.35741889278583));
#4466=CARTESIAN_POINT('Ctrl Pts',(-2.09899472841937,-0.468279430354922,
0.349261306831656));
#4467=CARTESIAN_POINT('Ctrl Pts',(-2.114056785493,-0.433416696062541,0.341135895125326));
#4468=CARTESIAN_POINT('Ctrl Pts',(-2.12201344678969,-0.415000156589544,
0.336843576451496));
#4469=CARTESIAN_POINT('Ctrl Pts',(-2.12971578945079,-0.396450531027964,
0.33256023623178));
#4470=CARTESIAN_POINT('Ctrl Pts',(-2.13716356005319,-0.377773403038686,
0.328285196972796));
#4471=CARTESIAN_POINT('Ctrl Pts',(-2.14190580939297,-0.365881039188517,
0.325563133796339));
#4472=CARTESIAN_POINT('Ctrl Pts',(-2.14654484353277,-0.35393697783307,0.322844436080756));
#4473=CARTESIAN_POINT('Ctrl Pts',(-2.15108055334599,-0.341942619357343,
0.320128928930263));
#4474=CARTESIAN_POINT('Ctrl Pts',(-2.1553502826019,-0.330651627340939,0.317572663030861));
#4475=CARTESIAN_POINT('Ctrl Pts',(-2.15952518033268,-0.319324687015029,
0.315021177491701));
#4476=CARTESIAN_POINT('Ctrl Pts',(-2.16360504453924,-0.307964616427138,
0.312474641606585));
#4477=CARTESIAN_POINT('Ctrl Pts',(-2.1895535339917,-0.235713027427012,0.29627832814867));
#4478=CARTESIAN_POINT('Ctrl Pts',(-2.21166600904098,-0.162108702995985,
0.280278483997236));
#4479=CARTESIAN_POINT('Ctrl Pts',(-2.22999828432127,-0.0875275973294283,
0.264446269146221));
#4480=CARTESIAN_POINT('Ctrl Pts',(-2.24870081907944,-0.0114401668438446,
0.248294288880667));
#4481=CARTESIAN_POINT('Ctrl Pts',(-2.26346950801561,0.0656645082209776,
0.232316777559543));
#4482=CARTESIAN_POINT('Ctrl Pts',(-2.27433338156838,0.143433285666163,0.216483112188885));
#4483=CARTESIAN_POINT('Ctrl Pts',(-2.28533328729321,0.222175846142169,0.20045118531586));
#4484=CARTESIAN_POINT('Ctrl Pts',(-2.29233054817347,0.301600066040537,0.184566729285561));
#4485=CARTESIAN_POINT('Ctrl Pts',(-2.29531577338504,0.381375123424799,0.168797956300941));
#4486=CARTESIAN_POINT('Ctrl Pts',(-2.29678363161904,0.420601133708975,0.161044329145475));
#4487=CARTESIAN_POINT('Ctrl Pts',(-2.2972808200096,0.459912433556558,0.153318671427964));
#4488=CARTESIAN_POINT('Ctrl Pts',(-2.29680214812952,0.499271826107202,0.145617204108575));
#4489=CARTESIAN_POINT('Ctrl Pts',(-2.29659749073425,0.516100035772624,0.14232442191903));
#4490=CARTESIAN_POINT('Ctrl Pts',(-2.29621416952048,0.532940911577458,0.1390353121151));
#4491=CARTESIAN_POINT('Ctrl Pts',(-2.29565286004653,0.549764304918201,0.135754891299771));
#4492=CARTESIAN_POINT('Ctrl Pts',(-2.29286482709031,0.633326363366606,0.119460989685878));
#4493=CARTESIAN_POINT('Ctrl Pts',(-2.28568905660212,0.716580147169397,0.103356710704208));
#4494=CARTESIAN_POINT('Ctrl Pts',(-2.27417640022825,0.799137128449541,0.0874137138983603));
#4495=CARTESIAN_POINT('Ctrl Pts',(-2.26250701661825,0.882817996961153,0.0712536775367592));
#4496=CARTESIAN_POINT('Ctrl Pts',(-2.24638239068739,0.965783904880732,0.0552593444619437));
#4497=CARTESIAN_POINT('Ctrl Pts',(-2.22581239404847,1.04766177599515,0.0394012009531843));
#4498=CARTESIAN_POINT('Ctrl Pts',(-2.20866087742121,1.11593255369506,0.0261784855175683));
#4499=CARTESIAN_POINT('Ctrl Pts',(-2.18841809658386,1.18344775870633,0.0130504549224613));
#4500=CARTESIAN_POINT('Ctrl Pts',(-2.1650635091214,1.25000000058837,-1.11022302462516E-15));
#4501=CARTESIAN_POINT('',(1.62254974117273,-1.90192858368034,0.));
#4502=CARTESIAN_POINT('Origin',(0.,0.,0.));
#4503=CARTESIAN_POINT('Ctrl Pts',(1.62110362799462,-1.89980210618465,8.32667268468867E-16));
#4504=CARTESIAN_POINT('Ctrl Pts',(1.6507234926439,-1.87199263802484,0.00204165257512584));
#4505=CARTESIAN_POINT('Ctrl Pts',(1.67970847414441,-1.84347249120056,0.00408737066613082));
#4506=CARTESIAN_POINT('Ctrl Pts',(1.70802280375361,-1.814260045347,0.00613777056501197));
#4507=CARTESIAN_POINT('Ctrl Pts',(1.71661112236253,-1.80539930960652,0.00675969903198751));
#4508=CARTESIAN_POINT('Ctrl Pts',(1.72513772283519,-1.79647487332832,0.00738205824105893));
#4509=CARTESIAN_POINT('Ctrl Pts',(1.73360156444964,-1.78748723278769,0.00800486539078576));
#4510=CARTESIAN_POINT('Ctrl Pts',(1.74364839969639,-1.77681863241897,0.00874415625997178));
#4511=CARTESIAN_POINT('Ctrl Pts',(1.75360087363835,-1.76606722504262,0.00948364378671665));
#4512=CARTESIAN_POINT('Ctrl Pts',(1.76345364466126,-1.75523855452946,0.010223057215427));
#4513=CARTESIAN_POINT('Ctrl Pts',(1.8224300724532,-1.69042061619338,0.0146490164288653));
#4514=CARTESIAN_POINT('Ctrl Pts',(1.87788447094867,-1.62278716314879,0.0190757892342846));
#4515=CARTESIAN_POINT('Ctrl Pts',(1.92952856987162,-1.55257407994119,0.0235099195007208));
#4516=CARTESIAN_POINT('Ctrl Pts',(1.97987810758888,-1.48412102615705,0.0278328995458605));
#4517=CARTESIAN_POINT('Ctrl Pts',(2.02660643654618,-1.41321533174951,0.0321628728165546));
#4518=CARTESIAN_POINT('Ctrl Pts',(2.06940589201165,-1.34004917176451,0.036505903309389));
#4519=CARTESIAN_POINT('Ctrl Pts',(2.11005446160219,-1.2705599758512,0.0406306748818744));
#4520=CARTESIAN_POINT('Ctrl Pts',(2.14715927898236,-1.19903120450212,0.0447672242724066));
#4521=CARTESIAN_POINT('Ctrl Pts',(2.18041573807946,-1.12561281899358,0.0489207464148168));
#4522=CARTESIAN_POINT('Ctrl Pts',(2.20058492528452,-1.08108645624127,0.051439750780436));
#4523=CARTESIAN_POINT('Ctrl Pts',(2.21933771187083,-1.03586476382338,0.0539649979118568));
#4524=CARTESIAN_POINT('Ctrl Pts',(2.23666972223497,-0.990015807000068,0.0564976466323047));
#4525=CARTESIAN_POINT('Ctrl Pts',(2.24136191873453,-0.977603379924682,0.0571832962027252));
#4526=CARTESIAN_POINT('Ctrl Pts',(2.24594979223949,-0.965145187335881,0.0578694754685542));
#4527=CARTESIAN_POINT('Ctrl Pts',(2.25042873098595,-0.952655760396822,0.0585554877743043));
#4528=CARTESIAN_POINT('Ctrl Pts',(2.27922812066579,-0.872349265118359,0.0629665183413194));
#4529=CARTESIAN_POINT('Ctrl Pts',(2.3035804522321,-0.790616119143571,0.0673782231317428));
#4530=CARTESIAN_POINT('Ctrl Pts',(2.32355601887793,-0.707840919453745,0.0717970936988412));
#4531=CARTESIAN_POINT('Ctrl Pts',(2.34377538648413,-0.624055451893317,0.076269896397484));
#4532=CARTESIAN_POINT('Ctrl Pts',(2.35951051560717,-0.539201349911786,0.080750040856234));
#4533=CARTESIAN_POINT('Ctrl Pts',(2.37078147484235,-0.453665558678823,0.0852442592285367));
#4534=CARTESIAN_POINT('Ctrl Pts',(2.3820007599412,-0.368521924674433,0.0897178728902723));
#4535=CARTESIAN_POINT('Ctrl Pts',(2.38879660651784,-0.282701844455495,0.0942054317116261));
#4536=CARTESIAN_POINT('Ctrl Pts',(2.39113770439258,-0.196590165156126,0.098713575674894));
#4537=CARTESIAN_POINT('Ctrl Pts',(2.39204856765364,-0.163086241263157,0.100467582953265));
#4538=CARTESIAN_POINT('Ctrl Pts',(2.39228453259572,-0.129538289050058,0.102224706401297));
#4539=CARTESIAN_POINT('Ctrl Pts',(2.39184170035014,-0.0959696014099805,
0.103985337100936));
#4540=CARTESIAN_POINT('Ctrl Pts',(2.39165804736413,-0.0820478742028721,
0.104715512214591));
#4541=CARTESIAN_POINT('Ctrl Pts',(2.39135763061828,-0.0681225862490164,
0.105446290560336));
#4542=CARTESIAN_POINT('Ctrl Pts',(2.39094011435713,-0.0541954253841484,
0.106177700034305));
#4543=CARTESIAN_POINT('Ctrl Pts',(2.39054900612145,-0.0411491615121819,
0.106862847645396));
#4544=CARTESIAN_POINT('Ctrl Pts',(2.39005543146697,-0.028111050417329,0.107548034705813));
#4545=CARTESIAN_POINT('Ctrl Pts',(2.38945960716905,-0.0150833998917549,
0.108233233862382));
#4546=CARTESIAN_POINT('Ctrl Pts',(2.38556626993661,0.0700441066896056,0.112710579612172));
#4547=CARTESIAN_POINT('Ctrl Pts',(2.37731088428866,0.154739053174386,0.117189172218275));
#4548=CARTESIAN_POINT('Ctrl Pts',(2.36471565787543,0.238632506529438,0.121675814703338));
#4549=CARTESIAN_POINT('Ctrl Pts',(2.35225873004885,0.321604789780188,0.126113192785034));
#4550=CARTESIAN_POINT('Ctrl Pts',(2.33555656013682,0.403794004370818,0.130558444937051));
#4551=CARTESIAN_POINT('Ctrl Pts',(2.3145815592638,0.4848328475498,0.135018152537232));
#4552=CARTESIAN_POINT('Ctrl Pts',(2.29383421775486,0.564992107857014,0.139429455171789));
#4553=CARTESIAN_POINT('Ctrl Pts',(2.26890614328623,0.644026671148379,0.143854901163122));
#4554=CARTESIAN_POINT('Ctrl Pts',(2.23972482568581,0.721557863591605,0.14830085990691));
#4555=CARTESIAN_POINT('Ctrl Pts',(2.22816617859993,0.752267775456107,0.150061893071399));
#4556=CARTESIAN_POINT('Ctrl Pts',(2.21593972962698,0.782741492775221,0.151826144547946));
#4557=CARTESIAN_POINT('Ctrl Pts',(2.20303902872779,0.812954017820489,0.153594010162757));
#4558=CARTESIAN_POINT('Ctrl Pts',(2.19537669900687,0.830898649698045,0.154644028246953));
#4559=CARTESIAN_POINT('Ctrl Pts',(2.18747361510953,0.848757056037499,0.155695676992609));
#4560=CARTESIAN_POINT('Ctrl Pts',(2.17934355141731,0.866491456388937,0.156747108150245));
#4561=CARTESIAN_POINT('Ctrl Pts',(2.16660415877694,0.894280351761882,0.158394646823805));
#4562=CARTESIAN_POINT('Ctrl Pts',(2.15330278199108,0.921776938427342,0.160042350793551));
#4563=CARTESIAN_POINT('Ctrl Pts',(2.13943911062548,0.948963833727574,0.161690559811112));
#4564=CARTESIAN_POINT('Ctrl Pts',(2.10080294679396,1.02473000801069,0.166283893853139));
#4565=CARTESIAN_POINT('Ctrl Pts',(2.05780358392497,1.09809324801607,0.170881150404491));
#4566=CARTESIAN_POINT('Ctrl Pts',(2.01080671812633,1.16884029939244,0.175489683213794));
#4567=CARTESIAN_POINT('Ctrl Pts',(1.96466121310531,1.23830574903536,0.180014731220237));
#4568=CARTESIAN_POINT('Ctrl Pts',(1.91466070488993,1.30524944445009,0.18455065064023));
#4569=CARTESIAN_POINT('Ctrl Pts',(1.86110858155315,1.36943529887108,0.189104402773003));
#4570=CARTESIAN_POINT('Ctrl Pts',(1.82007998111684,1.41861086111984,0.192593229454375));
#4571=CARTESIAN_POINT('Ctrl Pts',(1.77696571459438,1.46616702704283,0.19609252350222));
#4572=CARTESIAN_POINT('Ctrl Pts',(1.73189012481614,1.51198083110832,0.199605415464226));
#4573=CARTESIAN_POINT('Ctrl Pts',(1.71637474754003,1.52775030762602,0.200814580877011));
#4574=CARTESIAN_POINT('Ctrl Pts',(1.70062692096233,1.54331321092381,0.202025357358796));
#4575=CARTESIAN_POINT('Ctrl Pts',(1.68465150957173,1.55866406800519,0.203237872577883));
#4576=CARTESIAN_POINT('Ctrl Pts',(1.67326543898839,1.56960500329443,0.20410206214586));
#4577=CARTESIAN_POINT('Ctrl Pts',(1.66176209109321,1.5804396077334,0.204967253969234));
#4578=CARTESIAN_POINT('Ctrl Pts',(1.65016043778209,1.59115036159713,0.205832225132901));
#4579=CARTESIAN_POINT('Ctrl Pts',(1.58949316301445,1.64715895194146,0.21035532557773));
#4580=CARTESIAN_POINT('Ctrl Pts',(1.52604204163311,1.69988081314631,0.214879952494736));
#4581=CARTESIAN_POINT('Ctrl Pts',(1.46011547336275,1.74910939730905,0.219413152849723));
#4582=CARTESIAN_POINT('Ctrl Pts',(1.39423779268914,1.79830147620184,0.223942991627174));
#4583=CARTESIAN_POINT('Ctrl Pts',(1.32588749438411,1.84400600767252,0.228481391132118));
#4584=CARTESIAN_POINT('Ctrl Pts',(1.25534363806614,1.88597391876238,0.233035382665031));
#4585=CARTESIAN_POINT('Ctrl Pts',(1.20243574582767,1.91744985207977,0.236450876314715));
#4586=CARTESIAN_POINT('Ctrl Pts',(1.14829331782523,1.94682310834828,0.239875140480129));
#4587=CARTESIAN_POINT('Ctrl Pts',(1.09302773143636,1.97396988797963,0.243311141491163));
#4588=CARTESIAN_POINT('Ctrl Pts',(1.0515785416447,1.99432997270315,0.245888142249438));
#4589=CARTESIAN_POINT('Ctrl Pts',(1.00949745215849,2.01343734412853,0.248471744983374));
#4590=CARTESIAN_POINT('Ctrl Pts',(0.966830530303806,2.03123308543567,0.251063201113391));
#4591=CARTESIAN_POINT('Ctrl Pts',(0.955190170084424,2.03608810731636,0.251770200389056));
#4592=CARTESIAN_POINT('Ctrl Pts',(0.943506204185715,2.040845469314,0.252477784195947));
#4593=CARTESIAN_POINT('Ctrl Pts',(0.931779565607054,2.04550389539187,0.253185977945463));
#4594=CARTESIAN_POINT('Ctrl Pts',(0.919056049515488,2.05055833266863,0.253954375002085));
#4595=CARTESIAN_POINT('Ctrl Pts',(0.90629076174306,2.05549290451486,0.254722978488939));
#4596=CARTESIAN_POINT('Ctrl Pts',(0.893489442693672,2.06030486168227,0.255491558071548));
#4597=CARTESIAN_POINT('Ctrl Pts',(0.818775875953646,2.08838934903787,0.259977292839878));
#4598=CARTESIAN_POINT('Ctrl Pts',(0.742788340109944,2.11232014911615,0.264465111448797));
#4599=CARTESIAN_POINT('Ctrl Pts',(0.665784948445259,2.13187029695971,0.268961904231484));
#4600=CARTESIAN_POINT('Ctrl Pts',(0.634427699649564,2.13983148979383,0.270793083962936));
#4601=CARTESIAN_POINT('Ctrl Pts',(0.602901810262965,2.14706568841968,0.272625751857959));
#4602=CARTESIAN_POINT('Ctrl Pts',(0.571224132393767,2.15355513316053,0.274460373207408));
#4603=CARTESIAN_POINT('Ctrl Pts',(0.492199230590743,2.16974406391231,0.279037121938315));
#4604=CARTESIAN_POINT('Ctrl Pts',(0.412229503285723,2.1813019049628,0.283626027616597));
#4605=CARTESIAN_POINT('Ctrl Pts',(0.331690658048713,2.18833203866807,0.288234313887257));
#4606=CARTESIAN_POINT('Ctrl Pts',(0.26121916846633,2.19448340566018,0.292266564374084));
#4607=CARTESIAN_POINT('Ctrl Pts',(0.190311444798644,2.19716728602208,0.296313653126951));
#4608=CARTESIAN_POINT('Ctrl Pts',(0.119225355443613,2.19642050243153,0.300380419423662));
#4609=CARTESIAN_POINT('Ctrl Pts',(0.106124783066986,2.19628287645482,0.301129890476188));
#4610=CARTESIAN_POINT('Ctrl Pts',(0.093016060341941,2.19602859205989,0.301880151364152));
#4611=CARTESIAN_POINT('Ctrl Pts',(0.0799076323558073,2.19565797352448,0.302630843715698));
#4612=CARTESIAN_POINT('Ctrl Pts',(0.000436735772912825,2.19341106891241,
0.307181976338036));
#4613=CARTESIAN_POINT('Ctrl Pts',(-0.0787713763931476,2.18690129108693,
0.311734537662648));
#4614=CARTESIAN_POINT('Ctrl Pts',(-0.157363710815262,2.17626190680091,0.31629574544867));
#4615=CARTESIAN_POINT('Ctrl Pts',(-0.236427110055142,2.16555875243278,0.320884292090704));
#4616=CARTESIAN_POINT('Ctrl Pts',(-0.314868333830342,2.15067605959138,0.325481589154672));
#4617=CARTESIAN_POINT('Ctrl Pts',(-0.392319321576916,2.13169771766906,0.330094984964039));
#4618=CARTESIAN_POINT('Ctrl Pts',(-0.471123095659803,2.11238789331655,0.33478895997577));
#4619=CARTESIAN_POINT('Ctrl Pts',(-0.548902866860795,2.08883791446072,0.339499601016962));
#4620=CARTESIAN_POINT('Ctrl Pts',(-0.625245733786488,2.06108607835307,0.344234648220822));
#4621=CARTESIAN_POINT('Ctrl Pts',(-0.657364168161526,2.04941052092767,0.34622674399878));
#4622=CARTESIAN_POINT('Ctrl Pts',(-0.689227869543224,2.03699065298693,0.348223159652987));
#4623=CARTESIAN_POINT('Ctrl Pts',(-0.720804039984372,2.02382686832058,0.35022447155978));
#4624=CARTESIAN_POINT('Ctrl Pts',(-0.735214411176886,2.01781933096914,0.351137807377454));
#4625=CARTESIAN_POINT('Ctrl Pts',(-0.749567450608118,2.01165557505319,0.352052331246284));
#4626=CARTESIAN_POINT('Ctrl Pts',(-0.763837599121197,2.00534579452357,0.352966656154248));
#4627=CARTESIAN_POINT('Ctrl Pts',(-0.835268554379571,1.97376142451589,0.35754342012643));
#4628=CARTESIAN_POINT('Ctrl Pts',(-0.904742327760232,1.93847461188636,0.362122626415561));
#4629=CARTESIAN_POINT('Ctrl Pts',(-0.971913802083515,1.89956539692467,0.366711634488534));
#4630=CARTESIAN_POINT('Ctrl Pts',(-1.03750115195168,1.86157378931893,0.371192418646722));
#4631=CARTESIAN_POINT('Ctrl Pts',(-1.10089425325719,1.82012816632407,0.375682547723577));
#4632=CARTESIAN_POINT('Ctrl Pts',(-1.16174391508912,1.77526269265334,0.380188872687485));
#4633=CARTESIAN_POINT('Ctrl Pts',(-1.19337384084967,1.75194141922809,0.382531280513103));
#4634=CARTESIAN_POINT('Ctrl Pts',(-1.22431600707167,1.72769548525135,0.384878064413618));
#4635=CARTESIAN_POINT('Ctrl Pts',(-1.25451729397063,1.70252581296176,0.387230186603704));
#4636=CARTESIAN_POINT('Ctrl Pts',(-1.28350048786043,1.67837129615085,0.389487441856296));
#4637=CARTESIAN_POINT('Ctrl Pts',(-1.31180132619086,1.65336597712136,0.391749613469315));
#4638=CARTESIAN_POINT('Ctrl Pts',(-1.33940019426835,1.62754674065895,0.394017551864503));
#4639=CARTESIAN_POINT('Ctrl Pts',(-1.36477535452077,1.60380782278052,0.396102756955483));
#4640=CARTESIAN_POINT('Ctrl Pts',(-1.38955708588733,1.57938082961748,0.398192836978811));
#4641=CARTESIAN_POINT('Ctrl Pts',(-1.41372818091331,1.55429353371046,0.40028845291236));
#4642=CARTESIAN_POINT('Ctrl Pts',(-1.42246836233983,1.54522205732545,0.401046220131422));
#4643=CARTESIAN_POINT('Ctrl Pts',(-1.43112296346815,1.5360701371872,0.401804217082277));
#4644=CARTESIAN_POINT('Ctrl Pts',(-1.43968856023007,1.52684259922924,0.402562213354896));
#4645=CARTESIAN_POINT('Ctrl Pts',(-1.49152891304525,1.47099607310241,0.407149727254669));
#4646=CARTESIAN_POINT('Ctrl Pts',(-1.54014819640225,1.41234565276671,0.411740317085023));
#4647=CARTESIAN_POINT('Ctrl Pts',(-1.58543990028943,1.3512383730684,0.416341415253617));
#4648=CARTESIAN_POINT('Ctrl Pts',(-1.63113136265741,1.28959174176261,0.420983124126954));
#4649=CARTESIAN_POINT('Ctrl Pts',(-1.67343667193429,1.22544375436548,0.425635527656806));
#4650=CARTESIAN_POINT('Ctrl Pts',(-1.71220200502185,1.1591215493546,0.430306256795108));
#4651=CARTESIAN_POINT('Ctrl Pts',(-1.7506295947322,1.09337717726093,0.434936292156069));
#4652=CARTESIAN_POINT('Ctrl Pts',(-1.78557891859256,1.02549535295068,0.439584335192421));
#4653=CARTESIAN_POINT('Ctrl Pts',(-1.81685144775556,0.955780448397995,0.444257819134552));
#4654=CARTESIAN_POINT('Ctrl Pts',(-1.82772192433798,0.931547223338538,0.445882343888736));
#4655=CARTESIAN_POINT('Ctrl Pts',(-1.83814768286917,0.907092447644802,0.447509942641954));
#4656=CARTESIAN_POINT('Ctrl Pts',(-1.84811888736378,0.88242881695939,0.449140927595235));
#4657=CARTESIAN_POINT('Ctrl Pts',(-1.85253405852346,0.871507954695024,0.449863114942964));
#4658=CARTESIAN_POINT('Ctrl Pts',(-1.85685835498784,0.860550337498471,0.450585688058596));
#4659=CARTESIAN_POINT('Ctrl Pts',(-1.8610884185934,0.849564434102619,0.451308196775383));
#4660=CARTESIAN_POINT('Ctrl Pts',(-1.88824490694195,0.779036284791596,0.455946613919605));
#4661=CARTESIAN_POINT('Ctrl Pts',(-1.91155830828896,0.70725330447173,0.460588360853065));
#4662=CARTESIAN_POINT('Ctrl Pts',(-1.93089064755202,0.634528126303238,0.465241145000891));
#4663=CARTESIAN_POINT('Ctrl Pts',(-1.94999807853348,0.56264901723318,0.469839799657551));
#4664=CARTESIAN_POINT('Ctrl Pts',(-1.96521675861614,0.489848592338013,0.474449236213244));
#4665=CARTESIAN_POINT('Ctrl Pts',(-1.97636390067367,0.416419883089637,0.479076896210857));
#4666=CARTESIAN_POINT('Ctrl Pts',(-1.98716955744528,0.345240613531048,0.483562790921077));
#4667=CARTESIAN_POINT('Ctrl Pts',(-1.9941493493086,0.27347021047097,0.488065809649178));
#4668=CARTESIAN_POINT('Ctrl Pts',(-1.99708831899217,0.20137937019227,0.492592730774779));
#4669=CARTESIAN_POINT('Ctrl Pts',(-1.99836325319497,0.170106139136756,0.494556523259145));
#4670=CARTESIAN_POINT('Ctrl Pts',(-1.99887713200615,0.138772720977214,0.496524813819588));
#4671=CARTESIAN_POINT('Ctrl Pts',(-1.99860940645001,0.107401974623046,0.498498155811166));
#4672=CARTESIAN_POINT('Ctrl Pts',(-1.99854149213573,0.0994441137529118,
0.49899873621945));
#4673=CARTESIAN_POINT('Ctrl Pts',(-1.99842331261017,0.0914885276779355,
0.499499347707395));
#4674=CARTESIAN_POINT('Ctrl Pts',(-1.99825469045438,0.0835355737221238,
0.499999999999999));
#4675=CARTESIAN_POINT('Origin',(0.625,-3.68060796608387,1.));
#4676=CARTESIAN_POINT('',(4.36602540378444,-2.52072594216369,0.5));
#4677=CARTESIAN_POINT('',(-1.04083408558608E-16,-5.04145188432738,0.5));
#4678=CARTESIAN_POINT('',(1.05801270189222,-4.43060796608386,0.5));
#4679=CARTESIAN_POINT('',(-2.08166817117217E-16,-4.04145188432738,0.));
#4680=CARTESIAN_POINT('Origin',(0.,-4.04145188432738,1.));
#4681=CARTESIAN_POINT('',(3.5,-2.02072594216369,0.));
#4682=CARTESIAN_POINT('',(0.625,-3.68060796608387,0.));
#4683=CARTESIAN_POINT('Origin',(3.5,-2.02072594216369,1.));
#4684=CARTESIAN_POINT('Origin',(-2.875,-2.38156986040721,1.));
#4685=CARTESIAN_POINT('',(-4.36602540378444,-2.52072594216369,0.5));
#4686=CARTESIAN_POINT('',(-3.30801270189222,-3.13156986040721,0.5));
#4687=CARTESIAN_POINT('',(-3.5,-2.02072594216369,0.));
#4688=CARTESIAN_POINT('Origin',(-3.5,-2.02072594216369,1.));
#4689=CARTESIAN_POINT('',(-2.875,-2.38156986040721,0.));
#4690=CARTESIAN_POINT('Origin',(-3.5,1.29903810567666,1.));
#4691=CARTESIAN_POINT('',(-4.36602540378444,2.52072594216369,0.5));
#4692=CARTESIAN_POINT('',(-4.36602540378444,1.29903810567665,0.5));
#4693=CARTESIAN_POINT('',(-3.5,2.02072594216369,0.));
#4694=CARTESIAN_POINT('Origin',(-3.5,2.02072594216369,1.));
#4695=CARTESIAN_POINT('',(-3.5,1.29903810567666,0.));
#4696=CARTESIAN_POINT('Origin',(-25.4977112172487,12.1281460961671,27.7477716801135));
#4697=CARTESIAN_POINT('',(-29.2001848992089,12.1281460961671,6.75));
#4698=CARTESIAN_POINT('Ctrl Pts',(-62.8045264774241,11.1632251252196,-159.149246524998));
#4699=CARTESIAN_POINT('Ctrl Pts',(-62.8012929098139,11.1646254993705,-159.147909370029));
#4700=CARTESIAN_POINT('Ctrl Pts',(-62.7980615181025,11.166019664629,-159.146573854656));
#4701=CARTESIAN_POINT('Ctrl Pts',(-61.4755640771821,11.7376677439872,-158.600118131087));
#4702=CARTESIAN_POINT('Ctrl Pts',(-59.934522390068,11.8925680232722,-158.067191102733));
#4703=CARTESIAN_POINT('Ctrl Pts',(-58.4920652450364,11.5438365521764,-157.593621281648));
#4704=CARTESIAN_POINT('Ctrl Pts',(-62.8045264774241,11.1632251252196,-159.149246524998));
#4705=CARTESIAN_POINT('Ctrl Pts',(-62.8015806368792,11.1646587520285,-159.14734640155));
#4706=CARTESIAN_POINT('Ctrl Pts',(-62.7986068978083,11.1654729821026,-159.145479266009));
#4707=CARTESIAN_POINT('Ctrl Pts',(-61.590176923085,11.6714607218565,-158.372751407214));
#4708=CARTESIAN_POINT('Ctrl Pts',(-60.1353939547876,11.6650896391596,-157.618092058115));
#4709=CARTESIAN_POINT('Ctrl Pts',(-58.9278658626267,11.1474679535464,-157.055361268155));
#4710=CARTESIAN_POINT('Ctrl Pts',(-62.8045264774241,11.1632251252196,-159.149246524998));
#4711=CARTESIAN_POINT('Ctrl Pts',(-62.8018390869901,11.1645288369748,-159.146851430749));
#4712=CARTESIAN_POINT('Ctrl Pts',(-62.7991795189061,11.1650806000666,-159.14432151806));
#4713=CARTESIAN_POINT('Ctrl Pts',(-61.7039822734346,11.6010083969813,-158.147606979238));
#4714=CARTESIAN_POINT('Ctrl Pts',(-60.3815384266457,11.5494147992393,-157.158491056733));
#4715=CARTESIAN_POINT('Ctrl Pts',(-59.3608096362849,11.0228180941144,-156.322452544218));
#4716=CARTESIAN_POINT('Ctrl Pts',(-62.8045264774242,11.1632251252196,-159.149246524998));
#4717=CARTESIAN_POINT('Ctrl Pts',(-62.8021259945883,11.1640998211925,-159.146252004169));
#4718=CARTESIAN_POINT('Ctrl Pts',(-62.7997268301805,11.1649696133154,-159.143260885414));
#4719=CARTESIAN_POINT('Ctrl Pts',(-61.8181451532682,11.5221232857844,-157.919393211349));
#4720=CARTESIAN_POINT('Ctrl Pts',(-60.6753423104882,11.5548456834408,-156.695027502141));
#4721=CARTESIAN_POINT('Ctrl Pts',(-59.6650692493859,11.2061142123448,-155.607901841137));
#4722=CARTESIAN_POINT('',(-59.6650692493859,11.2061142123448,-155.607901841137));
#4723=CARTESIAN_POINT('',(-58.4920652450367,11.5438365521764,-157.593621281648));
#4724=CARTESIAN_POINT('Origin',(-58.4920652450362,13.9595270081857,-155.814734095583));
#4725=CARTESIAN_POINT('Ctrl Pts',(-58.4920652450364,11.5438365521764,-157.593621281648));
#4726=CARTESIAN_POINT('Ctrl Pts',(-59.934522390068,11.8925680232722,-158.067191102733));
#4727=CARTESIAN_POINT('Ctrl Pts',(-61.4755640771821,11.7376677439872,-158.600118131087));
#4728=CARTESIAN_POINT('Ctrl Pts',(-62.7980615181025,11.166019664629,-159.146573854656));
#4729=CARTESIAN_POINT('Ctrl Pts',(-62.8012929098139,11.1646254993705,-159.147909370029));
#4730=CARTESIAN_POINT('Ctrl Pts',(-62.8045264774241,11.1632251252196,-159.149246524998));
#4731=CARTESIAN_POINT('Ctrl Pts',(-62.8045264774242,11.1632251252196,-159.149246524998));
#4732=CARTESIAN_POINT('Ctrl Pts',(-62.8021259945883,11.1640998211925,-159.146252004169));
#4733=CARTESIAN_POINT('Ctrl Pts',(-62.7997268301805,11.1649696133154,-159.143260885414));
#4734=CARTESIAN_POINT('Ctrl Pts',(-61.8181451532682,11.5221232857844,-157.919393211349));
#4735=CARTESIAN_POINT('Ctrl Pts',(-60.6753423104882,11.5548456834408,-156.695027502141));
#4736=CARTESIAN_POINT('Ctrl Pts',(-59.6650692493859,11.2061142123448,-155.607901841137));
#4737=CARTESIAN_POINT('Ctrl Pts',(-58.4920652450363,11.5438365521764,-157.593621281648));
#4738=CARTESIAN_POINT('Ctrl Pts',(-58.3389641796557,11.5142434072248,-157.553434428663));
#4739=CARTESIAN_POINT('Ctrl Pts',(-58.1887636766585,11.4823284218737,-157.512202084246));
#4740=CARTESIAN_POINT('Ctrl Pts',(-58.0412989906976,11.4481016637053,-157.470455323174));
#4741=CARTESIAN_POINT('Ctrl Pts',(-58.9278658626266,11.1474679535464,-157.055361268155));
#4742=CARTESIAN_POINT('Ctrl Pts',(-58.803357817141,11.0994281930525,-157.009700605219));
#4743=CARTESIAN_POINT('Ctrl Pts',(-58.6815648772351,11.0498412453289,-156.963389731948));
#4744=CARTESIAN_POINT('Ctrl Pts',(-58.5635649709157,10.9958431088572,-156.918830488032));
#4745=CARTESIAN_POINT('Ctrl Pts',(-59.3608096362849,11.0228180941144,-156.322452544218));
#4746=CARTESIAN_POINT('Ctrl Pts',(-59.2642233179352,10.9739023709914,-156.252413819947));
#4747=CARTESIAN_POINT('Ctrl Pts',(-59.1703305065788,10.9234107078222,-156.180915259259));
#4748=CARTESIAN_POINT('Ctrl Pts',(-59.0807082813327,10.8684098856833,-156.10993990696));
#4749=CARTESIAN_POINT('Ctrl Pts',(-59.6650692493859,11.2061142123448,-155.607901841137));
#4750=CARTESIAN_POINT('Ctrl Pts',(-59.5793380790848,11.1765210673932,-155.515649004977));
#4751=CARTESIAN_POINT('Ctrl Pts',(-59.4949221317399,11.1446060820422,-155.421584724069));
#4752=CARTESIAN_POINT('Ctrl Pts',(-59.4118273699722,11.1103793238737,-155.326741047543));
#4753=CARTESIAN_POINT('',(-59.4118273699722,11.1103793238737,-155.326741047543));
#4754=CARTESIAN_POINT('',(-58.0412989907637,11.4481016637053,-157.470455323174));
#4755=CARTESIAN_POINT('Origin',(-58.0412989906976,13.7680572312435,-155.568402178636));
#4756=CARTESIAN_POINT('Ctrl Pts',(-58.0412989906976,11.4481016637053,-157.470455323174));
#4757=CARTESIAN_POINT('Ctrl Pts',(-58.1887636766585,11.4823284218737,-157.512202084246));
#4758=CARTESIAN_POINT('Ctrl Pts',(-58.3389641796557,11.5142434072248,-157.553434428663));
#4759=CARTESIAN_POINT('Ctrl Pts',(-58.4920652450363,11.5438365521764,-157.593621281648));
#4760=CARTESIAN_POINT('Ctrl Pts',(-59.6650692493859,11.2061142123448,-155.607901841137));
#4761=CARTESIAN_POINT('Ctrl Pts',(-59.5793380790848,11.1765210673932,-155.515649004977));
#4762=CARTESIAN_POINT('Ctrl Pts',(-59.4949221317399,11.1446060820422,-155.421584724069));
#4763=CARTESIAN_POINT('Ctrl Pts',(-59.4118273699722,11.1103793238737,-155.326741047543));
#4764=CARTESIAN_POINT('Ctrl Pts',(-54.4265519109995,9.12814609616706,-156.372508467712));
#4765=CARTESIAN_POINT('Ctrl Pts',(-54.4007603756508,8.90395382207238,-156.372508467712));
#4766=CARTESIAN_POINT('Ctrl Pts',(-54.3878235251289,8.67832792364711,-156.372508467712));
#4767=CARTESIAN_POINT('Ctrl Pts',(-54.3878235251289,8.45270141650382,-156.372508467712));
#4768=CARTESIAN_POINT('Ctrl Pts',(-54.9216318582589,9.07119109175517,-156.372508467712));
#4769=CARTESIAN_POINT('Ctrl Pts',(-54.8982281273244,8.86588433323563,-156.372509355059));
#4770=CARTESIAN_POINT('Ctrl Pts',(-54.8864890256987,8.65927349689785,-156.372508467712));
#4771=CARTESIAN_POINT('Ctrl Pts',(-54.8864890256987,8.45270141650382,-156.372508467712));
#4772=CARTESIAN_POINT('Ctrl Pts',(-55.908676169054,8.95763950602187,-156.118401042735));
#4773=CARTESIAN_POINT('Ctrl Pts',(-55.8900347595095,8.79002147355598,-156.118180065205));
#4774=CARTESIAN_POINT('Ctrl Pts',(-55.8806751625096,8.62124817834339,-156.118069333383));
#4775=CARTESIAN_POINT('Ctrl Pts',(-55.8806751625096,8.45270141650382,-156.118069333383));
#4776=CARTESIAN_POINT('Ctrl Pts',(-57.2230601029517,8.80643010404858,-154.89587336188));
#4777=CARTESIAN_POINT('Ctrl Pts',(-57.2103946205041,8.6889019272335,-154.894673835226));
#4778=CARTESIAN_POINT('Ctrl Pts',(-57.2040502950103,8.57077153271138,-154.894071134229));
#4779=CARTESIAN_POINT('Ctrl Pts',(-57.2040502950103,8.45270141650382,-154.894071134229));
#4780=CARTESIAN_POINT('Ctrl Pts',(-57.4903297532288,8.77568285969953,-153.591181878287));
#4781=CARTESIAN_POINT('Ctrl Pts',(-57.4782426780306,8.66861800382877,-153.589193041434));
#4782=CARTESIAN_POINT('Ctrl Pts',(-57.4721353173245,8.56034220110939,-153.588198411393));
#4783=CARTESIAN_POINT('Ctrl Pts',(-57.4721353173245,8.45270141650382,-153.588198411393));
#4784=CARTESIAN_POINT('Ctrl Pts',(-57.3621948789641,8.79042375633544,-152.854875406733));
#4785=CARTESIAN_POINT('Ctrl Pts',(-57.3489102563141,8.6783276192881,-152.852670100579));
#4786=CARTESIAN_POINT('Ctrl Pts',(-57.3422467841656,8.56551467007547,-152.851563934712));
#4787=CARTESIAN_POINT('Ctrl Pts',(-57.3422467841656,8.45270141650382,-152.851563934712));
#4788=CARTESIAN_POINT('',(-54.4265519109995,9.12814609616706,-156.372508467712));
#4789=CARTESIAN_POINT('',(-57.3621948789641,8.79042375633544,-152.854875406733));
#4790=CARTESIAN_POINT('Origin',(-54.4265519109995,9.12814609616706,-153.372508467712));
#4791=CARTESIAN_POINT('',(-57.3422467841656,8.45270141650382,-152.851563934712));
#4792=CARTESIAN_POINT('Origin',(-60.4803831964434,8.45270141650382,-153.372508467712));
#4793=CARTESIAN_POINT('',(-54.3878235251289,8.45270141650382,-156.372508467712));
#4794=CARTESIAN_POINT('Origin',(-54.3878235251289,8.45270141650382,-153.372508467712));
#4795=CARTESIAN_POINT('Origin',(-60.4803831964434,8.45270141650382,-156.372508467712));
#4796=CARTESIAN_POINT('Origin',(-54.3878235251289,12.1281460961671,-153.372508467712));
#4797=CARTESIAN_POINT('',(-57.3422467841656,-8.6964092241697,-152.851563934712));
#4798=CARTESIAN_POINT('',(-54.3878235251289,-8.69640922416971,-156.372508467712));
#4799=CARTESIAN_POINT('Origin',(-54.3878235251289,-8.69640922416971,-153.372508467712));
#4800=CARTESIAN_POINT('',(-54.3878235251289,12.1281460961671,-156.372508467712));
#4801=CARTESIAN_POINT('',(-57.3422467841656,12.1281460961671,-152.851563934712));
#4802=CARTESIAN_POINT('Ctrl Pts',(-57.3621948789641,-9.03413156400145,-152.854875406733));
#4803=CARTESIAN_POINT('Ctrl Pts',(-57.3489102563141,-8.92203542695411,-152.852670100579));
#4804=CARTESIAN_POINT('Ctrl Pts',(-57.3422467841656,-8.80922247774148,-152.851563934712));
#4805=CARTESIAN_POINT('Ctrl Pts',(-57.3422467841656,-8.69640922416983,-152.851563934712));
#4806=CARTESIAN_POINT('Ctrl Pts',(-57.4476181284739,-9.02430429957751,-153.345746387769));
#4807=CARTESIAN_POINT('Ctrl Pts',(-57.4351133763943,-8.915449989417,-153.343686776733));
#4808=CARTESIAN_POINT('Ctrl Pts',(-57.4288391396049,-8.80588826545212,-153.342653585832));
#4809=CARTESIAN_POINT('Ctrl Pts',(-57.4288391396049,-8.69640922416983,-153.342653585832));
#4810=CARTESIAN_POINT('Ctrl Pts',(-57.3692707766293,-9.03331753833756,-154.368243972824));
#4811=CARTESIAN_POINT('Ctrl Pts',(-57.3570375857582,-8.92140867821798,-154.366698751675));
#4812=CARTESIAN_POINT('Ctrl Pts',(-57.3509040684944,-8.80885743256544,-154.365918611014));
#4813=CARTESIAN_POINT('Ctrl Pts',(-57.3509040684944,-8.69640922416982,-154.365918611014));
#4814=CARTESIAN_POINT('Ctrl Pts',(-56.399758681759,-9.14485218228017,-155.882393702479));
#4815=CARTESIAN_POINT('Ctrl Pts',(-56.3834665791658,-8.99589665370114,-155.881954898298));
#4816=CARTESIAN_POINT('Ctrl Pts',(-56.3753028074502,-8.84612833104303,-155.881733657335));
#4817=CARTESIAN_POINT('Ctrl Pts',(-56.3753028074502,-8.69640922416977,-155.881733657335));
#4818=CARTESIAN_POINT('Ctrl Pts',(-55.1691718318886,-9.28642139721514,-156.372508467712));
#4819=CARTESIAN_POINT('Ctrl Pts',(-55.1469693309914,-9.0905980395651,-156.372517523792));
#4820=CARTESIAN_POINT('Ctrl Pts',(-55.1358217759837,-8.89341270937077,-156.372508467712));
#4821=CARTESIAN_POINT('Ctrl Pts',(-55.1358217759837,-8.69640922416971,-156.372508467712));
#4822=CARTESIAN_POINT('Ctrl Pts',(-54.4265519109995,-9.37185390383295,-156.372508467712));
#4823=CARTESIAN_POINT('Ctrl Pts',(-54.4007603756508,-9.14766162973826,-156.372508467712));
#4824=CARTESIAN_POINT('Ctrl Pts',(-54.3878235251289,-8.92203573131298,-156.372508467712));
#4825=CARTESIAN_POINT('Ctrl Pts',(-54.3878235251289,-8.69640922416968,-156.372508467712));
#4826=CARTESIAN_POINT('',(-57.3621948789641,-9.03413156400132,-152.854875406733));
#4827=CARTESIAN_POINT('',(-54.4265519109995,-9.37185390383294,-156.372508467712));
#4828=CARTESIAN_POINT('Origin',(-54.4265519109995,-9.37185390383294,-153.372508467712));
#4829=CARTESIAN_POINT('Origin',(-60.4803831964434,-8.6964092241697,-156.372508467712));
#4830=CARTESIAN_POINT('Origin',(-60.4803831964434,-8.6964092241697,-153.372508467712));
#4831=CARTESIAN_POINT('Ctrl Pts',(-58.0412989906977,11.4481016637053,-157.470455323174));
#4832=CARTESIAN_POINT('Ctrl Pts',(-57.2812112321681,11.2716842405887,-157.255277012229));
#4833=CARTESIAN_POINT('Ctrl Pts',(-56.1231954586387,10.8774051174521,-156.877602080009));
#4834=CARTESIAN_POINT('Ctrl Pts',(-54.8830023651084,10.0451688376796,-156.474392231934));
#4835=CARTESIAN_POINT('Ctrl Pts',(-54.4983277001056,9.44010071940028,-156.372508467712));
#4836=CARTESIAN_POINT('Ctrl Pts',(-54.4265519109995,9.12814609616704,-156.372508467712));
#4837=CARTESIAN_POINT('Ctrl Pts',(-58.1905178421885,11.3188849337487,-157.312848227419));
#4838=CARTESIAN_POINT('Ctrl Pts',(-57.4735138350737,11.1142158611377,-157.093091641638));
#4839=CARTESIAN_POINT('Ctrl Pts',(-56.3935236444183,10.6645505614107,-156.726138960521));
#4840=CARTESIAN_POINT('Ctrl Pts',(-55.2977664873551,9.83043561847711,-156.414601235382));
#4841=CARTESIAN_POINT('Ctrl Pts',(-54.9823494392959,9.32194259769373,-156.366565334982));
#4842=CARTESIAN_POINT('Ctrl Pts',(-54.9216318582589,9.07119109175516,-156.372508467712));
#4843=CARTESIAN_POINT('Ctrl Pts',(-58.4888767280833,11.110234959896,-156.956957443856));
#4844=CARTESIAN_POINT('Ctrl Pts',(-57.8579848575066,10.8623087738886,-156.709542753122));
#4845=CARTESIAN_POINT('Ctrl Pts',(-56.933334732804,10.3253711564492,-156.317418341285));
#4846=CARTESIAN_POINT('Ctrl Pts',(-56.1253501391399,9.47469718345144,-156.0872185096));
#4847=CARTESIAN_POINT('Ctrl Pts',(-55.9473766937321,9.11282150770701,-156.104780414307));
#4848=CARTESIAN_POINT('Ctrl Pts',(-55.9086740193781,8.95763975332496,-156.118400200919));
#4849=CARTESIAN_POINT('Ctrl Pts',(-58.9780799920614,10.9413728467494,-156.231380192869));
#4850=CARTESIAN_POINT('Ctrl Pts',(-58.4772627616508,10.6760472536604,-155.887447582363));
#4851=CARTESIAN_POINT('Ctrl Pts',(-57.7713552987925,10.102889791338,-155.326648836354));
#4852=CARTESIAN_POINT('Ctrl Pts',(-57.2843134716619,9.23640040802825,-154.913080064623));
#4853=CARTESIAN_POINT('Ctrl Pts',(-57.2390391135402,8.92599112468331,-154.884852351196));
#4854=CARTESIAN_POINT('Ctrl Pts',(-57.2230554663446,8.80643063745332,-154.895872347743));
#4855=CARTESIAN_POINT('Ctrl Pts',(-59.2699191891267,11.0066781360778,-155.662397701579));
#4856=CARTESIAN_POINT('Ctrl Pts',(-58.8266894784553,10.7855413421504,-155.225817011317));
#4857=CARTESIAN_POINT('Ctrl Pts',(-58.1785083356368,10.303087050264,-154.482855260685));
#4858=CARTESIAN_POINT('Ctrl Pts',(-57.6309756281998,9.45864562721615,-153.753340146231));
#4859=CARTESIAN_POINT('Ctrl Pts',(-57.5139645828483,8.99570413520518,-153.591670662815));
#4860=CARTESIAN_POINT('Ctrl Pts',(-57.4903297532288,8.77568285969955,-153.591181878287));
#4861=CARTESIAN_POINT('Ctrl Pts',(-59.4118273699723,11.1103793238737,-155.326741047543));
#4862=CARTESIAN_POINT('Ctrl Pts',(-58.9835261071599,10.933961900757,-154.837881514622));
#4863=CARTESIAN_POINT('Ctrl Pts',(-58.3224727790736,10.5396827776207,-153.994903762652));
#4864=CARTESIAN_POINT('Ctrl Pts',(-57.6147250884964,9.70744649784812,-153.094599576207));
#4865=CARTESIAN_POINT('Ctrl Pts',(-57.3991649259502,9.10237837956913,-152.861012598152));
#4866=CARTESIAN_POINT('Ctrl Pts',(-57.3621948789642,8.79042375633545,-152.854875406733));
#4867=CARTESIAN_POINT('Ctrl Pts',(-54.4265519109995,9.12814609616704,-156.372508467712));
#4868=CARTESIAN_POINT('Ctrl Pts',(-54.4983277001056,9.44010071940028,-156.372508467712));
#4869=CARTESIAN_POINT('Ctrl Pts',(-54.8830023651084,10.0451688376796,-156.474392231934));
#4870=CARTESIAN_POINT('Ctrl Pts',(-56.1231954586387,10.8774051174521,-156.877602080009));
#4871=CARTESIAN_POINT('Ctrl Pts',(-57.2812112321681,11.2716842405887,-157.255277012229));
#4872=CARTESIAN_POINT('Ctrl Pts',(-58.0412989906977,11.4481016637053,-157.470455323174));
#4873=CARTESIAN_POINT('Ctrl Pts',(-59.4118273699723,11.1103793238737,-155.326741047543));
#4874=CARTESIAN_POINT('Ctrl Pts',(-58.9835261071599,10.933961900757,-154.837881514622));
#4875=CARTESIAN_POINT('Ctrl Pts',(-58.3224727790736,10.5396827776207,-153.994903762652));
#4876=CARTESIAN_POINT('Ctrl Pts',(-57.6147250884964,9.70744649784812,-153.094599576207));
#4877=CARTESIAN_POINT('Ctrl Pts',(-57.3991649259502,9.10237837956913,-152.861012598152));
#4878=CARTESIAN_POINT('Ctrl Pts',(-57.3621948789642,8.79042375633545,-152.854875406733));
#4879=CARTESIAN_POINT('Ctrl Pts',(-59.6650692493856,-11.4498220200105,-155.607901841137));
#4880=CARTESIAN_POINT('Ctrl Pts',(-59.5793380790783,-11.4202288750568,-155.51564900497));
#4881=CARTESIAN_POINT('Ctrl Pts',(-59.4949221317272,-11.3883138897032,-155.421584724055));
#4882=CARTESIAN_POINT('Ctrl Pts',(-59.4118273699541,-11.3540871315321,-155.326741047522));
#4883=CARTESIAN_POINT('Ctrl Pts',(-59.3608096362845,-11.2665259017801,-156.322452544218));
#4884=CARTESIAN_POINT('Ctrl Pts',(-59.2642233179279,-11.2176101786537,-156.252413819941));
#4885=CARTESIAN_POINT('Ctrl Pts',(-59.1703305065646,-11.1671185154804,-156.180915259248));
#4886=CARTESIAN_POINT('Ctrl Pts',(-59.0807082813131,-11.1121176933373,-156.109939906944));
#4887=CARTESIAN_POINT('Ctrl Pts',(-58.9278658626262,-11.3911757612121,-157.055361268155));
#4888=CARTESIAN_POINT('Ctrl Pts',(-58.8033578171317,-11.3431360007148,-157.009700605215));
#4889=CARTESIAN_POINT('Ctrl Pts',(-58.6815648772168,-11.2935490529872,-156.963389731941));
#4890=CARTESIAN_POINT('Ctrl Pts',(-58.56356497089,-11.2395509165115,-156.918830488023));
#4891=CARTESIAN_POINT('Ctrl Pts',(-58.4920652450357,-11.7875443598422,-157.593621281647));
#4892=CARTESIAN_POINT('Ctrl Pts',(-58.3389641796443,-11.7579512148885,-157.55343442866));
#4893=CARTESIAN_POINT('Ctrl Pts',(-58.1887636766361,-11.7260362295347,-157.51220208424));
#4894=CARTESIAN_POINT('Ctrl Pts',(-58.0412989906655,-11.6918094713637,-157.470455323165));
#4895=CARTESIAN_POINT('',(-58.0412989907476,-11.6918094713637,-157.470455323165));
#4896=CARTESIAN_POINT('',(-59.4118273699541,-11.3540871315321,-155.326741047522));
#4897=CARTESIAN_POINT('Origin',(-58.0412989906655,-14.0117650388945,-155.568402178617));
#4898=CARTESIAN_POINT('',(-59.6650692493856,-11.4498220200105,-155.607901841137));
#4899=CARTESIAN_POINT('Ctrl Pts',(-59.4118273699541,-11.3540871315321,-155.326741047522));
#4900=CARTESIAN_POINT('Ctrl Pts',(-59.4949221317272,-11.3883138897032,-155.421584724055));
#4901=CARTESIAN_POINT('Ctrl Pts',(-59.5793380790783,-11.4202288750568,-155.51564900497));
#4902=CARTESIAN_POINT('Ctrl Pts',(-59.6650692493856,-11.4498220200105,-155.607901841137));
#4903=CARTESIAN_POINT('',(-58.4920652450363,-11.7875443598422,-157.593621281647));
#4904=CARTESIAN_POINT('Origin',(-58.4920652450357,-14.2032348158514,-155.814734095582));
#4905=CARTESIAN_POINT('Ctrl Pts',(-58.4920652450357,-11.7875443598422,-157.593621281647));
#4906=CARTESIAN_POINT('Ctrl Pts',(-58.3389641796443,-11.7579512148885,-157.55343442866));
#4907=CARTESIAN_POINT('Ctrl Pts',(-58.1887636766361,-11.7260362295347,-157.51220208424));
#4908=CARTESIAN_POINT('Ctrl Pts',(-58.0412989906655,-11.6918094713637,-157.470455323165));
#4909=CARTESIAN_POINT('Ctrl Pts',(-62.8045264774242,-11.4069329328855,-159.149246524998));
#4910=CARTESIAN_POINT('Ctrl Pts',(-62.8021259945861,-11.4078076288592,-159.146252004168));
#4911=CARTESIAN_POINT('Ctrl Pts',(-62.7997268301864,-11.4086774210812,-159.143260885394));
#4912=CARTESIAN_POINT('Ctrl Pts',(-61.8181451495059,-11.7658310349464,-157.919393222632));
#4913=CARTESIAN_POINT('Ctrl Pts',(-60.6753423104873,-11.7985534911063,-156.69502750214));
#4914=CARTESIAN_POINT('Ctrl Pts',(-59.6650692493858,-11.4498220200106,-155.607901841137));
#4915=CARTESIAN_POINT('Ctrl Pts',(-62.8045264774242,-11.4069329328855,-159.149246524998));
#4916=CARTESIAN_POINT('Ctrl Pts',(-62.8018390869879,-11.4082366446416,-159.146851430748));
#4917=CARTESIAN_POINT('Ctrl Pts',(-62.799179518912,-11.4087884078324,-159.14432151804));
#4918=CARTESIAN_POINT('Ctrl Pts',(-61.7039822696722,-11.8447161461434,-158.147606990521));
#4919=CARTESIAN_POINT('Ctrl Pts',(-60.3815384266447,-11.7931226069048,-157.158491056732));
#4920=CARTESIAN_POINT('Ctrl Pts',(-59.3608096362848,-11.2665259017802,-156.322452544218));
#4921=CARTESIAN_POINT('Ctrl Pts',(-62.8045264774242,-11.4069329328855,-159.149246524998));
#4922=CARTESIAN_POINT('Ctrl Pts',(-62.8015806368768,-11.4083665596954,-159.147346401549));
#4923=CARTESIAN_POINT('Ctrl Pts',(-62.7986068978044,-11.4091807898855,-159.145479265998));
#4924=CARTESIAN_POINT('Ctrl Pts',(-61.5901769250277,-11.9151684610345,-158.372751413356));
#4925=CARTESIAN_POINT('Ctrl Pts',(-60.1353939547868,-11.9087974468253,-157.618092058115));
#4926=CARTESIAN_POINT('Ctrl Pts',(-58.9278658626266,-11.3911757612123,-157.055361268155));
#4927=CARTESIAN_POINT('Ctrl Pts',(-62.8045264774242,-11.4069329328855,-159.149246524998));
#4928=CARTESIAN_POINT('Ctrl Pts',(-62.8012929098114,-11.4083333070374,-159.147909370028));
#4929=CARTESIAN_POINT('Ctrl Pts',(-62.7980615180986,-11.4097274724119,-159.146573854646));
#4930=CARTESIAN_POINT('Ctrl Pts',(-61.4755640791247,-11.9813754831652,-158.600118137229));
#4931=CARTESIAN_POINT('Ctrl Pts',(-59.9345223900673,-12.1362758309379,-158.067191102733));
#4932=CARTESIAN_POINT('Ctrl Pts',(-58.4920652450363,-11.7875443598422,-157.593621281648));
#4933=CARTESIAN_POINT('Ctrl Pts',(-59.6650692493858,-11.4498220200106,-155.607901841137));
#4934=CARTESIAN_POINT('Ctrl Pts',(-60.6753423104873,-11.7985534911063,-156.69502750214));
#4935=CARTESIAN_POINT('Ctrl Pts',(-61.8181451495059,-11.7658310349464,-157.919393222632));
#4936=CARTESIAN_POINT('Ctrl Pts',(-62.7997268301864,-11.4086774210812,-159.143260885394));
#4937=CARTESIAN_POINT('Ctrl Pts',(-62.8021259945861,-11.4078076288592,-159.146252004168));
#4938=CARTESIAN_POINT('Ctrl Pts',(-62.8045264774242,-11.4069329328855,-159.149246524998));
#4939=CARTESIAN_POINT('Ctrl Pts',(-62.8045264774242,-11.4069329328855,-159.149246524998));
#4940=CARTESIAN_POINT('Ctrl Pts',(-62.8012929098114,-11.4083333070374,-159.147909370028));
#4941=CARTESIAN_POINT('Ctrl Pts',(-62.7980615180986,-11.4097274724119,-159.146573854646));
#4942=CARTESIAN_POINT('Ctrl Pts',(-61.4755640791247,-11.9813754831652,-158.600118137229));
#4943=CARTESIAN_POINT('Ctrl Pts',(-59.9345223900673,-12.1362758309379,-158.067191102733));
#4944=CARTESIAN_POINT('Ctrl Pts',(-58.4920652450363,-11.7875443598422,-157.593621281648));
#4945=CARTESIAN_POINT('Ctrl Pts',(-54.4265519109995,-9.37185390383305,-156.372508467712));
#4946=CARTESIAN_POINT('Ctrl Pts',(-54.4983296973389,-9.68381720751646,-156.372508467712));
#4947=CARTESIAN_POINT('Ctrl Pts',(-54.7830473420759,-10.1369750082891,-156.44795561863));
#4948=CARTESIAN_POINT('Ctrl Pts',(-55.891419036411,-11.0272439789627,-156.797231034181));
#4949=CARTESIAN_POINT('Ctrl Pts',(-57.0278204456902,-11.4565796952169,-157.183542925167));
#4950=CARTESIAN_POINT('Ctrl Pts',(-58.0412989906655,-11.6918094713637,-157.470455323165));
#4951=CARTESIAN_POINT('Ctrl Pts',(-54.9216318582589,-9.31489889942112,-156.372508467712));
#4952=CARTESIAN_POINT('Ctrl Pts',(-54.9823511288235,-9.56565738277171,-156.366565169608));
#4953=CARTESIAN_POINT('Ctrl Pts',(-55.2166357107355,-9.94519538646056,-156.403443350828));
#4954=CARTESIAN_POINT('Ctrl Pts',(-56.1826406958414,-10.7979138979525,-156.655847344086));
#4955=CARTESIAN_POINT('Ctrl Pts',(-57.234485897534,-11.2896930510925,-157.019831293105));
#4956=CARTESIAN_POINT('Ctrl Pts',(-58.1905178421582,-11.5625927414059,-157.31284822741));
#4957=CARTESIAN_POINT('Ctrl Pts',(-55.9086739348815,-9.2013475707115,-156.118400167845));
#4958=CARTESIAN_POINT('Ctrl Pts',(-55.9473776861763,-9.35653364318129,-156.104780002248));
#4959=CARTESIAN_POINT('Ctrl Pts',(-56.0815929315369,-9.6237840907785,-156.094850002774));
#4960=CARTESIAN_POINT('Ctrl Pts',(-56.7640003964683,-10.4311181365615,-156.251776486945));
#4961=CARTESIAN_POINT('Ctrl Pts',(-57.6476641581543,-11.0233653273339,-156.627062008938));
#4962=CARTESIAN_POINT('Ctrl Pts',(-58.488876725852,-11.3539427737395,-156.956957442666));
#4963=CARTESIAN_POINT('Ctrl Pts',(-57.2230552841876,-9.05013846607483,-154.895872307893));
#4964=CARTESIAN_POINT('Ctrl Pts',(-57.2390393761442,-9.16970228019494,-154.884852004704));
#4965=CARTESIAN_POINT('Ctrl Pts',(-57.2762101970285,-9.39728751000771,-154.90878984857));
#4966=CARTESIAN_POINT('Ctrl Pts',(-57.6539720424667,-10.1967984188705,-155.22452196873));
#4967=CARTESIAN_POINT('Ctrl Pts',(-58.3103050990688,-10.8313033648802,-155.772790617185));
#4968=CARTESIAN_POINT('Ctrl Pts',(-58.978079987269,-11.1850806662694,-156.231380191554));
#4969=CARTESIAN_POINT('Ctrl Pts',(-57.4903297532287,-9.01939066736539,-153.591181878287));
#4970=CARTESIAN_POINT('Ctrl Pts',(-57.513965240511,-9.23941806518326,-153.591670676416));
#4971=CARTESIAN_POINT('Ctrl Pts',(-57.6026223049764,-9.58408250685442,-153.712450638086));
#4972=CARTESIAN_POINT('Ctrl Pts',(-58.0616942630913,-10.4266263700382,-154.331327668171));
#4973=CARTESIAN_POINT('Ctrl Pts',(-58.678929797133,-10.955528680691,-155.080273916817));
#4974=CARTESIAN_POINT('Ctrl Pts',(-59.269919189108,-11.2503859437343,-155.66239770156));
#4975=CARTESIAN_POINT('Ctrl Pts',(-57.3621948789641,-9.03413156400133,-152.854875406733));
#4976=CARTESIAN_POINT('Ctrl Pts',(-57.3991659546788,-9.34609486768484,-152.861012768926));
#4977=CARTESIAN_POINT('Ctrl Pts',(-57.5587196434748,-9.79925266845745,-153.033976853206));
#4978=CARTESIAN_POINT('Ctrl Pts',(-58.1893458525062,-10.6895216391312,-153.816767103279));
#4979=CARTESIAN_POINT('Ctrl Pts',(-58.840743128989,-11.118857355385,-154.674910199618));
#4980=CARTESIAN_POINT('Ctrl Pts',(-59.4118273699541,-11.3540871315321,-155.326741047522));
#4981=CARTESIAN_POINT('Ctrl Pts',(-58.0412989906655,-11.6918094713637,-157.470455323165));
#4982=CARTESIAN_POINT('Ctrl Pts',(-57.0278204456902,-11.4565796952169,-157.183542925167));
#4983=CARTESIAN_POINT('Ctrl Pts',(-55.891419036411,-11.0272439789627,-156.797231034181));
#4984=CARTESIAN_POINT('Ctrl Pts',(-54.7830473420759,-10.1369750082891,-156.44795561863));
#4985=CARTESIAN_POINT('Ctrl Pts',(-54.4983296973389,-9.68381720751646,-156.372508467712));
#4986=CARTESIAN_POINT('Ctrl Pts',(-54.4265519109995,-9.37185390383305,-156.372508467712));
#4987=CARTESIAN_POINT('Ctrl Pts',(-57.3621948789641,-9.03413156400133,-152.854875406733));
#4988=CARTESIAN_POINT('Ctrl Pts',(-57.3991659546788,-9.34609486768484,-152.861012768926));
#4989=CARTESIAN_POINT('Ctrl Pts',(-57.5587196434748,-9.79925266845745,-153.033976853206));
#4990=CARTESIAN_POINT('Ctrl Pts',(-58.1893458525062,-10.6895216391312,-153.816767103279));
#4991=CARTESIAN_POINT('Ctrl Pts',(-58.840743128989,-11.118857355385,-154.674910199618));
#4992=CARTESIAN_POINT('Ctrl Pts',(-59.4118273699541,-11.3540871315321,-155.326741047522));
#4993=CARTESIAN_POINT('Origin',(-38.8888270002747,9.12814609616706,-159.372508467712));
#4994=CARTESIAN_POINT('',(-47.5988633459469,9.12814609616706,-156.372508467712));
#4995=CARTESIAN_POINT('',(-38.8888270002747,9.12814609616706,-156.372508467712));
#4996=CARTESIAN_POINT('Origin',(-47.5988633459469,9.12814609616706,-159.372508467712));
#4997=CARTESIAN_POINT('Origin',(-58.0412989908297,9.12814609616706,-159.372508467712));
#4998=CARTESIAN_POINT('Origin',(-57.9630843029115,12.1281460961671,-156.372508467712));
#4999=CARTESIAN_POINT('',(-47.5988633459469,-9.37185390383294,-156.372508467712));
#5000=CARTESIAN_POINT('',(-44.7093365910142,-9.37185390383294,-156.372508467712));
#5001=CARTESIAN_POINT('',(-47.5988633459469,12.1281460961671,-156.372508467712));
#5002=CARTESIAN_POINT('Origin',(-44.7093365910142,-9.37185390383294,-159.372508467712));
#5003=CARTESIAN_POINT('Origin',(-58.0412989908297,-9.37185390383294,-159.372508467712));
#5004=CARTESIAN_POINT('Origin',(-42.7117117124499,-9.37185390383294,-159.372508467712));
#5005=CARTESIAN_POINT('Origin',(-44.7093365910142,-9.37185390383294,-159.372508467712));
#5006=CARTESIAN_POINT('Origin',(-58.492065245037,-9.37185390383294,-159.372508467712));
#5007=CARTESIAN_POINT('Ctrl Pts',(-62.8045264774243,-11.4069329328854,-159.149246524998));
#5008=CARTESIAN_POINT('Ctrl Pts',(-61.4622894977502,-12.0396629958478,-159.218735946355));
#5009=CARTESIAN_POINT('Ctrl Pts',(-59.9776493504529,-12.371853903833,-159.29559777204));
#5010=CARTESIAN_POINT('Ctrl Pts',(-58.4920652450365,-12.3718539038329,-159.372508467712));
#5011=CARTESIAN_POINT('Ctrl Pts',(-62.7854821408402,-11.366164583294,-158.546290368692));
#5012=CARTESIAN_POINT('Ctrl Pts',(-61.454721112321,-12.0083058502568,-158.605372670088));
#5013=CARTESIAN_POINT('Ctrl Pts',(-59.9778516759493,-12.3554826351024,-158.671219590048));
#5014=CARTESIAN_POINT('Ctrl Pts',(-58.4920652450365,-12.371853903833,-158.737775646192));
#5015=CARTESIAN_POINT('Ctrl Pts',(-62.6870655320865,-11.1554834344102,-157.958656910937));
#5016=CARTESIAN_POINT('Ctrl Pts',(-61.3900630598894,-11.7895496877569,-158.003517622236));
#5017=CARTESIAN_POINT('Ctrl Pts',(-59.9476123299824,-12.1383080019242,-158.05373723894));
#5018=CARTESIAN_POINT('Ctrl Pts',(-58.4920652450365,-12.1639170541015,-158.104727288002));
#5019=CARTESIAN_POINT('Ctrl Pts',(-62.5263313098714,-10.8113985179511,-157.488177419795));
#5020=CARTESIAN_POINT('Ctrl Pts',(-61.2800078393404,-11.4223880247613,-157.520489066731));
#5021=CARTESIAN_POINT('Ctrl Pts',(-59.8926942037977,-11.7603674966474,-157.556715687207));
#5022=CARTESIAN_POINT('Ctrl Pts',(-58.4920652450365,-11.7875443598422,-157.593621281647));
#5023=CARTESIAN_POINT('Origin',(-41.5675204845097,-8.6964092241697,-46.1123340125971));
#5024=CARTESIAN_POINT('',(-38.6130972254731,-8.6964092241697,-46.6332785455979));
#5025=CARTESIAN_POINT('Origin',(-41.5675204845097,-8.6964092241697,-46.1123340125971));
#5026=CARTESIAN_POINT('',(-35.1377294334357,-8.6964092241697,-44.199799819562));
#5027=CARTESIAN_POINT('Origin',(-35.6586739664365,-8.6964092241697,-47.1542230785987));
#5028=CARTESIAN_POINT('Origin',(-41.0465759515089,-8.6964092241697,-43.1579107535605));
#5029=CARTESIAN_POINT('Origin',(-35.6586739664365,12.1281460961671,-47.1542230785987));
#5030=CARTESIAN_POINT('',(-38.6130972254731,8.45270141650382,-46.6332785455979));
#5031=CARTESIAN_POINT('',(-35.1377294334357,8.45270141650382,-44.199799819562));
#5032=CARTESIAN_POINT('Origin',(-35.6586739664365,8.45270141650382,-47.1542230785987));
#5033=CARTESIAN_POINT('',(-35.1377294334357,12.1281460961671,-44.199799819562));
#5034=CARTESIAN_POINT('',(-38.6130972254731,12.1281460961671,-46.6332785455979));
#5035=CARTESIAN_POINT('Origin',(-41.5675204845097,8.45270141650382,-46.1123340125971));
#5036=CARTESIAN_POINT('',(-38.6318775165451,8.79042375633544,-46.6299670735763));
#5037=CARTESIAN_POINT('',(-35.1752900155798,9.12814609616706,-44.1931768755189));
#5038=CARTESIAN_POINT('Origin',(-35.6962345485805,9.12814609616706,-47.1476001345555));
#5039=CARTESIAN_POINT('Origin',(-41.0465759515089,8.45270141650382,-43.1579107535605));
#5040=CARTESIAN_POINT('Origin',(-41.5675204845097,8.45270141650382,-46.1123340125971));
#5041=CARTESIAN_POINT('Ctrl Pts',(-37.9137311321985,11.3884999676888,-42.6669763355524));
#5042=CARTESIAN_POINT('Ctrl Pts',(-38.4269316575622,11.5902965690829,-42.3416737433992));
#5043=CARTESIAN_POINT('Ctrl Pts',(-39.2407700731075,11.7494276005999,-41.810215950174));
#5044=CARTESIAN_POINT('Ctrl Pts',(-40.5605139300728,11.6637760113727,-40.9021270921352));
#5045=CARTESIAN_POINT('Ctrl Pts',(-41.3183141113077,11.4136434350598,-40.3476716117373));
#5046=CARTESIAN_POINT('Ctrl Pts',(-41.7868240300855,11.1658717518332,-39.9840987689455));
#5047=CARTESIAN_POINT('Ctrl Pts',(-41.7893188649716,11.1645496521091,-39.9821621474507));
#5048=CARTESIAN_POINT('Ctrl Pts',(-41.7918128152381,11.1632251252196,-39.9802255518092));
#5049=CARTESIAN_POINT('Ctrl Pts',(-38.557035391113,10.9636512268677,-43.0479004699141));
#5050=CARTESIAN_POINT('Ctrl Pts',(-38.9517462563186,11.2291595681559,-42.7352203670291));
#5051=CARTESIAN_POINT('Ctrl Pts',(-39.6184366604247,11.502002810655,-42.1632355224584));
#5052=CARTESIAN_POINT('Ctrl Pts',(-40.7425120066655,11.5719652584628,-41.1056610969444));
#5053=CARTESIAN_POINT('Ctrl Pts',(-41.3952648117921,11.3845646815472,-40.4289109328459));
#5054=CARTESIAN_POINT('Ctrl Pts',(-41.7876362600989,11.1655610006329,-39.9849528296917));
#5055=CARTESIAN_POINT('Ctrl Pts',(-41.7897250148382,11.1643951239712,-39.9825894805765));
#5056=CARTESIAN_POINT('Ctrl Pts',(-41.7918128152381,11.1632251252196,-39.9802255518092));
#5057=CARTESIAN_POINT('Ctrl Pts',(-39.2393060933867,10.8370294339501,-43.6785575292632));
#5058=CARTESIAN_POINT('Ctrl Pts',(-39.5199538573347,11.1063467095528,-43.2752962862279));
#5059=CARTESIAN_POINT('Ctrl Pts',(-40.0330963979889,11.3945029382907,-42.5704202675385));
#5060=CARTESIAN_POINT('Ctrl Pts',(-40.9373160876267,11.5070991408427,-41.3061871823353));
#5061=CARTESIAN_POINT('Ctrl Pts',(-41.4723044490077,11.3553179847889,-40.5099389603383));
#5062=CARTESIAN_POINT('Ctrl Pts',(-41.7884487229568,11.1652520685458,-39.9858075702578));
#5063=CARTESIAN_POINT('Ctrl Pts',(-41.7901311647049,11.1642405958333,-39.9830168137024));
#5064=CARTESIAN_POINT('Ctrl Pts',(-41.7918128152381,11.1632251252196,-39.9802255518092));
#5065=CARTESIAN_POINT('Ctrl Pts',(-39.7334657344437,11.0507776278571,-44.3490483770798));
#5066=CARTESIAN_POINT('Ctrl Pts',(-39.9973674163152,11.2525742292512,-43.832892404276));
#5067=CARTESIAN_POINT('Ctrl Pts',(-40.4328054849618,11.4412395953723,-42.9802006790915));
#5068=CARTESIAN_POINT('Ctrl Pts',(-41.145542143508,11.4697890126571,-41.5037611591863));
#5069=CARTESIAN_POINT('Ctrl Pts',(-41.5495374741517,11.325872103514,-40.590856157394));
#5070=CARTESIAN_POINT('Ctrl Pts',(-41.7892610333393,11.1649450717348,-39.9866626192328));
#5071=CARTESIAN_POINT('Ctrl Pts',(-41.7905373145715,11.1640860676953,-39.9834441468282));
#5072=CARTESIAN_POINT('Ctrl Pts',(-41.7918128152381,11.1632251252196,-39.9802255518092));
#5073=CARTESIAN_POINT('',(-39.7334657344437,11.0507776278571,-44.3490483770798));
#5074=CARTESIAN_POINT('Ctrl Pts',(-39.7334657344437,11.0507776278571,-44.3490483770798));
#5075=CARTESIAN_POINT('Ctrl Pts',(-39.9973674163152,11.2525742292512,-43.832892404276));
#5076=CARTESIAN_POINT('Ctrl Pts',(-40.4328054849618,11.4412395953723,-42.9802006790915));
#5077=CARTESIAN_POINT('Ctrl Pts',(-41.145542143508,11.4697890126571,-41.5037611591863));
#5078=CARTESIAN_POINT('Ctrl Pts',(-41.5495374741517,11.325872103514,-40.590856157394));
#5079=CARTESIAN_POINT('Ctrl Pts',(-41.7892610333393,11.1649450717348,-39.9866626192328));
#5080=CARTESIAN_POINT('Ctrl Pts',(-41.7905373145715,11.1640860676953,-39.9834441468282));
#5081=CARTESIAN_POINT('Ctrl Pts',(-41.7918128152381,11.1632251252196,-39.9802255518092));
#5082=CARTESIAN_POINT('',(-37.9137311321985,11.3884999676888,-42.6669763355524));
#5083=CARTESIAN_POINT('Ctrl Pts',(-41.7918128152381,11.1632251252196,-39.9802255518092));
#5084=CARTESIAN_POINT('Ctrl Pts',(-41.7893188649716,11.1645496521091,-39.9821621474507));
#5085=CARTESIAN_POINT('Ctrl Pts',(-41.7868240300855,11.1658717518332,-39.9840987689455));
#5086=CARTESIAN_POINT('Ctrl Pts',(-41.3183141113077,11.4136434350598,-40.3476716117373));
#5087=CARTESIAN_POINT('Ctrl Pts',(-40.5605139300728,11.6637760113727,-40.9021270921352));
#5088=CARTESIAN_POINT('Ctrl Pts',(-39.2407700731075,11.7494276005999,-41.810215950174));
#5089=CARTESIAN_POINT('Ctrl Pts',(-38.4269316575622,11.5902965690829,-42.3416737433992));
#5090=CARTESIAN_POINT('Ctrl Pts',(-37.9137311321985,11.3884999676888,-42.6669763355524));
#5091=CARTESIAN_POINT('Origin',(-38.2562541049254,13.6488538392105,-44.6095206435802));
#5092=CARTESIAN_POINT('Ctrl Pts',(-35.1752900155798,9.12814609616707,-44.1931768755189));
#5093=CARTESIAN_POINT('Ctrl Pts',(-35.2231674426623,9.34270242821433,-44.1847347933574));
#5094=CARTESIAN_POINT('Ctrl Pts',(-35.4014803691227,9.76567140274149,-44.1056828437791));
#5095=CARTESIAN_POINT('Ctrl Pts',(-36.1664878537695,10.6493482976471,-43.67644130048));
#5096=CARTESIAN_POINT('Ctrl Pts',(-37.1112315752276,11.1386935685743,-43.0991545833101));
#5097=CARTESIAN_POINT('Ctrl Pts',(-37.9137311321985,11.3884999676888,-42.6669763355524));
#5098=CARTESIAN_POINT('Ctrl Pts',(-36.0536323376484,9.02709980837962,-44.0383014258401));
#5099=CARTESIAN_POINT('Ctrl Pts',(-36.0910164009093,9.17710286761146,-44.0392532536795));
#5100=CARTESIAN_POINT('Ctrl Pts',(-36.2226994620233,9.481382122223,-44.010208208727));
#5101=CARTESIAN_POINT('Ctrl Pts',(-36.8025802412294,10.2497898823189,-43.7815846291475));
#5102=CARTESIAN_POINT('Ctrl Pts',(-37.5877654609627,10.8352231818319,-43.2949557817577));
#5103=CARTESIAN_POINT('Ctrl Pts',(-38.2813335658639,11.1457292586482,-42.8846472694734));
#5104=CARTESIAN_POINT('Ctrl Pts',(-37.7051918733269,8.85214663392086,-44.511857401914));
#5105=CARTESIAN_POINT('Ctrl Pts',(-37.7235779982491,8.94677929538278,-44.5203142399697));
#5106=CARTESIAN_POINT('Ctrl Pts',(-37.7658709039424,9.15077814836035,-44.5219595608708));
#5107=CARTESIAN_POINT('Ctrl Pts',(-37.9882758913507,9.83998399500694,-44.3655270609689));
#5108=CARTESIAN_POINT('Ctrl Pts',(-38.4588160194996,10.5198631585101,-43.8573303391693));
#5109=CARTESIAN_POINT('Ctrl Pts',(-38.9486585190496,10.8838584280288,-43.4049215166078));
#5110=CARTESIAN_POINT('Ctrl Pts',(-38.5149778367021,8.79042375633545,-45.9669960445632));
#5111=CARTESIAN_POINT('Ctrl Pts',(-38.5341454140535,8.95745971752354,-45.9670691177007));
#5112=CARTESIAN_POINT('Ctrl Pts',(-38.5859917541507,9.29366030135225,-45.8940885698541));
#5113=CARTESIAN_POINT('Ctrl Pts',(-38.8059014486793,10.0967295019066,-45.4066613016595));
#5114=CARTESIAN_POINT('Ctrl Pts',(-39.1629074215365,10.6616997716488,-44.64186574068));
#5115=CARTESIAN_POINT('Ctrl Pts',(-39.5216830311336,10.9591712590398,-44.061695156587));
#5116=CARTESIAN_POINT('Ctrl Pts',(-38.6318775165451,8.79042375633545,-46.6299670735763));
#5117=CARTESIAN_POINT('Ctrl Pts',(-38.6558162300864,9.00498008838292,-46.6257460324955));
#5118=CARTESIAN_POINT('Ctrl Pts',(-38.732759862929,9.42794906290995,-46.5169576547632));
#5119=CARTESIAN_POINT('Ctrl Pts',(-39.0397583619907,10.3116259578156,-45.8741253697178));
#5120=CARTESIAN_POINT('Ctrl Pts',(-39.4067787218126,10.8009712287428,-44.9880039593678));
#5121=CARTESIAN_POINT('Ctrl Pts',(-39.7334657344437,11.0507776278571,-44.3490483770798));
#5122=CARTESIAN_POINT('Ctrl Pts',(-37.9137311321985,11.3884999676888,-42.6669763355524));
#5123=CARTESIAN_POINT('Ctrl Pts',(-37.1112315752276,11.1386935685743,-43.0991545833101));
#5124=CARTESIAN_POINT('Ctrl Pts',(-36.1664878537695,10.6493482976471,-43.67644130048));
#5125=CARTESIAN_POINT('Ctrl Pts',(-35.4014803691227,9.76567140274149,-44.1056828437791));
#5126=CARTESIAN_POINT('Ctrl Pts',(-35.2231674426623,9.34270242821433,-44.1847347933574));
#5127=CARTESIAN_POINT('Ctrl Pts',(-35.1752900155798,9.12814609616707,-44.1931768755189));
#5128=CARTESIAN_POINT('Ctrl Pts',(-38.6318775165451,8.79042375633545,-46.6299670735763));
#5129=CARTESIAN_POINT('Ctrl Pts',(-38.6558162300864,9.00498008838292,-46.6257460324955));
#5130=CARTESIAN_POINT('Ctrl Pts',(-38.732759862929,9.42794906290995,-46.5169576547632));
#5131=CARTESIAN_POINT('Ctrl Pts',(-39.0397583619907,10.3116259578156,-45.8741253697178));
#5132=CARTESIAN_POINT('Ctrl Pts',(-39.4067787218126,10.8009712287428,-44.9880039593678));
#5133=CARTESIAN_POINT('Ctrl Pts',(-39.7334657344437,11.0507776278571,-44.3490483770798));
#5134=CARTESIAN_POINT('Origin',(-22.4437324406284,12.1281460961671,-46.4380939824261));
#5135=CARTESIAN_POINT('',(-25.4856876090262,9.12814609616706,-45.901715212132));
#5136=CARTESIAN_POINT('',(-25.3532440272611,9.12814609616706,-45.9250685890188));
#5137=CARTESIAN_POINT('',(-25.4856876090262,-9.37185390383294,-45.901715212132));
#5138=CARTESIAN_POINT('',(-25.4856876090262,12.1281460961671,-45.901715212132));
#5139=CARTESIAN_POINT('Origin',(-19.5743223703498,-9.37185390383294,-46.9440483965328));
#5140=CARTESIAN_POINT('Origin',(-24.8322994942603,9.12814609616706,-42.9706453299822));
#5141=CARTESIAN_POINT('Origin',(-37.5712081594715,9.12814609616706,-40.7244320275246));
#5142=CARTESIAN_POINT('Origin',(-24.9647430760254,9.12814609616706,-42.9472919530954));
#5143=CARTESIAN_POINT('Origin',(-37.5712081594715,2.12814609616706,-40.7244320275246));
#5144=CARTESIAN_POINT('Origin',(-47.5988633459469,9.12814609616706,-153.372508467712));
#5145=CARTESIAN_POINT('',(-44.6609046070954,9.12814609616706,-153.979466826092));
#5146=CARTESIAN_POINT('Origin',(-47.5988633459469,9.12814609616706,-153.372508467712));
#5147=CARTESIAN_POINT('Origin',(-41.722945868244,9.12814609616706,-154.586425184471));
#5148=CARTESIAN_POINT('Origin',(-26.006632142027,9.12814609616706,-48.8561384711686));
#5149=CARTESIAN_POINT('',(-23.0686734031755,9.12814609616706,-49.4630968295478));
#5150=CARTESIAN_POINT('Origin',(-26.006632142027,9.12814609616706,-48.8561384711686));
#5151=CARTESIAN_POINT('Origin',(-20.1307146643241,9.12814609616706,-50.0700551879271));
#5152=CARTESIAN_POINT('Origin',(-25.9595568262723,9.12814609616706,-78.2843429239269));
#5153=CARTESIAN_POINT('',(-28.8975155651237,9.12814609616706,-77.6773845655477));
#5154=CARTESIAN_POINT('Origin',(-26.006632142027,12.1281460961671,-48.8561384711686));
#5155=CARTESIAN_POINT('',(-23.0686734031755,-9.37185390383294,-49.4630968295478));
#5156=CARTESIAN_POINT('Origin',(-26.006632142027,-9.37185390383294,-48.8561384711686));
#5157=CARTESIAN_POINT('',(-23.0686734031755,12.1281460961671,-49.4630968295478));
#5158=CARTESIAN_POINT('Ctrl Pts',(-20.0952669033506,-12.3718539038329,-49.8984716555694));
#5159=CARTESIAN_POINT('Ctrl Pts',(-20.7624977616353,-12.3718539038329,-49.8007737730703));
#5160=CARTESIAN_POINT('Ctrl Pts',(-21.8705054070638,-11.978504824548,-49.6385360716704));
#5161=CARTESIAN_POINT('Ctrl Pts',(-22.8652202989745,-10.7166700094164,-49.4928870246827));
#5162=CARTESIAN_POINT('Ctrl Pts',(-23.0686734031755,-9.82065285434581,-49.4630968295478));
#5163=CARTESIAN_POINT('Ctrl Pts',(-23.0686734031755,-9.37185390383298,-49.4630968295478));
#5164=CARTESIAN_POINT('Ctrl Pts',(-19.9394006635598,-12.3718539038329,-49.0145102835518));
#5165=CARTESIAN_POINT('Ctrl Pts',(-20.6040373019287,-12.3658100930285,-48.9134515721252));
#5166=CARTESIAN_POINT('Ctrl Pts',(-21.7060269411122,-11.959715505607,-48.7460954980676));
#5167=CARTESIAN_POINT('Ctrl Pts',(-22.6818219586499,-10.7043102490728,-48.598321764462));
#5168=CARTESIAN_POINT('Ctrl Pts',(-22.8836968688588,-9.81523043959002,-48.5677249840564));
#5169=CARTESIAN_POINT('Ctrl Pts',(-22.8836968688588,-9.37185390383298,-48.5677249840564));
#5170=CARTESIAN_POINT('Ctrl Pts',(-19.669522014459,-13.1249344940636,-47.4839524074031));
#5171=CARTESIAN_POINT('Ctrl Pts',(-20.5008551714087,-13.1155616557824,-47.3422227904942));
#5172=CARTESIAN_POINT('Ctrl Pts',(-21.8683956245234,-12.6089152103094,-47.1091869090709));
#5173=CARTESIAN_POINT('Ctrl Pts',(-23.0836031263948,-11.0352363854841,-46.9022906770328));
#5174=CARTESIAN_POINT('Ctrl Pts',(-23.3305717953296,-9.92714269905919,-46.86024074811));
#5175=CARTESIAN_POINT('Ctrl Pts',(-23.3305717953296,-9.37185390383296,-46.86024074811));
#5176=CARTESIAN_POINT('Ctrl Pts',(-19.5743223703498,-14.6986554780637,-46.9440483965328));
#5177=CARTESIAN_POINT('Ctrl Pts',(-20.7526100835775,-14.695889140116,-46.7362347959926));
#5178=CARTESIAN_POINT('Ctrl Pts',(-22.7042541131324,-13.9937906358031,-46.3921695631627));
#5179=CARTESIAN_POINT('Ctrl Pts',(-24.4536462442396,-11.754124709492,-46.0836338630198));
#5180=CARTESIAN_POINT('Ctrl Pts',(-24.8103954314613,-10.1671901140249,-46.020787442898));
#5181=CARTESIAN_POINT('Ctrl Pts',(-24.8103954314613,-9.37185390383294,-46.020787442898));
#5182=CARTESIAN_POINT('Ctrl Pts',(-19.5743223703498,-15.3718539038329,-46.9440483965328));
#5183=CARTESIAN_POINT('Ctrl Pts',(-20.9008296279577,-15.371853903833,-46.7101493769109));
#5184=CARTESIAN_POINT('Ctrl Pts',(-23.1036356955975,-14.5851557452631,-46.3217352339177));
#5185=CARTESIAN_POINT('Ctrl Pts',(-25.0812068870175,-12.0614861149998,-45.9730360765985));
#5186=CARTESIAN_POINT('Ctrl Pts',(-25.4856876090262,-10.2694518048586,-45.901715212132));
#5187=CARTESIAN_POINT('Ctrl Pts',(-25.4856876090262,-9.37185390383293,-45.901715212132));
#5188=CARTESIAN_POINT('Origin',(-20.0952669033506,-9.37185390383294,-49.8984716555694));
#5189=CARTESIAN_POINT('Origin',(-47.5988633459469,12.1281460961671,-153.372508467712));
#5190=CARTESIAN_POINT('',(-44.6609046070954,-9.37185390383294,-153.979466826092));
#5191=CARTESIAN_POINT('Origin',(-47.5988633459469,-9.37185390383294,-153.372508467712));
#5192=CARTESIAN_POINT('',(-44.6609046070954,12.1281460961671,-153.979466826092));
#5193=CARTESIAN_POINT('Ctrl Pts',(-44.6609046070954,-9.37185390383292,-153.979466826092));
#5194=CARTESIAN_POINT('Ctrl Pts',(-44.6609046070954,-9.82065285434574,-153.979466826092));
#5195=CARTESIAN_POINT('Ctrl Pts',(-44.5606224083139,-10.4929944335688,-154.256928372061));
#5196=CARTESIAN_POINT('Ctrl Pts',(-44.1704288190498,-11.4494196431473,-155.336518945665));
#5197=CARTESIAN_POINT('Ctrl Pts',(-43.586420505567,-12.1669116823717,-156.952357563956));
#5198=CARTESIAN_POINT('Ctrl Pts',(-43.0033102876045,-12.3718539038329,-158.565711324769));
#5199=CARTESIAN_POINT('Ctrl Pts',(-42.7117117124498,-12.3718539038329,-159.372508467712));
#5200=CARTESIAN_POINT('Ctrl Pts',(-44.8189531588657,-9.37185390383292,-154.744494801118));
#5201=CARTESIAN_POINT('Ctrl Pts',(-44.8189531588657,-9.7243672137679,-154.744494801118));
#5202=CARTESIAN_POINT('Ctrl Pts',(-44.7766924768421,-10.2682435131348,-154.928085409864));
#5203=CARTESIAN_POINT('Ctrl Pts',(-44.4671032744568,-11.2325467447337,-155.767336982555));
#5204=CARTESIAN_POINT('Ctrl Pts',(-43.8392170109788,-12.0976807154979,-157.155446629982));
#5205=CARTESIAN_POINT('Ctrl Pts',(-43.0870279256138,-12.3718539038329,-158.63390145666));
#5206=CARTESIAN_POINT('Ctrl Pts',(-42.7117117124498,-12.3718539038329,-159.372508467712));
#5207=CARTESIAN_POINT('Ctrl Pts',(-45.6442889196184,-9.37185390383292,-155.961311096709));
#5208=CARTESIAN_POINT('Ctrl Pts',(-45.6442889196184,-9.64430497978398,-155.961311096709));
#5209=CARTESIAN_POINT('Ctrl Pts',(-45.5937043895269,-10.0828402305546,-156.006899780834));
#5210=CARTESIAN_POINT('Ctrl Pts',(-45.161258546272,-11.0621391547436,-156.487262719323));
#5211=CARTESIAN_POINT('Ctrl Pts',(-44.2779922616337,-12.0467218214141,-157.513578592583));
#5212=CARTESIAN_POINT('Ctrl Pts',(-43.2335337921301,-12.3718539038329,-158.75323418747));
#5213=CARTESIAN_POINT('Ctrl Pts',(-42.7117117124498,-12.3718539038329,-159.372508467712));
#5214=CARTESIAN_POINT('Ctrl Pts',(-47.0129759673915,-9.37185390383293,-156.372508467712));
#5215=CARTESIAN_POINT('Ctrl Pts',(-47.0129759673915,-9.74920300836594,-156.372508467712));
#5216=CARTESIAN_POINT('Ctrl Pts',(-46.8216438146579,-10.3258395062798,-156.470040795732));
#5217=CARTESIAN_POINT('Ctrl Pts',(-46.0065932559797,-11.2873653447684,-156.976256215409));
#5218=CARTESIAN_POINT('Ctrl Pts',(-44.7166202594646,-12.1147648172011,-157.872295382829));
#5219=CARTESIAN_POINT('Ctrl Pts',(-43.3800396586464,-12.3718539038329,-158.872566918281));
#5220=CARTESIAN_POINT('Ctrl Pts',(-42.7117117124499,-12.3718539038329,-159.372508467712));
#5221=CARTESIAN_POINT('Ctrl Pts',(-47.5988633459469,-9.37185390383293,-156.372508467712));
#5222=CARTESIAN_POINT('Ctrl Pts',(-47.5988633459469,-9.82065285434576,-156.372508467712));
#5223=CARTESIAN_POINT('Ctrl Pts',(-47.34742886097,-10.4929944335688,-156.526852656618));
#5224=CARTESIAN_POINT('Ctrl Pts',(-46.3691084277329,-11.4494196431473,-157.127399052518));
#5225=CARTESIAN_POINT('Ctrl Pts',(-44.9048422737501,-12.1669116823717,-158.026245413625));
#5226=CARTESIAN_POINT('Ctrl Pts',(-43.4428278871534,-12.3718539038329,-158.9237095172));
#5227=CARTESIAN_POINT('Ctrl Pts',(-42.7117117124499,-12.3718539038329,-159.372508467712));
#5228=CARTESIAN_POINT('Origin',(-42.7117117124499,-9.37185390383294,-159.372508467712));
#5229=CARTESIAN_POINT('Origin',(-38.8888270002747,9.12814609616706,-159.372508467712));
#5230=CARTESIAN_POINT('Origin',(-58.492065245037,9.12814609616706,-159.372508467712));
#5231=CARTESIAN_POINT('Ctrl Pts',(-58.4920652450365,12.1281460961671,-159.372508467712));
#5232=CARTESIAN_POINT('Ctrl Pts',(-59.9776493504529,12.1281460961671,-159.29559777204));
#5233=CARTESIAN_POINT('Ctrl Pts',(-61.4622894977501,11.795955188182,-159.218735946355));
#5234=CARTESIAN_POINT('Ctrl Pts',(-62.8045264774242,11.1632251252196,-159.149246524998));
#5235=CARTESIAN_POINT('Ctrl Pts',(-58.4920652450365,12.1281460961671,-158.737775646192));
#5236=CARTESIAN_POINT('Ctrl Pts',(-59.9778516759493,12.1117748274365,-158.671219590049));
#5237=CARTESIAN_POINT('Ctrl Pts',(-61.4547211123209,11.7645980425909,-158.605372670089));
#5238=CARTESIAN_POINT('Ctrl Pts',(-62.7854821408401,11.1224567756282,-158.546290368692));
#5239=CARTESIAN_POINT('Ctrl Pts',(-58.4920652450365,11.9202092464357,-158.104727288002));
#5240=CARTESIAN_POINT('Ctrl Pts',(-59.9476123299823,11.8946001942583,-158.05373723894));
#5241=CARTESIAN_POINT('Ctrl Pts',(-61.3900630598893,11.5458418800911,-158.003517622236));
#5242=CARTESIAN_POINT('Ctrl Pts',(-62.6870655320864,10.9117756267444,-157.958656910938));
#5243=CARTESIAN_POINT('Ctrl Pts',(-58.4920652450365,11.5438365521764,-157.593621281648));
#5244=CARTESIAN_POINT('Ctrl Pts',(-59.8926942037976,11.5166596889816,-157.556715687207));
#5245=CARTESIAN_POINT('Ctrl Pts',(-61.2800078393404,11.1786802170955,-157.520489066731));
#5246=CARTESIAN_POINT('Ctrl Pts',(-62.5263313098714,10.5676907102854,-157.488177419795));
#5247=CARTESIAN_POINT('Origin',(-30.678356550137,8.45270141650382,15.643183439248));
#5248=CARTESIAN_POINT('',(-27.7239332911003,8.45270141650382,15.1222389062473));
#5249=CARTESIAN_POINT('Origin',(-38.0921526924723,12.1281460961671,-43.6788552865612));
#5250=CARTESIAN_POINT('',(-34.2376333289228,-8.6964092241697,-21.8187896966986));
#5251=CARTESIAN_POINT('Origin',(-33.5413519440657,-9.37185390383294,-114.983732453687));
#5252=CARTESIAN_POINT('',(-36.4793106829172,-9.37185390383294,-114.376774095307));
#5253=CARTESIAN_POINT('Origin',(-45.1552875291984,12.1281460961671,-156.372508467712));
#5254=CARTESIAN_POINT('Origin',(-37.1920565879594,-8.6964092241697,-21.2978451636978));
#5255=CARTESIAN_POINT('Ctrl Pts',(-13.7402500753029,9.12814609616706,0.5));
#5256=CARTESIAN_POINT('Ctrl Pts',(-13.7402500753029,9.8013445219363,0.5));
#5257=CARTESIAN_POINT('Ctrl Pts',(-13.7318979488363,10.9193950856321,0.893008752633509));
#5258=CARTESIAN_POINT('Ctrl Pts',(-13.7050774052302,11.9229719305701,2.15504763934737));
#5259=CARTESIAN_POINT('Ctrl Pts',(-13.6860325708218,12.1281460961671,3.05120104948717));
#5260=CARTESIAN_POINT('Ctrl Pts',(-13.6764948046331,12.1281460961671,3.5));
#5261=CARTESIAN_POINT('Ctrl Pts',(-14.6317762742989,9.12814609616706,0.5));
#5262=CARTESIAN_POINT('Ctrl Pts',(-14.6317762742989,9.80155742653863,0.5));
#5263=CARTESIAN_POINT('Ctrl Pts',(-14.6241701301521,10.9256724511522,0.898233047472818));
#5264=CARTESIAN_POINT('Ctrl Pts',(-14.5999113712736,11.9253725269081,2.16313434710683));
#5265=CARTESIAN_POINT('Ctrl Pts',(-14.5826533473739,12.1296128090147,3.06204313041608));
#5266=CARTESIAN_POINT('Ctrl Pts',(-14.5740420363774,12.1281460961671,3.50953722778314));
#5267=CARTESIAN_POINT('Ctrl Pts',(-16.1763502580513,9.12814609616706,-0.241685730674063));
#5268=CARTESIAN_POINT('Ctrl Pts',(-16.1763502580513,9.97405566574518,-0.241685730674063));
#5269=CARTESIAN_POINT('Ctrl Pts',(-16.1700914531511,11.3772258896583,0.253654093801578));
#5270=CARTESIAN_POINT('Ctrl Pts',(-16.1499752423544,12.6311747787769,1.8415671525182));
#5271=CARTESIAN_POINT('Ctrl Pts',(-16.135744627034,12.8828483422613,2.9643464629264));
#5272=CARTESIAN_POINT('Ctrl Pts',(-16.1286151507636,12.880573740562,3.52605593273044));
#5273=CARTESIAN_POINT('Ctrl Pts',(-16.7329761900115,9.12814609616706,-1.79951725980726));
#5274=CARTESIAN_POINT('Ctrl Pts',(-16.7329761900115,10.3249800837632,-1.79951725980726));
#5275=CARTESIAN_POINT('Ctrl Pts',(-16.7255312586343,12.3110994947174,-1.10102146838026));
#5276=CARTESIAN_POINT('Ctrl Pts',(-16.7017089937832,14.0931337557964,1.14312210940935));
#5277=CARTESIAN_POINT('Ctrl Pts',(-16.6847849016397,14.4556190056762,2.73464087231487));
#5278=CARTESIAN_POINT('Ctrl Pts',(-16.6763254550347,14.4549476703978,3.53187583584669));
#5279=CARTESIAN_POINT('Ctrl Pts',(-16.7400807257046,9.12814609616706,-2.46812416415332));
#5280=CARTESIAN_POINT('Ctrl Pts',(-16.7400807257046,10.4745429477055,-2.46812416415332));
#5281=CARTESIAN_POINT('Ctrl Pts',(-16.731728599238,12.7106440750972,-1.6821066588863));
#5282=CARTESIAN_POINT('Ctrl Pts',(-16.7049080556319,14.7177977649732,0.841971114541435));
#5283=CARTESIAN_POINT('Ctrl Pts',(-16.6858632212235,15.1281460961671,2.63427793482103));
#5284=CARTESIAN_POINT('Ctrl Pts',(-16.6763254550347,15.1281460961671,3.53187583584669));
#5285=CARTESIAN_POINT('',(-13.7402500753029,9.12814609616706,0.5));
#5286=CARTESIAN_POINT('',(-16.7400807257046,9.12814609616706,-2.46812416415331));
#5287=CARTESIAN_POINT('Origin',(-13.7402500753029,9.12814609616706,-2.5));
#5288=CARTESIAN_POINT('Origin',(-16.6763254550347,9.12814609616706,3.53187583584669));
#5289=CARTESIAN_POINT('Origin',(-13.6764948046331,9.12814609616706,3.5));
#5290=CARTESIAN_POINT('Origin',(-13.7402500753029,5.97253986999925,-2.5));
#5291=CARTESIAN_POINT('',(-13.7402500753029,-9.37185390383294,0.5));
#5292=CARTESIAN_POINT('',(-16.7400807257046,-9.37185390383294,-2.46812416415332));
#5293=CARTESIAN_POINT('Origin',(-13.7402500753029,-9.37185390383294,-2.5));
#5294=CARTESIAN_POINT('',(-16.7400807257046,5.97253986999925,-2.46812416415331));
#5295=CARTESIAN_POINT('',(-13.7402500753029,5.97253986999925,0.5));
#5296=CARTESIAN_POINT('Ctrl Pts',(-13.7414992639511,-9.49427880850418,0.5));
#5297=CARTESIAN_POINT('Ctrl Pts',(-13.7406665004162,-9.45347617112191,0.5));
#5298=CARTESIAN_POINT('Ctrl Pts',(-13.7402500753029,-9.41266503753639,0.5));
#5299=CARTESIAN_POINT('Ctrl Pts',(-13.7402500753029,-9.37185390383294,0.5));
#5300=CARTESIAN_POINT('Ctrl Pts',(-14.6328411022372,-9.47608692122206,0.5));
#5301=CARTESIAN_POINT('Ctrl Pts',(-14.6321317092755,-9.44137113423551,0.499999968846023));
#5302=CARTESIAN_POINT('Ctrl Pts',(-14.6317762742989,-9.40657694554925,0.5));
#5303=CARTESIAN_POINT('Ctrl Pts',(-14.6317762742989,-9.37185390383294,0.5));
#5304=CARTESIAN_POINT('Ctrl Pts',(-16.1772450936301,-9.44456632819849,-0.241487605346634));
#5305=CARTESIAN_POINT('Ctrl Pts',(-16.1767480055952,-9.42032028294791,-0.241486114024182));
#5306=CARTESIAN_POINT('Ctrl Pts',(-16.1764997902471,-9.39610506513408,-0.241485379079529));
#5307=CARTESIAN_POINT('Ctrl Pts',(-16.1764997902471,-9.37185390383294,-0.241485379079529));
#5308=CARTESIAN_POINT('Ctrl Pts',(-16.7336038027746,-9.43321129639089,-1.79952293219029));
#5309=CARTESIAN_POINT('Ctrl Pts',(-16.7331856838838,-9.41277553205556,-1.79951913884957));
#5310=CARTESIAN_POINT('Ctrl Pts',(-16.7329761900115,-9.39229395371579,-1.79951725980727));
#5311=CARTESIAN_POINT('Ctrl Pts',(-16.7329761900115,-9.37185390383294,-1.79951725980727));
#5312=CARTESIAN_POINT('Ctrl Pts',(-16.7407053905432,-9.43306635616856,-2.46813080026741));
#5313=CARTESIAN_POINT('Ctrl Pts',(-16.7402889617677,-9.41266503747743,-2.46812637634487));
#5314=CARTESIAN_POINT('Ctrl Pts',(-16.7400807257046,-9.39225947068467,-2.46812416415332));
#5315=CARTESIAN_POINT('Ctrl Pts',(-16.7400807257046,-9.37185390383294,-2.46812416415332));
#5316=CARTESIAN_POINT('',(-13.7414992639511,-9.49427880850418,0.5));
#5317=CARTESIAN_POINT('',(-16.7407053905432,-9.43306635616856,-2.4681308002674));
#5318=CARTESIAN_POINT('Origin',(-13.7414992639511,-9.49427880850418,-2.5));
#5319=CARTESIAN_POINT('Origin',(-19.7405887936203,-9.37185390383294,-2.5));
#5320=CARTESIAN_POINT('Origin',(-19.7405887936203,-9.37185390383294,0.5));
#5321=CARTESIAN_POINT('Ctrl Pts',(-19.6896469005075,-12.4330663561686,2.89706737549477));
#5322=CARTESIAN_POINT('Ctrl Pts',(-19.4361626982218,-12.4330663561686,2.89706737549478));
#5323=CARTESIAN_POINT('Ctrl Pts',(-18.9471758080362,-12.416214776372,2.81184574292074));
#5324=CARTESIAN_POINT('Ctrl Pts',(-18.1196333420169,-12.3399967063617,2.52660210766999));
#5325=CARTESIAN_POINT('Ctrl Pts',(-16.8250986030862,-12.112872372861,1.96175712913657));
#5326=CARTESIAN_POINT('Ctrl Pts',(-15.256114793127,-11.5535443789149,1.21215010710603));
#5327=CARTESIAN_POINT('Ctrl Pts',(-14.2796490288289,-10.7654908152689,0.743937470440702));
#5328=CARTESIAN_POINT('Ctrl Pts',(-13.9544915862195,-10.2381114774078,0.591726918573726));
#5329=CARTESIAN_POINT('Ctrl Pts',(-13.8666664910593,-10.0577193336354,0.551416680389989));
#5330=CARTESIAN_POINT('Ctrl Pts',(-13.8005115781635,-9.87255736704787,0.521948917499736));
#5331=CARTESIAN_POINT('Ctrl Pts',(-13.7572234131548,-9.68434502105426,0.504023315249459));
#5332=CARTESIAN_POINT('Ctrl Pts',(-13.7440854748233,-9.5576366645984,0.5));
#5333=CARTESIAN_POINT('Ctrl Pts',(-13.7414992639511,-9.49427880850416,0.5));
#5334=CARTESIAN_POINT('Ctrl Pts',(-19.6896469005075,-12.4098269530523,2.78379490404863));
#5335=CARTESIAN_POINT('Ctrl Pts',(-19.4604668801822,-12.4098785254409,2.78404616139189));
#5336=CARTESIAN_POINT('Ctrl Pts',(-19.0185249830278,-12.3872392374955,2.68379033413368));
#5337=CARTESIAN_POINT('Ctrl Pts',(-18.2731258398906,-12.2825441571251,2.35156687564913));
#5338=CARTESIAN_POINT('Ctrl Pts',(-17.1168700933636,-11.9818352178127,1.70818670007412));
#5339=CARTESIAN_POINT('Ctrl Pts',(-15.7583526795985,-11.2585146735524,0.935718608731516));
#5340=CARTESIAN_POINT('Ctrl Pts',(-15.0085149619295,-10.4479550954923,0.610609056662656));
#5341=CARTESIAN_POINT('Ctrl Pts',(-14.7801976897585,-10.0216771614161,0.537263547845013));
#5342=CARTESIAN_POINT('Ctrl Pts',(-14.7188134904231,-9.88183397929501,0.518642181307524));
#5343=CARTESIAN_POINT('Ctrl Pts',(-14.673621396086,-9.74475929165491,0.506979458458531));
#5344=CARTESIAN_POINT('Ctrl Pts',(-14.6440423430043,-9.60979967475214,0.500637199708452));
#5345=CARTESIAN_POINT('Ctrl Pts',(-14.6347972679371,-9.52056663193146,0.499605290669313));
#5346=CARTESIAN_POINT('Ctrl Pts',(-14.6328411022372,-9.47608692122205,0.500000000000001));
#5347=CARTESIAN_POINT('Ctrl Pts',(-19.6896469005075,-12.3806322356277,2.58321456336785));
#5348=CARTESIAN_POINT('Ctrl Pts',(-19.5029989894933,-12.3807230248875,2.58391598028985));
#5349=CARTESIAN_POINT('Ctrl Pts',(-19.1437450857449,-12.3535393932218,2.45684430123146));
#5350=CARTESIAN_POINT('Ctrl Pts',(-18.5421922715319,-12.2268461482553,2.03253608036853));
#5351=CARTESIAN_POINT('Ctrl Pts',(-17.6296119833269,-11.8685727437751,1.21428712502074));
#5352=CARTESIAN_POINT('Ctrl Pts',(-16.6393115599619,-11.008834938968,0.22970137047861));
#5353=CARTESIAN_POINT('Ctrl Pts',(-16.279977059856,-10.1642741189184,-0.143845966420614));
#5354=CARTESIAN_POINT('Ctrl Pts',(-16.214028614184,-9.82047391421715,-0.212597381557874));
#5355=CARTESIAN_POINT('Ctrl Pts',(-16.197124293547,-9.71462618112011,-0.229298119580594));
#5356=CARTESIAN_POINT('Ctrl Pts',(-16.1870158226518,-9.61851589278541,-0.238272636506752));
#5357=CARTESIAN_POINT('Ctrl Pts',(-16.1804003887994,-9.5293178616522,-0.242453417061159));
#5358=CARTESIAN_POINT('Ctrl Pts',(-16.1780031832801,-9.4727770442692,-0.242297663986159));
#5359=CARTESIAN_POINT('Ctrl Pts',(-16.1771017570037,-9.44456925363478,-0.241679695410163));
#5360=CARTESIAN_POINT('Ctrl Pts',(-19.6896469005074,-12.3718539038329,2.3808586317125));
#5361=CARTESIAN_POINT('Ctrl Pts',(-19.5450343282123,-12.3718928316722,2.3820128564496));
#5362=CARTESIAN_POINT('Ctrl Pts',(-19.2668734688159,-12.350599388038,2.22646152234125));
#5363=CARTESIAN_POINT('Ctrl Pts',(-18.8008436135686,-12.2528723690444,1.70295647724126));
#5364=CARTESIAN_POINT('Ctrl Pts',(-18.0865838704336,-11.9699161094597,0.671911579695772));
#5365=CARTESIAN_POINT('Ctrl Pts',(-17.2840533838268,-11.2871719388241,-0.666680990492514));
#5366=CARTESIAN_POINT('Ctrl Pts',(-16.9035026054852,-10.4825649115904,-1.43031662004759));
#5367=CARTESIAN_POINT('Ctrl Pts',(-16.7994397912969,-10.0301364994916,-1.66308458110922));
#5368=CARTESIAN_POINT('Ctrl Pts',(-16.7716852459422,-9.8797892346978,-1.72424817190975));
#5369=CARTESIAN_POINT('Ctrl Pts',(-16.7518517933421,-9.73025738214122,-1.76799946253515));
#5370=CARTESIAN_POINT('Ctrl Pts',(-16.7388358729378,-9.58146073696645,-1.79421574386448));
#5371=CARTESIAN_POINT('Ctrl Pts',(-16.7346139499266,-9.48260593036498,-1.79971679799476));
#5372=CARTESIAN_POINT('Ctrl Pts',(-16.7336038027746,-9.4332112963909,-1.79952293219028));
#5373=CARTESIAN_POINT('Ctrl Pts',(-19.6896469005074,-12.3718539038329,2.29413475098953));
#5374=CARTESIAN_POINT('Ctrl Pts',(-19.5628904906192,-12.3718539038329,2.29548134510716));
#5375=CARTESIAN_POINT('Ctrl Pts',(-19.3192748955356,-12.3550023240364,2.12764536551471));
#5376=CARTESIAN_POINT('Ctrl Pts',(-18.908487571193,-12.2787842540261,1.56158648448997));
#5377=CARTESIAN_POINT('Ctrl Pts',(-18.2671484239576,-12.0516599205254,0.438837304381317));
#5378=CARTESIAN_POINT('Ctrl Pts',(-17.4905322864021,-11.4923319265793,-1.05195713710908));
#5379=CARTESIAN_POINT('Ctrl Pts',(-17.0072188933312,-10.7042783629333,-1.9831422332882));
#5380=CARTESIAN_POINT('Ctrl Pts',(-16.8462390056771,-10.1768990250722,-2.28581880627981));
#5381=CARTESIAN_POINT('Ctrl Pts',(-16.802749783856,-9.99650688129982,-2.36596817504643));
#5382=CARTESIAN_POINT('Ctrl Pts',(-16.7699816785937,-9.81134491471227,-2.42454893666735));
#5383=CARTESIAN_POINT('Ctrl Pts',(-16.7485256063138,-9.62313256871866,-2.46016815600438));
#5384=CARTESIAN_POINT('Ctrl Pts',(-16.7419986419664,-9.4964242122628,-2.46814453909734));
#5385=CARTESIAN_POINT('Ctrl Pts',(-16.7407053905432,-9.43306635616857,-2.4681308002674));
#5386=CARTESIAN_POINT('',(-19.6896469005075,-12.4330663561686,2.89706737549477));
#5387=CARTESIAN_POINT('Ctrl Pts',(-13.7414992639511,-9.49427880850416,0.5));
#5388=CARTESIAN_POINT('Ctrl Pts',(-13.7440854748233,-9.5576366645984,0.5));
#5389=CARTESIAN_POINT('Ctrl Pts',(-13.7572234131548,-9.68434502105426,0.504023315249459));
#5390=CARTESIAN_POINT('Ctrl Pts',(-13.8005115781635,-9.87255736704787,0.521948917499736));
#5391=CARTESIAN_POINT('Ctrl Pts',(-13.8666664910593,-10.0577193336354,0.551416680389989));
#5392=CARTESIAN_POINT('Ctrl Pts',(-13.9544915862195,-10.2381114774078,0.591726918573726));
#5393=CARTESIAN_POINT('Ctrl Pts',(-14.2796490288289,-10.7654908152689,0.743937470440702));
#5394=CARTESIAN_POINT('Ctrl Pts',(-15.256114793127,-11.5535443789149,1.21215010710603));
#5395=CARTESIAN_POINT('Ctrl Pts',(-16.8250986030862,-12.112872372861,1.96175712913657));
#5396=CARTESIAN_POINT('Ctrl Pts',(-18.1196333420169,-12.3399967063617,2.52660210766999));
#5397=CARTESIAN_POINT('Ctrl Pts',(-18.9471758080362,-12.416214776372,2.81184574292074));
#5398=CARTESIAN_POINT('Ctrl Pts',(-19.4361626982218,-12.4330663561686,2.89706737549478));
#5399=CARTESIAN_POINT('Ctrl Pts',(-19.6896469005075,-12.4330663561686,2.89706737549477));
#5400=CARTESIAN_POINT('Origin',(-19.6896469005075,-15.3718539038329,2.29413475098953));
#5401=CARTESIAN_POINT('Ctrl Pts',(-19.6896469005074,-12.3718539038329,2.29413475098953));
#5402=CARTESIAN_POINT('Ctrl Pts',(-19.5628904906192,-12.3718539038329,2.29548134510716));
#5403=CARTESIAN_POINT('Ctrl Pts',(-19.3192748955356,-12.3550023240364,2.12764536551471));
#5404=CARTESIAN_POINT('Ctrl Pts',(-18.908487571193,-12.2787842540261,1.56158648448997));
#5405=CARTESIAN_POINT('Ctrl Pts',(-18.2671484239576,-12.0516599205254,0.438837304381317));
#5406=CARTESIAN_POINT('Ctrl Pts',(-17.4905322864021,-11.4923319265793,-1.05195713710908));
#5407=CARTESIAN_POINT('Ctrl Pts',(-17.0072188933312,-10.7042783629333,-1.9831422332882));
#5408=CARTESIAN_POINT('Ctrl Pts',(-16.8462390056771,-10.1768990250722,-2.28581880627981));
#5409=CARTESIAN_POINT('Ctrl Pts',(-16.802749783856,-9.99650688129982,-2.36596817504643));
#5410=CARTESIAN_POINT('Ctrl Pts',(-16.7699816785937,-9.81134491471227,-2.42454893666735));
#5411=CARTESIAN_POINT('Ctrl Pts',(-16.7485256063138,-9.62313256871866,-2.46016815600438));
#5412=CARTESIAN_POINT('Ctrl Pts',(-16.7419986419664,-9.4964242122628,-2.46814453909734));
#5413=CARTESIAN_POINT('Ctrl Pts',(-16.7407053905432,-9.43306635616857,-2.4681308002674));
#5414=CARTESIAN_POINT('Origin',(7.79258734863883,-15.3718539038329,2.29413475098952));
#5415=CARTESIAN_POINT('',(-19.8145696976379,-12.4330663561686,2.89706737549476));
#5416=CARTESIAN_POINT('Origin',(-19.8145696976379,-15.3718539038329,2.29413475098952));
#5417=CARTESIAN_POINT('',(7.79258734863883,-12.4330663561686,2.89706737549476));
#5418=CARTESIAN_POINT('Origin',(7.79258734863883,-9.49427880850418,3.5));
#5419=CARTESIAN_POINT('',(16.9949730307311,-9.49427880850418,0.5));
#5420=CARTESIAN_POINT('',(7.79258734863883,-9.49427880850418,0.5));
#5421=CARTESIAN_POINT('',(16.9949730307311,-12.4942788085042,3.5));
#5422=CARTESIAN_POINT('Origin',(16.9949730307311,-9.49427880850418,3.5));
#5423=CARTESIAN_POINT('',(-19.8145696976379,-12.4942788085042,3.5));
#5424=CARTESIAN_POINT('',(7.79258734863883,-12.4942788085042,3.5));
#5425=CARTESIAN_POINT('Origin',(-19.8145696976379,-9.49427880850418,3.5));
#5426=CARTESIAN_POINT('Origin',(-1.40979833345343,-0.18306635616856,0.5));
#5427=CARTESIAN_POINT('',(16.9949730307311,9.12814609616706,0.5));
#5428=CARTESIAN_POINT('',(-10.6121840155457,9.12814609616706,0.5));
#5429=CARTESIAN_POINT('',(16.9949730307311,12.1281460961671,0.5));
#5430=CARTESIAN_POINT('',(-5.38876263319085E-15,5.04145188432738,0.5));
#5431=CARTESIAN_POINT('',(-1.05801270189222,4.43060796608386,0.5));
#5432=CARTESIAN_POINT('',(4.36602540378444,2.52072594216369,0.5));
#5433=CARTESIAN_POINT('',(4.36602540378444,-1.29903810567666,0.5));
#5434=CARTESIAN_POINT('',(3.30801270189222,3.13156986040721,0.5));
#5435=CARTESIAN_POINT('Origin',(-10.6121840155457,9.12814609616706,3.5));
#5436=CARTESIAN_POINT('Origin',(16.9949730307311,9.12814609616706,3.5));
#5437=CARTESIAN_POINT('Origin',(-20.1910910788976,-9.37185390383294,-44.896709844747));
#5438=CARTESIAN_POINT('',(-16.9059931261767,-9.37185390383294,-18.0821179935785));
#5439=CARTESIAN_POINT('Origin',(-19.9058237765783,-9.37185390383294,-18.0502421577319));
#5440=CARTESIAN_POINT('',(-17.1912604284959,-9.37185390383294,-44.9285856805936));
#5441=CARTESIAN_POINT('Ctrl Pts',(-16.9059931261767,-9.37185390383294,-18.0821179935785));
#5442=CARTESIAN_POINT('Ctrl Pts',(-16.9059931261767,-9.37185390383294,-18.0821179935785));
#5443=CARTESIAN_POINT('Ctrl Pts',(-16.9059931261767,-9.37185390383294,-18.0821179935785));
#5444=CARTESIAN_POINT('Ctrl Pts',(-16.9059931261767,-12.3718539038329,-18.0821179935785));
#5445=CARTESIAN_POINT('Ctrl Pts',(-16.9059931261767,-12.3718539038329,-18.0821179935785));
#5446=CARTESIAN_POINT('Ctrl Pts',(-16.9059931261767,-12.3718539038329,-18.0821179935785));
#5447=CARTESIAN_POINT('Ctrl Pts',(-19.9058237765783,-12.3718539038329,-18.0502421577319));
#5448=CARTESIAN_POINT('Ctrl Pts',(-19.9371399068454,-12.3718539038329,-20.9973989908543));
#5449=CARTESIAN_POINT('Ctrl Pts',(-16.9910001537365,-12.3718539038329,-21.0809133859429));
#5450=CARTESIAN_POINT('Origin',(-19.9059931261767,-9.37185390383294,-18.0821179935785));
#5451=CARTESIAN_POINT('Origin',(-16.9910001537365,12.1281460961671,-18.0821179935785));
#5452=CARTESIAN_POINT('',(-16.9059931261767,12.1281460961671,-18.0821179935785));
#5453=CARTESIAN_POINT('Origin',(16.9949730307311,-12.4942788085042,2.5));
#5454=CARTESIAN_POINT('',(16.9949730307311,-12.4942788085042,6.75));
#5455=CARTESIAN_POINT('',(16.9949730307311,-12.4942788085042,2.5));
#5456=CARTESIAN_POINT('',(-19.8145696976379,-12.4942788085042,6.75));
#5457=CARTESIAN_POINT('',(16.9949730307311,-12.4942788085042,6.75));
#5458=CARTESIAN_POINT('',(-19.8145696976379,-12.4942788085042,2.5));
#5459=CARTESIAN_POINT('Origin',(16.9949730307311,12.1281460961671,2.5));
#5460=CARTESIAN_POINT('',(16.9949730307311,12.1281460961671,6.75));
#5461=CARTESIAN_POINT('Origin',(-1.70612698617445,12.1281460961671,-26.0821179935785));
#5462=CARTESIAN_POINT('Origin',(-16.9059931261767,12.1281460961671,-18.0821179935785));
#5463=CARTESIAN_POINT('Origin',(-1.40979833345343,-0.18306635616856,6.75));
#5464=CARTESIAN_POINT('',(-19.8145696976379,-12.4942788085042,6.75));
#5465=CARTESIAN_POINT('Origin',(-19.8145696976379,-12.4942788085042,2.5));
#5466=CARTESIAN_POINT('Ctrl Pts',(2.89096848878153,0.733346347281951,0.500000000000002));
#5467=CARTESIAN_POINT('Ctrl Pts',(3.13013836228477,-0.209499513103737,0.43511751345768));
#5468=CARTESIAN_POINT('Ctrl Pts',(2.61221596547632,-2.33094267556378,0.305352540373038));
#5469=CARTESIAN_POINT('Ctrl Pts',(-0.480986748347322,-3.47382712015174,
0.110705080746075));
#5470=CARTESIAN_POINT('Ctrl Pts',(-3.14728480333711,-1.53348112924064,-0.0839423788808879));
#5471=CARTESIAN_POINT('Ctrl Pts',(-3.06930218777659,0.648876177053318,-0.21370735196553));
#5472=CARTESIAN_POINT('Ctrl Pts',(-2.58294826681761,1.49126587808593,-0.278589838507851));
#5473=CARTESIAN_POINT('Ctrl Pts',(2.57351242584455,0.652817885944255,0.689088325905174));
#5474=CARTESIAN_POINT('Ctrl Pts',(2.78641915372372,-0.186494457574696,0.624205839362853));
#5475=CARTESIAN_POINT('Ctrl Pts',(2.32536960268849,-2.0749828172714,0.494440866278211));
#5476=CARTESIAN_POINT('Ctrl Pts',(-0.4281697909686,-3.0923675901823,0.299793406651248));
#5477=CARTESIAN_POINT('Ctrl Pts',(-2.80168275112315,-1.36509019597175,0.105145947024285));
#5478=CARTESIAN_POINT('Ctrl Pts',(-2.73226337456349,0.577623350431273,-0.0246190260603572));
#5479=CARTESIAN_POINT('Ctrl Pts',(-2.29931577800436,1.3275105842159,-0.0895015126026783));
#5480=CARTESIAN_POINT('Ctrl Pts',(2.25605636290757,0.572289424606559,0.878176651810347));
#5481=CARTESIAN_POINT('Ctrl Pts',(2.44269994516267,-0.163489402045655,0.813294165268026));
#5482=CARTESIAN_POINT('Ctrl Pts',(2.03852323990065,-1.81902295897902,0.683529192183384));
#5483=CARTESIAN_POINT('Ctrl Pts',(-0.375352833589879,-2.71090806021285,
0.48888173255642));
#5484=CARTESIAN_POINT('Ctrl Pts',(-2.45608069890919,-1.19669926270286,0.294234272929457));
#5485=CARTESIAN_POINT('Ctrl Pts',(-2.39522456135038,0.506370523809229,0.164469299844815));
#5486=CARTESIAN_POINT('Ctrl Pts',(-2.0156832891911,1.16375529034587,0.0995868133024941));
#5487=CARTESIAN_POINT('Ctrl Pts',(1.93860029997059,0.491760963268863,1.06726497771552));
#5488=CARTESIAN_POINT('Ctrl Pts',(2.09898073660162,-0.140484346516614,1.0023824911732));
#5489=CARTESIAN_POINT('Ctrl Pts',(1.75167687711282,-1.56306310068663,0.872617518088556));
#5490=CARTESIAN_POINT('Ctrl Pts',(-0.322535876211158,-2.32944853024342,
0.677970058461593));
#5491=CARTESIAN_POINT('Ctrl Pts',(-2.11047864669524,-1.02830832943396,0.48332259883463));
#5492=CARTESIAN_POINT('Ctrl Pts',(-2.05818574813728,0.435117697187185,0.353557625749988));
#5493=CARTESIAN_POINT('Ctrl Pts',(-1.73205080037784,0.999999996475842,0.288675139207667));
#5494=CARTESIAN_POINT('',(-1.90779246987184,-2.29255830026192,0.));
#5495=CARTESIAN_POINT('Ctrl Pts',(2.89096848878153,0.733346347281951,0.500000000000002));
#5496=CARTESIAN_POINT('Ctrl Pts',(3.13013836228477,-0.209499513103737,0.43511751345768));
#5497=CARTESIAN_POINT('Ctrl Pts',(2.61221596547632,-2.33094267556378,0.305352540373038));
#5498=CARTESIAN_POINT('Ctrl Pts',(-0.0363353519941498,-3.30953618574732,
0.138685873706372));
#5499=CARTESIAN_POINT('Ctrl Pts',(-1.47871946402048,-2.64254739065327,0.0369016935820262));
#5500=CARTESIAN_POINT('Ctrl Pts',(-1.90638649183332,-2.28816850412968,1.73255507163184E-15));
#5501=CARTESIAN_POINT('Ctrl Pts',(-2.16506350912141,1.25000000058835,2.77555756156289E-16));
#5502=CARTESIAN_POINT('Ctrl Pts',(-2.21675838501641,1.18346994872688,2.16484495794984E-16));
#5503=CARTESIAN_POINT('Ctrl Pts',(-2.264701211966,1.11427664211814,-4.95030985037391E-16));
#5504=CARTESIAN_POINT('Ctrl Pts',(-2.30893459335645,1.0427773968819,-1.11022302462516E-16));
#5505=CARTESIAN_POINT('Ctrl Pts',(-2.35413445992428,0.969715916099954,2.81376846498336E-16));
#5506=CARTESIAN_POINT('Ctrl Pts',(-2.39546143687111,0.894246086411641,-4.37648018418697E-16));
#5507=CARTESIAN_POINT('Ctrl Pts',(-2.43292676756149,0.816707014349573,-6.93889390390723E-16));
#5508=CARTESIAN_POINT('Ctrl Pts',(-2.45212100137416,0.776982206070801,-8.25166939940583E-16));
#5509=CARTESIAN_POINT('Ctrl Pts',(-2.47030107581627,0.736713657881481,-7.70554953204951E-16));
#5510=CARTESIAN_POINT('Ctrl Pts',(-2.48746457850954,0.695943578622008,-9.99200722162641E-16));
#5511=CARTESIAN_POINT('Ctrl Pts',(-2.49445996694572,0.679326775741467,-1.09239067276488E-15));
#5512=CARTESIAN_POINT('Ctrl Pts',(-2.50128645421868,0.662626637477477,-1.43976761877347E-15));
#5513=CARTESIAN_POINT('Ctrl Pts',(-2.50794374141339,0.645845933189452,-1.49880108324396E-15));
#5514=CARTESIAN_POINT('Ctrl Pts',(-2.51239755275912,0.634619424709115,-1.53829523546345E-15));
#5515=CARTESIAN_POINT('Ctrl Pts',(-2.51677479789536,0.623358849906262,-4.54725038443636E-17));
#5516=CARTESIAN_POINT('Ctrl Pts',(-2.52107245595663,0.612073260982846,-5.55111512312578E-17));
#5517=CARTESIAN_POINT('Ctrl Pts',(-2.5528439309125,0.528641819781517,-1.29724276029975E-16));
#5518=CARTESIAN_POINT('Ctrl Pts',(-2.58031941792516,0.443719335395894,1.27152449593002E-15));
#5519=CARTESIAN_POINT('Ctrl Pts',(-2.60354999799195,0.357701235815772,8.60422844084496E-16));
#5520=CARTESIAN_POINT('Ctrl Pts',(-2.62723678781432,0.269993884565096,4.41247843077143E-16));
#5521=CARTESIAN_POINT('Ctrl Pts',(-2.64651073146157,0.181146760822087,4.45700108831388E-16));
#5522=CARTESIAN_POINT('Ctrl Pts',(-2.66138692090301,0.0915401399479459,
3.05311331771918E-16));
#5523=CARTESIAN_POINT('Ctrl Pts',(-2.67640120298126,0.00110171906212703,
1.63619354287544E-16));
#5524=CARTESIAN_POINT('Ctrl Pts',(-2.68693609118307,-0.0901112332050799,
1.36828702415653E-16));
#5525=CARTESIAN_POINT('Ctrl Pts',(-2.69296163820391,-0.181734955466086,
4.9960036108132E-16));
#5526=CARTESIAN_POINT('Ctrl Pts',(-2.69592949286687,-0.22686378616142,6.78281824363849E-16));
#5527=CARTESIAN_POINT('Ctrl Pts',(-2.69780264842902,-0.272092602830007,
9.07665153678806E-17));
#5528=CARTESIAN_POINT('Ctrl Pts',(-2.69857308785844,-0.317379316132027,
1.38777878078145E-16));
#5529=CARTESIAN_POINT('Ctrl Pts',(-2.69884695614342,-0.333477394748584,
1.55844488459945E-16));
#5530=CARTESIAN_POINT('Ctrl Pts',(-2.6989814581812,-0.349582794298519,7.37657272528949E-17));
#5531=CARTESIAN_POINT('Ctrl Pts',(-2.69897613981094,-0.365693637651468,
8.32667268468867E-17));
#5532=CARTESIAN_POINT('Ctrl Pts',(-2.69897143495556,-0.379945971413729,
9.16717131236539E-17));
#5533=CARTESIAN_POINT('Ctrl Pts',(-2.6988572900127,-0.394194095290188,8.38632138922507E-16));
#5534=CARTESIAN_POINT('Ctrl Pts',(-2.69863386813607,-0.408432856895496,
8.60422844084496E-16));
#5535=CARTESIAN_POINT('Ctrl Pts',(-2.69714420915204,-0.503369393401826,
1.00571174865739E-15));
#5536=CARTESIAN_POINT('Ctrl Pts',(-2.69080030266953,-0.597940861003093,
2.01545236104282E-15));
#5537=CARTESIAN_POINT('Ctrl Pts',(-2.6796251746501,-0.691742415401003,1.67921232474555E-15));
#5538=CARTESIAN_POINT('Ctrl Pts',(-2.66834337823059,-0.786439320770848,
1.33976282304832E-15));
#5539=CARTESIAN_POINT('Ctrl Pts',(-2.65213806082164,-0.88035251908741,-8.424514013712E-16));
#5540=CARTESIAN_POINT('Ctrl Pts',(-2.63098375554012,-0.973086088638879,
-1.41553435639707E-15));
#5541=CARTESIAN_POINT('Ctrl Pts',(-2.6098294502586,-1.06581965819035,-1.98861731142295E-15));
#5542=CARTESIAN_POINT('Ctrl Pts',(-2.58372645925367,-1.15737464958211,-8.58939770004541E-17));
#5543=CARTESIAN_POINT('Ctrl Pts',(-2.55259545132403,-1.24736038401889,-5.55111512312578E-17));
#5544=CARTESIAN_POINT('Ctrl Pts',(-2.53459022032942,-1.29940540416136,-3.67267492061245E-17));
#5545=CARTESIAN_POINT('Ctrl Pts',(-2.51490201614403,-1.35092549705255,-6.66771128173773E-16));
#5546=CARTESIAN_POINT('Ctrl Pts',(-2.49358837268704,-1.40187954947631,-9.43689570931383E-16));
#5547=CARTESIAN_POINT('Ctrl Pts',(-2.48794836637036,-1.41536298688629,-1.01696759913487E-15));
#5548=CARTESIAN_POINT('Ctrl Pts',(-2.48219445551315,-1.42880669802994,2.56855395509924E-16));
#5549=CARTESIAN_POINT('Ctrl Pts',(-2.47633364092981,-1.44219676957085,2.4980018054066E-16));
#5550=CARTESIAN_POINT('Ctrl Pts',(-2.43876021709866,-1.52803992771587,2.04569508508548E-16));
#5551=CARTESIAN_POINT('Ctrl Pts',(-2.39674127086186,-1.6118148840328,1.15388343031533E-16));
#5552=CARTESIAN_POINT('Ctrl Pts',(-2.35064927530403,-1.69333844633264,-9.0205620750794E-17));
#5553=CARTESIAN_POINT('Ctrl Pts',(-2.3036318084667,-1.77649890273084,-2.99927661575889E-16));
#5554=CARTESIAN_POINT('Ctrl Pts',(-2.25237580778496,-1.85731727027312,-2.40671401847722E-16));
#5555=CARTESIAN_POINT('Ctrl Pts',(-2.19722151431305,-1.93559478456867,-4.8919202022546E-16));
#5556=CARTESIAN_POINT('Ctrl Pts',(-2.14083366265233,-2.01562302147673,-7.43270948293843E-16));
#5557=CARTESIAN_POINT('Ctrl Pts',(-2.08037085430005,-2.09299622686504,-2.27025970370615E-16));
#5558=CARTESIAN_POINT('Ctrl Pts',(-2.01614433126559,-2.16748700648529,-4.37150315946155E-16));
#5559=CARTESIAN_POINT('Ctrl Pts',(-1.98069067221703,-2.20860663398716,-5.53140977652064E-16));
#5560=CARTESIAN_POINT('Ctrl Pts',(-1.94408926579661,-2.24884761645397,-4.41839076749069E-16));
#5561=CARTESIAN_POINT('Ctrl Pts',(-1.90638649183335,-2.28816850412966,-3.88578058618805E-16));
#5562=CARTESIAN_POINT('Ctrl Pts',(-1.99825469045438,0.0835355737221238,
0.499999999999999));
#5563=CARTESIAN_POINT('Ctrl Pts',(-1.97335803171984,0.679088616290815,0.440707501494296));
#5564=CARTESIAN_POINT('Ctrl Pts',(-1.35780050345503,1.84001788655435,0.322122504482889));
#5565=CARTESIAN_POINT('Ctrl Pts',(0.586996790776452,2.21122195535171,0.144245008965779));
#5566=CARTESIAN_POINT('Ctrl Pts',(2.08982571406915,0.926957449546533,-0.033632486551333));
#5567=CARTESIAN_POINT('Ctrl Pts',(2.0331151755771,-1.04905216793513,-0.211509982068443));
#5568=CARTESIAN_POINT('Ctrl Pts',(0.452598460838153,-2.24152685981445,-0.389387477585553));
#5569=CARTESIAN_POINT('Ctrl Pts',(-0.821132031087827,-1.91860508121149,
-0.50797247459696));
#5570=CARTESIAN_POINT('Ctrl Pts',(-1.27931075122467,-1.53732364900855,-0.567264973102664));
#5571=CARTESIAN_POINT('Ctrl Pts',(-2.32547947170197,0.0972149660279161,
0.689088324367554));
#5572=CARTESIAN_POINT('Ctrl Pts',(-2.29650585333504,0.79029297125868,0.62979582586185));
#5573=CARTESIAN_POINT('Ctrl Pts',(-1.58014752200246,2.14133055370114,0.511210828850443));
#5574=CARTESIAN_POINT('Ctrl Pts',(0.683120621923917,2.57332125334725,0.333333333333333));
#5575=CARTESIAN_POINT('Ctrl Pts',(2.43204573506976,1.07875163779624,0.155455837816222));
#5576=CARTESIAN_POINT('Ctrl Pts',(2.3660485457613,-1.22084001250255,-0.0224216577008884));
#5577=CARTESIAN_POINT('Ctrl Pts',(0.526713854160254,-2.6085887463033,-0.200299153217998));
#5578=CARTESIAN_POINT('Ctrl Pts',(-0.955596746987984,-2.23278681740308,
-0.318884150229406));
#5579=CARTESIAN_POINT('Ctrl Pts',(-1.4888046574404,-1.78906853275967,-0.378176648735109));
#5580=CARTESIAN_POINT('Ctrl Pts',(-2.65270425294956,0.110894358333708,0.878176648735108));
#5581=CARTESIAN_POINT('Ctrl Pts',(-2.61965367495025,0.901497326226546,0.818884150229405));
#5582=CARTESIAN_POINT('Ctrl Pts',(-1.80249454054989,2.44264322084794,0.700299153217998));
#5583=CARTESIAN_POINT('Ctrl Pts',(0.779244453071379,2.93542055134279,0.522421657700888));
#5584=CARTESIAN_POINT('Ctrl Pts',(2.77426575607037,1.23054582604594,0.344544162183777));
#5585=CARTESIAN_POINT('Ctrl Pts',(2.69898191594551,-1.39262785706996,0.166666666666666));
#5586=CARTESIAN_POINT('Ctrl Pts',(0.600829247482356,-2.97565063279215,-0.0112108288504433));
#5587=CARTESIAN_POINT('Ctrl Pts',(-1.09006146288814,-2.54696855359467,-0.129795825861851));
#5588=CARTESIAN_POINT('Ctrl Pts',(-1.69829856365613,-2.04081341651079,-0.189088324367554));
#5589=CARTESIAN_POINT('Ctrl Pts',(-2.97992903419715,0.124573750639501,1.06726497310266));
#5590=CARTESIAN_POINT('Ctrl Pts',(-2.94280149656546,1.01270168119441,1.00797247459696));
#5591=CARTESIAN_POINT('Ctrl Pts',(-2.02484155909731,2.74395588799473,0.889387477585553));
#5592=CARTESIAN_POINT('Ctrl Pts',(0.875368284218843,3.29751984933833,0.711509982068442));
#5593=CARTESIAN_POINT('Ctrl Pts',(3.11648577707098,1.38234001429565,0.533632486551331));
#5594=CARTESIAN_POINT('Ctrl Pts',(3.03191528612971,-1.56441570163738,0.355754991034221));
#5595=CARTESIAN_POINT('Ctrl Pts',(0.674944640804457,-3.342712519281,0.177877495517111));
#5596=CARTESIAN_POINT('Ctrl Pts',(-1.2245261787883,-2.86115028978626,0.0592924985057039));
#5597=CARTESIAN_POINT('Ctrl Pts',(-1.90779246987185,-2.29255830026191,5.55111512312578E-16));
#5598=CARTESIAN_POINT('Ctrl Pts',(-1.90779246987185,-2.29255830026191,4.44089209850063E-16));
#5599=CARTESIAN_POINT('Ctrl Pts',(-1.82688243703517,-2.34545554232084,3.89354900820342E-16));
#5600=CARTESIAN_POINT('Ctrl Pts',(-1.74345718460308,-2.39399659154034,-1.04498109100042E-15));
#5601=CARTESIAN_POINT('Ctrl Pts',(-1.65788995440714,-2.43817400595392,-6.66133814775094E-16));
#5602=CARTESIAN_POINT('Ctrl Pts',(-1.5706096863901,-2.48323584284508,-2.79702096338513E-16));
#5603=CARTESIAN_POINT('Ctrl Pts',(-1.48109986029435,-2.52375775026263,1.18274956660787E-15));
#5604=CARTESIAN_POINT('Ctrl Pts',(-1.38974188167379,-2.55968027906623,1.4432899320127E-15));
#5605=CARTESIAN_POINT('Ctrl Pts',(-1.29906123893561,-2.5953364751629,1.70189862882154E-15));
#5606=CARTESIAN_POINT('Ctrl Pts',(-1.20655877242052,-2.62646118176525,6.83519273384091E-16));
#5607=CARTESIAN_POINT('Ctrl Pts',(-1.11260774556919,-2.65294547159065,6.66133814775094E-16));
#5608=CARTESIAN_POINT('Ctrl Pts',(-1.04544784942062,-2.67187748557553,6.53706003884604E-16));
#5609=CARTESIAN_POINT('Ctrl Pts',(-0.977547720412401,-2.6884372140131,1.46845703682715E-15));
#5610=CARTESIAN_POINT('Ctrl Pts',(-0.909047897777845,-2.70256900326227,
1.60982338570648E-15));
#5611=CARTESIAN_POINT('Ctrl Pts',(-0.895538204037597,-2.70535610748262,
1.63770398459102E-15));
#5612=CARTESIAN_POINT('Ctrl Pts',(-0.882005200869919,-2.7080487318075,7.35125695137342E-16));
#5613=CARTESIAN_POINT('Ctrl Pts',(-0.868449993068307,-2.7106463885553,7.21644966006352E-16));
#5614=CARTESIAN_POINT('Ctrl Pts',(-0.853837776324,-2.71344660556278,7.07113035635657E-16));
#5615=CARTESIAN_POINT('Ctrl Pts',(-0.839208939183626,-2.71613469171479,
3.57037164291501E-16));
#5616=CARTESIAN_POINT('Ctrl Pts',(-0.82456793020248,-2.71870995427682,3.88578058618805E-16));
#5617=CARTESIAN_POINT('Ctrl Pts',(-0.730967176918663,-2.73517374553744,
5.90220682572017E-16));
#5618=CARTESIAN_POINT('Ctrl Pts',(-0.636827591099168,-2.74703845479013,
-6.80300219464841E-16));
#5619=CARTESIAN_POINT('Ctrl Pts',(-0.542500341264726,-2.75424864039428,
-6.10622663543836E-16));
#5620=CARTESIAN_POINT('Ctrl Pts',(-0.449902490801415,-2.76132663418248,
-5.4222257857214E-16));
#5621=CARTESIAN_POINT('Ctrl Pts',(-0.357122945696153,-2.76391902069556,
1.06241898251527E-15));
#5622=CARTESIAN_POINT('Ctrl Pts',(-0.264503335609155,-2.76192491566895,
9.99200722162641E-16));
#5623=CARTESIAN_POINT('Ctrl Pts',(-0.173595594842601,-2.75996766727792,
9.37150911993379E-16));
#5624=CARTESIAN_POINT('Ctrl Pts',(-0.0828412229689085,-2.75359172349835,
1.99840144432528E-15));
#5625=CARTESIAN_POINT('Ctrl Pts',(0.00741620758931668,-2.74265730896904,
1.99840144432528E-15));
#5626=CARTESIAN_POINT('Ctrl Pts',(0.0519931554828126,-2.73725694665311,
1.99840144432528E-15));
#5627=CARTESIAN_POINT('Ctrl Pts',(0.0964485030833452,-2.73074399129621,
8.76638891126638E-17));
#5628=CARTESIAN_POINT('Ctrl Pts',(0.140738171530879,-2.72309769544456,5.55111512312578E-17));
#5629=CARTESIAN_POINT('Ctrl Pts',(0.160873544881992,-2.71962146662817,4.08935800415002E-17));
#5630=CARTESIAN_POINT('Ctrl Pts',(0.180974646765149,-2.71591095522916,1.58013144422728E-15));
#5631=CARTESIAN_POINT('Ctrl Pts',(0.201037188532497,-2.71196403669699,1.60982338570648E-15));
#5632=CARTESIAN_POINT('Ctrl Pts',(0.215164451484361,-2.70918476991214,1.63073129805837E-15));
#5633=CARTESIAN_POINT('Ctrl Pts',(0.229263260872085,-2.70629010092056,-6.65787386133836E-16));
#5634=CARTESIAN_POINT('Ctrl Pts',(0.24332969589451,-2.70328029552879,-6.10622663543836E-16));
#5635=CARTESIAN_POINT('Ctrl Pts',(0.330540474293802,-2.68461974147737,-2.68605770878077E-16));
#5636=CARTESIAN_POINT('Ctrl Pts',(0.416541904653028,-2.66153072716332,-1.56221664815053E-16));
#5637=CARTESIAN_POINT('Ctrl Pts',(0.501023288261295,-2.63392446552659,-5.55111512312578E-17));
#5638=CARTESIAN_POINT('Ctrl Pts',(0.511257647508119,-2.63058015004565,-4.33107405380801E-17));
#5639=CARTESIAN_POINT('Ctrl Pts',(0.521469671174338,-2.6271694842279,1.54333043000596E-16));
#5640=CARTESIAN_POINT('Ctrl Pts',(0.531658782248523,-2.62369226368218,1.66533453693773E-16));
#5641=CARTESIAN_POINT('Ctrl Pts',(0.617465872042278,-2.59440902460211,3.2580703266522E-16));
#5642=CARTESIAN_POINT('Ctrl Pts',(0.701650843357551,-2.56040889979928,2.91080632952843E-16));
#5643=CARTESIAN_POINT('Ctrl Pts',(0.783917853305964,-2.52195156448861,1.11022302462516E-16));
#5644=CARTESIAN_POINT('Ctrl Pts',(0.862861805126807,-2.48504765819826,-6.17628294644061E-17));
#5645=CARTESIAN_POINT('Ctrl Pts',(0.940039948861576,-2.44403842821383,1.67191045555409E-16));
#5646=CARTESIAN_POINT('Ctrl Pts',(1.01515557180061,-2.39912564787133,-1.11022302462516E-16));
#5647=CARTESIAN_POINT('Ctrl Pts',(1.04377044212883,-2.38201637904954,-2.17006098717165E-16));
#5648=CARTESIAN_POINT('Ctrl Pts',(1.07208560108854,-2.36434040734927,-2.03822829428618E-16));
#5649=CARTESIAN_POINT('Ctrl Pts',(1.10008306999565,-2.34610817545849,-2.22044604925031E-16));
#5650=CARTESIAN_POINT('Ctrl Pts',(1.11223191655402,-2.33819672502014,-2.29951518055699E-16));
#5651=CARTESIAN_POINT('Ctrl Pts',(1.12432093267132,-2.33018053106351,1.75248588437404E-16));
#5652=CARTESIAN_POINT('Ctrl Pts',(1.13634859354431,-2.3220604300991,2.22044604925031E-16));
#5653=CARTESIAN_POINT('Ctrl Pts',(1.14609489023792,-2.31548052116943,2.59964518496216E-16));
#5654=CARTESIAN_POINT('Ctrl Pts',(1.15579914093151,-2.30883352686739,-7.59233740508486E-16));
#5655=CARTESIAN_POINT('Ctrl Pts',(1.1654539109041,-2.30212471567814,-6.66133814775094E-16));
#5656=CARTESIAN_POINT('Ctrl Pts',(1.2378122231953,-2.25184508638479,3.16097378553508E-17));
#5657=CARTESIAN_POINT('Ctrl Pts',(1.30750895367474,-2.19801914474574,1.98810072120172E-16));
#5658=CARTESIAN_POINT('Ctrl Pts',(1.37428170513567,-2.14089973772167,3.33066907387547E-16));
#5659=CARTESIAN_POINT('Ctrl Pts',(1.4405696995858,-2.08419500633104,4.6634906450071E-16));
#5660=CARTESIAN_POINT('Ctrl Pts',(1.50397655128475,-2.02424360244671,1.23320963147831E-15));
#5661=CARTESIAN_POINT('Ctrl Pts',(1.56420248978459,-1.96126590716358,1.49880108324396E-15));
#5662=CARTESIAN_POINT('Ctrl Pts',(1.58350013092803,-1.94108654601311,1.58390209876324E-15));
#5663=CARTESIAN_POINT('Ctrl Pts',(1.6024708241712,-1.92059632094559,1.57495823299308E-15));
#5664=CARTESIAN_POINT('Ctrl Pts',(1.62110362799463,-1.89980210618464,1.72084568816899E-15));
#5665=CARTESIAN_POINT('Origin',(-0.625000000000004,3.68060796608386,1.));
#5666=CARTESIAN_POINT('',(-4.57966997657877E-15,4.04145188432738,0.));
#5667=CARTESIAN_POINT('Origin',(-4.57966997657877E-15,4.04145188432738,
1.));
#5668=CARTESIAN_POINT('',(-0.625000000000004,3.68060796608386,0.));
#5669=CARTESIAN_POINT('Origin',(2.875,2.38156986040721,1.));
#5670=CARTESIAN_POINT('',(3.5,2.02072594216369,0.));
#5671=CARTESIAN_POINT('Origin',(3.5,2.02072594216369,1.));
#5672=CARTESIAN_POINT('',(2.875,2.38156986040721,0.));
#5673=CARTESIAN_POINT('Origin',(3.5,-1.29903810567666,1.));
#5674=CARTESIAN_POINT('',(3.5,-1.29903810567666,0.));
#5675=CARTESIAN_POINT('Origin',(-8.32667268468867E-16,-1.11022302462516E-15,
0.));
#5676=UNCERTAINTY_MEASURE_WITH_UNIT(LENGTH_MEASURE(0.01),#5680,
'DISTANCE_ACCURACY_VALUE',
'Maximum model space distance between geometric entities at asserted c
onnectivities');
#5677=UNCERTAINTY_MEASURE_WITH_UNIT(LENGTH_MEASURE(0.01),#5680,
'DISTANCE_ACCURACY_VALUE',
'Maximum model space distance between geometric entities at asserted c
onnectivities');
#5678=(
GEOMETRIC_REPRESENTATION_CONTEXT(3)
GLOBAL_UNCERTAINTY_ASSIGNED_CONTEXT((#5676))
GLOBAL_UNIT_ASSIGNED_CONTEXT((#5680,#5682,#5683))
REPRESENTATION_CONTEXT('','3D')
);
#5679=(
GEOMETRIC_REPRESENTATION_CONTEXT(3)
GLOBAL_UNCERTAINTY_ASSIGNED_CONTEXT((#5677))
GLOBAL_UNIT_ASSIGNED_CONTEXT((#5680,#5682,#5683))
REPRESENTATION_CONTEXT('','3D')
);
#5680=(
LENGTH_UNIT()
NAMED_UNIT(*)
SI_UNIT(.MILLI.,.METRE.)
);
#5681=(
LENGTH_UNIT()
NAMED_UNIT(*)
SI_UNIT(.CENTI.,.METRE.)
);
#5682=(
NAMED_UNIT(*)
PLANE_ANGLE_UNIT()
SI_UNIT($,.RADIAN.)
);
#5683=(
NAMED_UNIT(*)
SI_UNIT($,.STERADIAN.)
SOLID_ANGLE_UNIT()
);
#5684=SHAPE_DEFINITION_REPRESENTATION(#5685,#5686);
#5685=PRODUCT_DEFINITION_SHAPE('',$,#5688);
#5686=SHAPE_REPRESENTATION('',(#2182),#5678);
#5687=PRODUCT_DEFINITION_CONTEXT('part definition',#5692,'design');
#5688=PRODUCT_DEFINITION('htn_thread','htn_thread',#5689,#5687);
#5689=PRODUCT_DEFINITION_FORMATION('',$,#5694);
#5690=PRODUCT_RELATED_PRODUCT_CATEGORY('htn_thread','htn_thread',(#5694));
#5691=APPLICATION_PROTOCOL_DEFINITION('international standard',
'automotive_design',2009,#5692);
#5692=APPLICATION_CONTEXT(
'Core Data for Automotive Mechanical Design Process');
#5693=PRODUCT_CONTEXT('part definition',#5692,'mechanical');
#5694=PRODUCT('htn_thread','htn_thread',$,(#5693));
#5695=PRESENTATION_STYLE_ASSIGNMENT((#5696));
#5696=SURFACE_STYLE_USAGE(.BOTH.,#5699);
#5697=SURFACE_STYLE_RENDERING_WITH_PROPERTIES($,#5703,(#5698));
#5698=SURFACE_STYLE_TRANSPARENT(0.);
#5699=SURFACE_SIDE_STYLE('',(#5700,#5697));
#5700=SURFACE_STYLE_FILL_AREA(#5701);
#5701=FILL_AREA_STYLE('',(#5702));
#5702=FILL_AREA_STYLE_COLOUR('',#5703);
#5703=COLOUR_RGB('',0.749019607843137,0.749019607843137,0.749019607843137);
ENDSEC;
END-ISO-10303-21;
